"X","Plot_ID","Latitude","Longitude","Elevation","Category7","Category10","AcousticDiversity","AcousticEveness","BioAcoustic","SoundscapeSaturation","EntropyOfVarianceSpectrum","AcousticComplexity","TemporalEntropy","EventsPerSecond","Color","TD_q0_est_Axis1","TD_q1_est_Axis1","TD_q2_est_Axis1","FD_q0_est_Axis1","FD_q1_est_Axis1","FD_q2_est_Axis1","PD_q0_est_Axis1","PD_q1_est_Axis1","PD_q2_est_Axis1"
16,"CAZ01",0.412866,-79.259515,150,"CA_M","A_Caca",5.221409594,0.417751686,456.9790638,0.810969761,0.456330034,0.459254328,0.063778547,1.811945064,"orange",-0.384908296858388,-0.393457778386904,-0.406644661834068,-0.0617299587325622,-0.0701038974948087,-0.0920882860253678,-0.291645027250777,-0.194498847832248,-0.26233630855609
17,"CAZ05",0.426547,-79.24618,160,"CA_M","A_Caca",5.214712139,0.417980454,421.2068614,0.815080915,0.505584578,0.464182908,0.044938417,1.020377604,"orange",-0.34659449662859,-0.398409272282571,-0.439424333298112,-0.0111563211981872,-0.0273710014737165,-0.0667613258260017,-0.360765869685464,-0.233404361564522,-0.28658419263722
19,"CAZ12",0.421661,-79.235676,167,"CA_M","A_Caca",5.2232677,0.419996457,415.2054911,0.798877534,0.430856086,0.474372638,0.048537789,0.983330233,"orange",-0.400181558068861,-0.480010140760548,-0.489575685807554,-0.106634064261702,-0.116270414654958,-0.138361536856334,-0.379084559464995,-0.270802883440788,-0.393922860700982
20,"CAZ14",0.41128,-79.265714,148,"CA_M","A_Caca",5.152284256,0.456807667,433.6275372,0.756431943,0.473238558,0.454130112,0.072700002,1.595079985,"orange",-0.30397720504431,-0.39205989615548,-0.418419286325464,-0.0903845342837259,-0.0982282101020659,-0.119599708903971,-0.336885431723882,-0.237059173259875,-0.350116181172704
29,"OGZ09",0.395029,-79.25339,170,"OG_M","A_Old",5.212150501,0.431237732,244.5543288,0.633533296,0.479267394,0.431166862,0.028804686,0.752759177,"sienna",-0.120268563269806,-0.084961475904232,-0.110621884502721,0.000842389125989084,-0.00891818284375989,-0.00884982413808291,-0.0800551346865148,-0.08008327940679,-0.0922354813289353
30,"OGZ10",0.433639,-79.235779,165,"OG_M","A_Old",5.198501186,0.43580552,357.0446583,0.776749384,0.453501523,0.43775491,0.041873139,0.755719866,"sienna",0.0895486351646097,0.0632321010813973,0.0732274446700245,-0.00531784922163713,-0.000795554192399629,0.00192627226794857,0.0636570861274119,0.076150415340514,-0.00174656911358212
31,"OGZ13",0.423632,-79.261471,145,"OG_M","A_Old",5.190047633,0.441057923,355.3624656,0.786311558,0.558957198,0.438024092,0.03832922,1.030555556,"sienna",-0.0977831529335128,-0.0660439578965217,-0.065815145401464,-0.02272797068825,-0.0154857066114203,-0.0191124831312062,-0.100586783020512,0.00394169411116607,-0.0708127948067902
32,"OGZ20",0.461047,-79.1438,172,"OG_M","A_Old",5.230548264,0.408346123,435.4315596,0.840923491,0.454080344,0.438438312,0.041551097,0.870588418,"sienna",-0.0660536121025833,-0.0262265311931613,-0.0253040220975109,-0.00518250589948328,-0.011267821804766,-0.0157578815214284,-0.0491469354303358,0.0504773055229245,-0.0263046786665486
35,"OGZ23",0.456369,-79.114619,180,"OG_M","A_Old",5.195745957,0.437608535,443.0342141,0.825717018,0.518638889,0.443775579,0.046701625,1.246906002,"sienna",-0.0421493014532423,0.0695242554798219,0.128514551530884,0.00720777050665546,0.036102587289458,0.0703034151749124,-0.0251968666909087,0.0339343613619848,0.037708535383739
36,"OGZ25",0.456803,-79.13897,180,"OG_M","A_Old",5.21139803,0.430826978,492.1381646,0.823181152,0.504139397,0.437774181,0.043775956,1.139037698,"sienna",-0.122511866602001,-0.090585277819282,-0.0840950112440888,-0.0127470843336786,-0.0078387000649614,-0.00904858083768632,-0.0780550920696806,0.0216205473912069,-0.0624564629097353
74,"PAZ11",0.427912,-79.236187,166,"PA_M","A_Past",5.221044186,0.430392916,370.1661,0.788941883,0.426864529,0.463887666,0.048612294,1.025868056,"orange",-0.235208304799675,-0.300067900542159,-0.33633182798526,-0.0574364353704988,-0.0804835490912875,-0.100857716243227,-0.207445458033016,-0.166924062122037,-0.273731732057536
75,"PAZ15",0.405708,-79.265578,160,"PA_M","A_Past",5.085258599,0.452394,297.627718,0.498187837,0.296238742,0.461997954,0.121789567,1.300034102,"orange",-0.270225507045771,-0.350551819474414,-0.413611933974983,-0.0715616707097542,-0.0889137520263707,-0.115603506926289,-0.238334769000613,-0.18066474173406,-0.269912421977612
76,"PAZ18",0.417119,-79.216108,173,"PA_M","A_Past",5.198061601,0.437769643,427.0157712,0.759046282,0.423620795,0.476169627,0.050998291,1.008878968,"orange",-0.333679789250544,-0.448677686199949,-0.493816416551463,-0.116134425577851,-0.126403038585116,-0.15821496865291,-0.333840231678076,-0.246823292249185,-0.360087869145223
25,"CA62",0.511048995,-79.212168,372,"Cacao","F_Caca",5.150530162,0.461055468,150.3710391,0.594220843,0.496989101,0.442722132,0.109876027,1.432955109,"yellow",-0.17154365685955,-0.194287223610657,-0.221852163662538,-0.0440266608818407,-0.0468653229314802,-0.0631294438337937,-0.159207147999018,-0.0676118147197728,-0.145079667040505
26,"CA63",0.544072017,-79.14537496,240,"Cacao","F_Caca",5.168242985,0.445852399,135.8824312,0.569241478,0.438832349,0.439515553,0.102534624,0.962441096,"yellow",-0.0305009756122574,0.0208301731800631,0.0215893187891876,0.0222891315481781,0.0122360922376352,0.00898500407658538,0.00990239791514983,0.0665317127469091,-0.0211937098153312
27,"CA64",0.543443961,-79.15454602,256,"Cacao","F_Caca",5.186983454,0.446029293,196.9388703,0.62528919,0.401341359,0.46271404,0.123657123,0.979123264,"yellow",-0.161481666581262,-0.212420644075122,-0.263103485403025,-0.0436196925148516,-0.046091368546516,-0.0713012355755945,-0.154670536116084,-0.0943501353236505,-0.19375030392741
22,"CA59",0.557309976,-79.179868,350,"Cacao","F_Caca",5.099873868,0.488441302,406.7010513,0.716965448,0.447732428,0.47005889,0.070080333,1.265051463,"yellow",-0.175564827533907,-0.277927571863144,-0.341336880917716,-0.0488002744355193,-0.0748976460587011,-0.10062289106806,-0.174610266995669,-0.131723439084427,-0.232194871874901
4,"CR05",0.51179071,-79.20359239,377,"C_Reg_I","F_CReg1",5.198613161,0.42464034,172.0798396,0.651794434,0.462477192,0.451602855,0.07840845,0.840085565,"greenyellow",-0.01294028615715,-0.0389647170921536,-0.0872437893013003,-0.00696285037521944,-0.011478088346157,-0.0264149575662622,-0.00542806700729138,0.0554125695757276,-0.0634767155960327
1,"CR01",0.496584764,-79.17814275,560,"C_Reg_I","F_CReg1",5.25537881,0.38091875,190.9141566,0.727523077,0.441482614,0.458099271,0.079964851,0.81063058,"greenyellow",-0.125871160392967,-0.0804949717985127,-0.0467127230932594,-0.0234691120142332,-0.00801356004371242,-0.0093251869280737,-0.0604497132255846,0.0580458468804662,-0.00333193670430162
6,"CR12",0.479973005,-79.21434,400,"C_Reg_I","F_CReg1",5.267075011,0.382323549,166.1457609,0.732981364,0.505381573,0.457729766,0.091075129,1.14078621,"greenyellow",0.0566905641889355,0.0760172193014058,0.144311907196669,0.0448775648141569,0.035475972125051,0.0497732921869817,0.0737179024891093,0.0284207101770383,0.0936979417795662
2,"CR02",0.501487004,-79.22595296,400,"C_Reg_I","F_CReg1",5.168658456,0.457600148,423.6098771,0.728173405,0.510436138,0.438352915,0.054426089,0.916830446,"greenyellow",0.150386677521185,0.130162961899775,0.143513277561285,0.0252432898369792,0.0478092269295927,0.0685629664738495,0.095090910675254,0.210296247605667,0.0633684641929262
3,"CR03",0.508255139,-79.23685488,250,"C_Reg_I","F_CReg1",5.193745698,0.435346451,448.8283127,0.762208484,0.503033538,0.445681367,0.072946726,1.636154514,"greenyellow",-0.0153744253464599,-0.0250887178912763,-0.0281419082550138,-0.00835230646016925,-0.00927100552680305,-0.0170267673706377,-0.0189983327720114,0.0645402403585119,-0.0368451174250526
9,"CR18",0.541664,-79.144756,270,"C_Reg_I","F_CReg1",5.241398949,0.408637021,371.7547636,0.779679071,0.437509449,0.442653085,0.046292898,0.663178943,"greenyellow",-0.0084567858901472,0.0678940583480408,0.064390005252005,0.0333974036455426,0.0239744817457197,0.028340764019339,0.012548319638715,0.0940418346720774,0.0244330717830885
11,"CR07",0.458986899,-79.2087108,168,"C_Reg_II","F_CReg2",5.229147122,0.408393671,218.0198311,0.68485805,0.50244404,0.449163787,0.068113753,0.870659722,"chartreuse3",-0.00264096935066763,0.00766703685051107,-0.000269372694867506,0.00642888493879752,9.99820879474233e-05,-0.00756496931161483,0.0203365043296173,0.0960345888597705,-0.0178213579566114
15,"CR14",0.498159975,-79.13848336,529,"C_Reg_II","F_CReg2",5.29606556,0.376115361,322.8952596,0.879183815,0.494570865,0.436408959,0.041451273,0.661647445,"chartreuse3",0.202700655990616,0.314598236747912,0.392641417078255,0.0830893767753709,0.144017638979637,0.254704149019278,0.258859559959346,-0.0151138844215098,0.379276996093942
10,"CR04",0.51173321,-79.18950979,560,"C_Reg_II","F_CReg2",5.259735733,0.399676757,537.4899159,0.903257824,0.432101403,0.445422186,0.067278069,0.641539559,"chartreuse3",0.110208662790159,0.218655516833769,0.244128044426987,0.0266413652048334,0.0523762180253548,0.0683866701201723,0.0628021228190806,0.072625310366654,0.146301626700932
13,"CR10",0.477182753,-79.19957402,347,"C_Reg_II","F_CReg2",5.247679959,0.402666681,185.6141253,0.741399856,0.464739257,0.440921869,0.06299778,0.545771329,"chartreuse3",0.0826332980279063,0.0972443819312348,0.101775748632688,0.00785679517989355,0.0176914988938267,0.0148342494335005,0.0695856796128373,0.121208843526274,0.0952261800024596
43,"OG42",0.538493693,-79.17462629,374,"Oldgrowth","F_Old",5.227881122,0.414358335,149.3915319,0.619945708,0.519090491,0.438306554,0.072025721,0.835193452,"darkgreen",0.23073001491625,0.259038100870475,0.260713564009993,0.0401107493071631,0.0446808154174716,0.0515662737749424,0.225755578267008,0.0939973362138299,0.156346638890751
39,"OG38",0.513161989,-79.19323403,535,"Oldgrowth","F_Old",5.304938353,0.362065888,154.276822,0.77902803,0.4837593,0.446315893,0.092894711,1.177083333,"darkgreen",0.222829004945611,0.258645212138012,0.292006500380119,0.0262096151799937,0.038590940398844,0.0440101474443009,0.169824235730123,0.0949268778057366,0.230834652569652
51,"OG50",0.534413969,-79.14397401,316,"Oldgrowth","F_Old",5.221015377,0.418963257,103.1703273,0.570337205,0.500531417,0.424685867,0.054742724,0.544546751,"darkgreen",0.299689877304115,0.351640144159446,0.370297832517067,0.0605762609851221,0.0577873594765453,0.0736189132848481,0.303901286725901,0.0722704505703088,0.217302983317958
41,"OG40",0.527762929,-79.1723843,531,"Oldgrowth","F_Old",5.156335586,0.458524232,166.4813854,0.577218192,0.501852987,0.446479064,0.169636285,0.866356647,"darkgreen",0.395375690693703,0.35963795444093,0.379663103121358,0.0765910991614472,0.0551752924882718,0.0738690850433036,0.369290628759923,0.0248060478190319,0.278298838548533
49,"OG48",0.531208981,-79.14474397,299,"Oldgrowth","F_Old",5.275542023,0.390609265,146.1718517,0.713017055,0.565418614,0.43219107,0.048228408,0.681358507,"darkgreen",0.28496037332382,0.315587738423467,0.323826485251489,0.0692378417214196,0.0487804138800381,0.0567871144630704,0.269121712670168,0.0891424915034859,0.205365038755057
44,"OG43",0.464510573,-79.2100058,238,"Oldgrowth","F_Old",5.209086863,0.425945834,148.0904716,0.674185617,0.509635985,0.43941041,0.057023259,0.710503472,"darkgreen",0.180892034888562,0.222967044815195,0.250121018381156,0.0279556596635371,0.0315386927320538,0.038167208701668,0.117601926749639,0.113133187461703,0.0818889053390096
37,"OG11_old",0.488081,-79.218927,514,"Oldgrowth","F_Old",5.259063104,0.396016643,157.421359,0.729945592,0.387105439,0.462085818,0.119718325,0.958736359,"darkgreen",0.352904225895021,0.368696712639418,0.357799178944954,0.0580354405325112,0.0720318679642119,0.0822427606920368,0.247892523316284,0.0541036002693782,0.287315848414583
47,"OG46",0.478052963,-79.19470296,260,"Oldgrowth","F_Old",5.216489097,0.413901647,75.0630893,0.633507138,0.414911958,0.433836835,0.047714872,0.425914559,"darkgreen",0.44613589906223,0.408728643323768,0.415554871463865,0.0951549871188876,0.105613740591855,0.168842791669888,0.384334351958167,-0.0798045555482002,0.368867304970104
45,"OG44",0.474365344,-79.19811012,339,"Oldgrowth","F_Old",5.243415204,0.406287283,356.2961888,0.848234631,0.513064355,0.435052334,0.043621987,0.869391741,"darkgreen",0.183612359904484,0.232168742756104,0.272247711724058,0.0119702051966504,0.0288243277518197,0.0424912528688743,0.0860278880027161,0.159683150397105,0.113641878521216
50,"OG49",0.531383995,-79.14797897,310,"Oldgrowth","F_Old",5.245368854,0.407784749,340.3765362,0.822896322,0.469989514,0.427736499,0.042618525,0.620588418,"darkgreen",0.138529203455774,0.21507858048243,0.262776917382537,0.0231855239819476,0.0338399121769117,0.0495356662056299,0.104843743131542,0.139701508185551,0.130714437692163
40,"OG39",0.521560907,-79.19537184,576,"Oldgrowth","F_Old",5.280976406,0.37602642,504.3141204,0.874036516,0.50018237,0.439897777,0.076780754,1.110267857,"darkgreen",0.246581282699414,0.247492568336411,0.282082585064801,0.0395306376663904,0.0393043468061993,0.0394067062124604,0.187439950652756,0.0817934286153434,0.197482959725125
81,"PA54",0.53693,-79.18835,207,"Pasture","F_Past",5.2011244,0.441549868,205.2929995,0.649306524,0.371340712,0.469940536,0.118025672,1.067801339,"yellow",-0.24009289345939,-0.322325136948065,-0.382267042919455,-0.0496130383220868,-0.0656348595054363,-0.0924299108173843,-0.235489335185017,-0.151492027705784,-0.251978338042774
77,"APN1",0.557148,-79.183566,128,"Pasture","F_Past",5.211031432,0.433954051,229.8510095,0.709738595,0.405982081,0.47026721,0.102965217,1.385432168,"yellow",-0.230898381459402,-0.346197454646346,-0.402873352906942,-0.0752266090155403,-0.104209708240469,-0.136805374240098,-0.16857632674138,-0.17314694857975,-0.284314014157461
78,"APN2",0.551181,-79.194413,151,"Pasture","F_Past",5.276300433,0.381185321,205.5426073,0.779247466,0.480129297,0.455847937,0.114967093,1.58500744,"yellow",-0.294582610274797,-0.375449236319577,-0.408336267891971,-0.0781913090198467,-0.0948780140993587,-0.120792539309,-0.272506603039887,-0.194217186053169,-0.277579061182616
85,"PA58",0.543056,-79.153322,243,"Pasture","F_Past",5.139171504,0.471175208,153.7126313,0.530861991,0.410564912,0.450750342,0.140691198,0.834920635,"yellow",-0.215757268991129,-0.237428183807665,-0.253549624055269,-0.0476357300074497,-0.05143069273682,-0.0728771298094112,-0.182108067005395,-0.0994881283692616,-0.179230168375634
80,"PA53",0.495852018,-79.20737699,510,"Pasture","F_Past",5.288283459,0.38367321,554.2072395,0.901024228,0.43840968,0.449616973,0.091867739,1.430905878,"yellow",-0.02159920227446,-0.0190632232276652,0.00279006883389192,-0.0188546818840685,-0.00680723701298576,-0.00959176788861328,-0.0495628959170009,0.0198312033128362,0.0245987062661401
83,"PA56",0.511023,-79.228523,430,"Pasture","F_Past",5.250663342,0.408564678,499.641002,0.857660203,0.45446327,0.470706217,0.084854179,1.633956473,"yellow",-0.103726449318849,-0.165140074991911,-0.196993321120055,-0.0426563065745643,-0.0459185282160092,-0.0598033023710175,-0.117309243692128,-0.0645496777676462,-0.163029627094203
58,"PR24",0.52084065,-79.21367372,381,"P_Reg_I","F_PReg1",5.193515442,0.434180245,149.5525449,0.707151867,0.51601214,0.441593359,0.039055222,0.808851066,"greenyellow",-0.000330321329912236,0.0233805354885106,0.00143144036452007,-0.00834212281658283,0.00934855283934243,0.0066532097493807,-0.0566564598986741,0.0109245177971729,0.0256150340174327
54,"PR19",0.552738821,-79.17480114,177,"P_Reg_I","F_PReg1",5.187240595,0.438864854,127.8139602,0.507282075,0.394380832,0.434525724,0.089653323,0.269763765,"greenyellow",0.0542609218254958,0.0315861372693938,0.0236324043488796,0.00336588815613153,0.00280951147659568,0.000379944054955946,0.0342831704503499,0.090982464288314,0.0136114928759204
56,"PR22",0.509381583,-79.20450795,400,"P_Reg_I","F_PReg1",5.150851992,0.457745546,168.1071082,0.567390079,0.468727032,0.442501864,0.069467666,0.623728919,"greenyellow",-0.067458089935065,-0.0791090996367886,-0.109767193791822,-0.00857845046255315,-0.0144144569399555,-0.0284784686376468,-0.0877480041143786,0.00125728057609889,-0.0904202639843169
57,"PR23",0.510838861,-79.23202079,415,"P_Reg_I","F_PReg1",5.286282564,0.376796166,470.3695375,0.846973238,0.421797764,0.475423798,0.076197386,0.985267857,"greenyellow",-0.177785984675991,-0.131105111066231,-0.11961871329328,0.0184440931115687,0.011221843578859,0.0130465825041626,-0.121170360202914,-0.0529520824938136,0.00946488372352332
61,"PR29",0.472908653,-79.23061581,173,"P_Reg_I","F_PReg1",5.139601611,0.473355832,482.6459705,0.725684533,0.421475668,0.434427527,0.078625736,1.1746461,"greenyellow",-0.0652023582528411,-0.0752094533262107,-0.0947131124332683,-0.0225502292675214,-0.0188033748055333,-0.020631040960893,-0.0505284386150032,0.0273533914921126,-0.0543775678506688
63,"PR33",0.489268117,-79.22841179,311,"P_Reg_I","F_PReg1",5.2342496,0.400227812,418.6152372,0.780372033,0.40156259,0.459756756,0.081072234,1.37436899,"greenyellow",-0.0283328274743808,-0.0736882139158902,-0.108494034081636,-0.0359444175572746,-0.019298920649455,-0.0296609644198026,-0.105623646280536,-0.029265733013295,-0.0690871196620477
55,"PR20",0.496644,-79.171518,540,"P_Reg_I","F_PReg1",5.277312465,0.381122485,487.1471181,0.871879941,0.482827111,0.462957283,0.080499469,1.441734871,"greenyellow",-0.226968503903762,-0.246968796264042,-0.288553960582544,-0.0328314972278008,-0.0638194720161133,-0.0883260073555882,-0.0950110225406661,-0.13077816190267,-0.168207154200006
68,"PR27",0.46173,-79.20934,214,"P_Reg_II","F_PReg2",5.185223319,0.439204894,130.7973412,0.593232654,0.444268884,0.440122062,0.087934613,0.558066716,"chartreuse3",0.0815028831420266,0.0836652994215012,0.0698716390286852,0.0157826119913085,0.0134326246777962,0.00470676390100738,0.0468871667318331,0.140382302166058,0.0225198219110557
66,"PR21WUE",0.502809,-79.187005,563,"P_Reg_II","F_PReg2",5.309019469,0.362079797,155.2010581,0.796257382,0.503046678,0.447493755,0.099848421,0.885112847,"chartreuse3",0.199640339768039,0.165627938451734,0.201530257549789,0.0530796833636219,0.0425354501388338,0.0516224544430025,0.184906686109771,0.0213494049582899,0.251807353990762
70,"PR32",0.479219975,-79.21736,339,"P_Reg_II","F_PReg2",5.247150708,0.403766847,218.3541984,0.754169282,0.378506722,0.439967843,0.092944656,0.419608755,"chartreuse3",0.104319426700044,0.121107856610095,0.112114694406957,0.0254540155198489,0.024567554374135,0.0246999506418227,0.150248734955851,0.1294689325673,0.0812957970802267
65,"PR21",0.508066043,-79.18989812,560,"P_Reg_II","F_PReg2",5.310674655,0.35758604,170.6067453,0.805106027,0.472383114,0.459464909,0.090557471,1.011728051,"chartreuse3",0.101256267092933,0.12872764239511,0.183244198096657,0.00848999171498951,0.0246820456454654,0.0356424839945245,0.103249804822197,0.157154959779711,0.165590407368353
71,"PR34",0.49351112,-79.13792672,615,"P_Reg_II","F_PReg2",5.254484936,0.389312054,405.5947092,0.876437233,0.412576848,0.455890945,0.061061988,0.785205853,"chartreuse3",0.17825982232713,0.226615748798698,0.291982516444666,0.0300256052085099,0.0432744266094894,0.055417071242272,0.26205571641748,0.00802225684388629,0.224449886514868
