Plot_ID;Latitude;Longitude;Elevation;Category7;Category10;AcousticDiversity;AcousticEveness;BioAcoustic;SoundscapeSaturation;EntropyOfVarianceSpectrum;AcousticComplexity;TemporalEntropy;EventsPerSecond;Aburria_aburri;Accipiter_bicolor;Amazilia_amabilis;Amazilia_franciae;Amazilia_rosenbergi;Amazilia_tzacatl;Amazona_autumnalis;Amazona_farinosa;Amblycercus_holosericeus;Ampelioides_tschudii;Anabacerthia_variegaticeps;Androdon_aequatorialis;Anthracothorax_nigricollis;Ara_ambiguus;Ara_severus;Aramides_wolfi;Arremon_aurantiirostris;Arremonops_conirostris;Neochelidon_tibialis;Attila_spadiceus;Attila_torridus;Aulacorhynchus_haematopygus;Automolus_ochrolaemus;Hyloctistes_subulatus;Baryphthengus_martii;Bubulcus_ibis;Buteo_brachyurus;Buteo_nitidus;Cacicus_cela;Cacicus_uropygialis;Campephilus_gayaquilensis;Campephilus_haematogaster;Camptostoma_obsoletum;Campylorhamphus_pusillus;Campylorhamphus_trochilirostris;Campylorhynchus_zonatus;Thryothorus_leucopogon;Thryothorus_nigricapillus;Capito_squamatus;Capsiempis_flaveola;Wilsonia_canadensis;Catharus_ustulatus;Celeus_loricatus;Cephalopterus_penduliger;Pipra_mentalis;Cercomacra_tyrannina;Chaetura_cinereiventris;Chaetura_spinicaudus;Chlorophanes_spiza;Chlorophonia_flavirostris;Chlorospingus_canigularis;Chlorospingus_flavigularis;Chlorospingus_flavovirens;Chlorothraupis_olivacea;Chlorothraupis_stolzmanni;Chondrohierax_uncinatus;Chrysothlypis_salmoni;Strix_nigrolineata;Strix_virgata;Claravis_pretiosa;Automolus_rubiginosus;Cnipodectes_subbrunneus;Coereba_flaveola;Colaptes_rubiginosus;Colonia_colonus;Columbina_buckleyi;Conopias_albovittatus;Contopus_cooperi;Contopus_sordidulus;Contopus_virens;Coragyps_atratus;Cranioleuca_erythrops;Crax_rubra;Crotophaga_ani;Leucopternis_plumbeus;Xenopipo_holochlora;Crypturellus_berlepschi;Crypturellus_soui;Cyanerpes_caeruleus;Cyanocompsa_cyanoides;Cymbilaimus_lineatus;Cyphorhinus_phaeocephalus;Dacnis_berlepschi;Dacnis_cayana;Dacnis_lineata;Dacnis_venusta;Damophila_julie;Dendrocincla_fuliginosa;Dendrocolaptes_sanctithomae;Dives_warszewiczi;Dryocopus_lineatus;Dysithamnus_mentalis;Dysithamnus_puncticeps;Elaenia_flavogaster;Elanoides_forficatus;Electron_platyrhynchum;Empidonax_alnorum;Empidonax_virescens;Epinecrophylla_fulviventris;Eubucco_bourcierii;Terenura_callinota;Euphonia_fulvicrissa;Euphonia_laniirostris;Euphonia_minuta;Euphonia_saturata;Euphonia_xanthogaster;Eutoxeres_aquila;Falco_rufigularis;Florisuga_mellivora;Fluvicola_nengeta;Formicarius_nigricapillus;Forpus_coelestis;Furnarius_leucopus;Galbula_ruficauda;Gallinula_chloropus;Geothlypis_semiflava;Geotrygon_montana;Geotrygon_saphirina;Geranospiza_caerulescens;Glaucidium_peruanum;Glaucis_aeneus;Glyphorynchus_spirurus;Grallaria_guatimalensis;Gymnopithys_leucaspis;Myrmeciza_immaculata;Harpagus_bidentatus;Heliodoxa_jacula;Heliomaster_longirostris;Heliothryx_barroti;Hemithraupis_guira;Henicorhina_leucosticta;Herpetotheres_cachinnans;Heterospingus_xanthopygius;Hylopezus_perspicillatus;Hylophylax_naevioides;Icterus_mesomelas;Ictinia_plumbea;Jacamerops_aureus;Laterallus_albigularis;Legatus_leucophaius;Lepidocolaptes_souleyetii;Lepidothrix_coronata;Leptodon_cayanensis;Leptopogon_superciliaris;Leptotila_pallida;Leptotila_verreauxi;Geotrygon_veraguensis;Leucopternis_semiplumbeus;Lipaugus_unirufus;Lophotriccus_pileatus;Malacoptila_panamensis;Manacus_manacus;Masius_chrysopterus;Megaceryle_torquata;Megarynchus_pitangua;Megascops_guatemalae;Melanerpes_pucherani;Micrastur_plumbeus;Micrastur_ruficollis;Micrastur_semitorquatus;Microbates_cinereiventris;Microcerculus_marginatus;Micromonacha_lanceolata;Microrhopias_quixensis;Mionectes_oleagineus;Mionectes_olivaceus;Mitrephanes_phaeocercus;Mitrospingus_cassinii;Molothrus_bonariensis;Momotus_momota;Leucopternis_princeps;Myiarchus_tuberculifer;Myiobius_atricaudus;Myiobius_sulphureipygius;Myiodynastes_maculatus;Myiopagis_caniceps;Myiopagis_subplacens;Myiopagis_viridicata;Myiophobus_fasciatus;Myiornis_atricapillus;Basileuterus_chrysogaster;Phaeothlypis_fulvicauda;Myiotriccus_ornatus;Myiozetetes_cayanensis;Myiozetetes_granadensis;Myiozetetes_similis;Myrmotherula_axillaris;Myrmotherula_ignota;Myrmotherula_pacifica;Myrmotherula_schisticolor;Neomorphus_radiolosus;Notharchus_hyperrhynchus;Notharchus_pectoralis;Notharchus_tectus;Nyctibius_griseus;Nyctidromus_albicollis;Nyctiphrynus_rosenbergi;Nystalus_radiatus;Odontophorus_erythrops;Odontorchilus_branickii;Ornithion_brunneicapillus;Ortalis_erythroptera;Pachyramphus_albogriseus;Pachyramphus_cinnamomeus;Pachyramphus_homochrous;Pachyramphus_spodiurus;Hylophilus_decurtatus;Panyptila_cayennensis;Passer_domesticus;Patagioenas_cayennensis;Patagioenas_goodsoni;Patagioenas_speciosa;Patagioenas_subvinacea;Penelope_ortoni;Penelope_purpurascens;Phaenostictus_mcleannani;Phaethornis_striigularis;Phaethornis_yaruqui;Phyllomyias_griseiceps;Piaya_cayana;Piculus_litae;Picumnus_olivaceus;Pionus_chalcopterus;Pionus_menstruus;Piranga_rubra;Pittasoma_rufopileatum;Platyrinchus_coronatus;Platyrinchus_mystaceus;Myrmeciza_exsul;Polioptila_plumbea;Polioptila_schistaceigula;Porphyrio_martinica;Premnoplex_brunnescens;Progne_chalybea;Psarocolius_wagleri;Aratinga_erythrogenys;Pteroglossus_torquatus;Pulsatrix_perspicillata;Pygochelidon_cyanoleuca;Pyrilia_pulchra;Pyrocephalus_rubinus;Pyrrhura_melanura;Querula_purpurata;Ramphastos_ambiguus;Ramphastos_brevis;Ramphocaenus_melanurus;Ramphocelus_flammigerus;Rhynchocyclus_pacificus;Rhynchortyx_cinctus;Rhytipterna_holerythra;Rostrhamus_sociabilis;Buteo_magnirostris;Saltator_atripennis;Saltator_grossus;Saltator_maximus;Sapayoa_aenigma;Schiffornis_turdina;Sclerurus_guatemalensis;Sclerurus_mexicanus;Scytalopus_chocoensis;Parula_pitiayumi;Myrmeciza_berlepschi;Myrmeciza_nigricauda;Sirystes_albogriseus;Sittasomus_griseicapillus;Carduelis_xanthogastra;Spizaetus_ornatus;Spizaetus_tyrannus;Oryzoborus_angolensis;Sporophila_corvina;Oryzoborus_crassirostris;Oryzoborus_funereus;Sporophila_nigricollis;Stelgidopteryx_ruficollis;Streptoprocne_zonaris;Synallaxis_brachyura;Tachyphonus_delatrii;Tachyphonus_luctuosus;Tachyphonus_rufus;Tangara_cyanicollis;Tangara_florida;Tangara_gyrola;Tangara_icterocephala;Tangara_johannae;Tangara_larvata;Tangara_lavinia;Tangara_palmeri;Tapera_naevia;Taraba_major;Terenotriccus_erythrurus;Tersina_viridis;Thalurania_colombica;Thamnistes_anabatinus;Thamnophilus_atrinucha;Thraupis_episcopus;Thraupis_palmarum;Threnetes_ruckeri;Tiaris_obscurus;Tiaris_olivaceus;Tinamus_major;Tityra_inquisitor;Tityra_semifasciata;Todirostrum_cinereum;Todirostrum_nigriceps;Tolmomyias_assimilis;Touit_dilectissimus;Troglodytes_aedon;Trogon_caligatus;Trogon_chionurus;Trogon_collaris;Trogon_comptus;Trogon_massena;Trogon_rufus;Hylophilus_ochraceiceps;Turdus_assimilis;Turdus_maculirostris;Turdus_obsoletus;Tyrannulus_elatus;Tyrannus_melancholicus;Tyrannus_niveigularis;Vanellus_chilensis;Veniliornis_callonotus;Veniliornis_kirkii;Vireo_olivaceus;Vireolanius_leucotis;Volatinia_jacarina;Xenerpestes_minlosi;Xenops_minutus;Xenops_rutilans;Xiphorhynchus_erythropygius;Xiphorhynchus_lachrymosus;Zimmerius_albigularis;Zimmerius_chrysops;Zonotrichia_capensis
CR01;0,496584764;-79,17814275;560;C_Reg_I;F_CReg1;5,25537881;0,38091875;190,9141566;0,727523077;0,441482614;0,458099271;0,079964851;0,81063058;0;0;0;0;2;0;3;1;0;0;0;0;0;0;0;0;3;0;0;0;0;0;0;0;2;0;0;0;0;1;0;0;6;0;0;0;0;6;0;0;0;0;0;1;0;0;0;0;0;0;0;0;0;0;8;0;0;0;0;0;0;0;5;1;1;0;0;0;7;0;0;0;0;0;0;0;0;6;0;0;0;0;0;1;0;0;0;0;0;0;2;0;0;0;0;0;0;0;0;0;0;0;2;0;0;3;0;0;0;0;0;0;1;0;0;1;0;0;0;0;0;0;8;0;2;0;0;0;0;0;0;1;0;0;0;0;0;0;0;0;0;0;0;0;1;0;0;0;0;12;0;12;0;0;2;0;3;0;0;0;0;4;0;0;0;0;0;0;0;0;0;2;0;0;0;0;0;0;0;1;0;0;4;2;0;1;0;0;1;0;0;0;0;0;0;0;0;1;3;0;0;0;0;1;0;0;3;1;0;0;0;0;2;0;0;0;0;3;0;0;0;2;0;0;0;0;0;0;8;0;0;0;0;0;0;0;0;0;1;0;0;2;0;12;0;0;17;0;0;0;0;0;0;3;9;0;0;0;0;0;0;0;0;0;0;0;0;0;0;0;0;1;0;0;0;0;0;0;0;2;0;2;0;0;1;0;0;0;0;0;0;0;0;0;3;4;1;0;0;5;0;0;0;0;0;0;0;0;0;0;0;0;1;0;0;3;0;0;0;0;0;0;0;0;1;0;0;0;0;0;0;1;0;0
CR02;0,501487004;-79,22595296;400;C_Reg_I;F_CReg1;5,168658456;0,457600148;423,6098771;0,728173405;0,510436138;0,438352915;0,054426089;0,916830446;0;0;1;0;2;0;0;0;0;0;0;0;0;0;0;0;0;0;0;1;0;0;0;0;0;0;0;0;0;0;0;0;0;0;0;0;5;4;0;0;0;1;1;0;0;0;0;0;0;0;0;0;0;0;0;0;0;0;0;0;0;0;1;0;0;0;0;0;0;0;0;0;0;0;0;0;0;3;0;0;0;0;1;0;0;0;0;1;0;0;0;0;0;0;0;0;0;0;0;0;0;0;0;1;1;2;0;0;0;0;2;0;0;2;0;0;0;1;0;0;0;1;0;0;2;0;0;0;0;0;0;0;0;0;0;0;0;0;0;0;0;0;0;0;0;0;0;0;0;6;0;6;0;0;0;0;1;0;0;0;0;5;0;1;0;0;2;0;0;0;1;0;0;0;0;0;0;0;0;1;0;0;0;2;0;0;1;0;0;0;0;0;0;0;0;0;0;0;0;0;2;0;0;0;0;0;0;0;0;0;0;0;4;0;0;0;0;1;0;0;0;0;0;0;0;0;0;0;3;0;1;0;0;0;0;0;0;0;0;1;0;0;0;1;0;0;0;0;0;0;0;0;0;0;0;0;0;0;0;0;0;0;0;0;0;0;0;0;0;0;0;0;0;0;0;0;0;0;0;1;0;0;0;1;1;0;0;0;0;0;0;0;1;0;1;0;1;0;0;1;0;0;0;4;0;0;0;0;0;0;0;0;0;1;0;0;0;0;0;0;0;0;0;0;0;0;0;0;0;1;0;4;0;0
CR03;0,508255139;-79,23685488;250;C_Reg_I;F_CReg1;5,193745698;0,435346451;448,8283127;0,762208484;0,503033538;0,445681367;0,072946726;1,636154514;0;0;2;0;1;1;0;1;0;0;0;0;0;0;0;0;0;0;1;1;0;0;0;0;1;0;0;0;0;0;0;1;1;0;6;1;3;6;0;0;0;2;1;0;0;10;0;0;2;0;0;0;0;0;0;0;0;0;0;0;0;0;4;0;7;0;0;0;2;0;0;0;0;0;1;0;0;4;0;0;1;0;0;0;1;0;0;0;0;0;0;0;0;0;0;0;0;6;1;0;0;0;3;1;3;1;0;0;0;0;0;0;0;0;0;0;0;1;0;0;0;1;0;1;0;0;0;0;0;0;5;1;1;0;0;0;0;0;0;0;0;0;0;0;3;3;2;0;0;2;0;2;0;0;2;0;1;0;0;0;2;9;0;1;0;0;0;0;0;0;0;3;1;0;0;0;0;0;0;1;0;0;2;2;0;0;0;0;12;0;0;0;0;0;0;1;0;1;0;0;1;0;0;3;0;0;2;0;0;0;15;0;8;0;0;1;0;1;1;1;0;1;1;0;1;0;0;0;11;0;0;0;0;0;0;0;0;0;0;2;0;1;4;11;2;0;8;0;1;1;0;0;0;10;4;0;0;0;0;0;0;0;0;0;0;0;0;0;0;1;0;1;0;0;0;0;0;3;0;1;0;0;0;0;3;2;2;0;0;1;2;0;0;2;1;2;3;0;0;7;0;0;1;1;0;0;0;0;0;0;1;0;1;2;0;0;0;8;1;0;0;0;0;0;0;0;0;0;0;1;4;4;1;0
CR05;0,51179071;-79,20359239;377;C_Reg_I;F_CReg1;5,198613161;0,42464034;172,0798396;0,651794434;0,462477192;0,451602855;0,07840845;0,840085565;0;0;0;0;1;1;4;2;0;0;0;0;0;0;0;0;5;0;0;11;0;0;0;0;0;0;0;0;0;1;0;0;0;0;0;0;0;7;0;0;0;1;2;1;0;5;0;0;2;0;0;0;0;0;0;0;0;0;0;0;1;0;3;0;2;0;0;0;0;0;0;0;0;0;0;0;0;8;2;0;0;0;0;0;1;0;0;1;2;0;0;0;0;0;0;0;0;6;4;0;0;0;3;0;2;1;0;0;0;0;13;0;0;0;0;0;0;0;0;0;1;1;1;0;0;0;0;0;0;2;0;0;0;1;0;0;0;0;0;1;0;1;0;0;6;7;0;0;0;18;0;3;0;0;1;0;0;0;0;0;0;3;0;1;14;0;0;0;0;0;0;3;0;0;0;0;0;0;0;2;0;3;0;4;0;1;3;0;0;2;0;0;0;0;0;1;0;1;2;0;2;0;0;1;0;0;10;0;0;0;1;0;9;0;0;0;0;4;1;0;0;1;1;0;0;0;0;1;12;0;0;0;0;0;0;0;1;0;0;0;0;0;0;3;1;0;11;0;0;7;0;1;0;2;2;0;0;0;0;0;0;0;0;0;0;0;0;1;0;0;0;0;0;1;0;0;4;5;0;0;0;1;1;0;2;0;0;0;0;0;0;1;0;5;4;2;1;0;0;3;0;1;1;0;0;0;0;1;4;0;0;0;1;0;0;1;1;16;0;0;0;0;1;0;0;0;0;1;4;1;1;5;0;0
CR06;0,520721963;-79,21059304;397;C_Reg_I;F_CReg1;5,251310805;0,399778989;172,7290443;0,713155111;0,506811087;0,446486423;0,085560663;0,938696677;0;0;0;0;2;0;0;1;0;0;0;0;0;0;0;0;8;0;0;0;0;0;0;0;0;0;0;0;0;3;0;0;0;0;0;0;0;0;0;0;0;0;0;0;0;0;0;0;0;0;0;0;0;0;0;0;0;0;0;0;0;0;1;0;0;0;0;0;0;0;0;0;0;0;0;0;2;1;0;0;0;0;1;4;0;0;1;2;0;0;0;0;1;0;0;0;0;1;1;0;0;0;1;0;0;0;0;0;0;0;1;0;0;0;0;0;0;0;0;0;0;3;0;0;0;0;0;0;0;0;0;0;0;0;0;0;0;0;0;0;0;1;0;0;0;0;0;0;0;7;0;1;0;0;0;0;1;0;0;0;12;3;0;0;0;0;1;0;0;0;0;1;0;0;0;0;0;0;0;2;0;0;2;0;0;0;3;0;0;0;0;0;0;0;0;0;0;0;0;0;0;0;0;0;0;0;2;0;0;0;0;0;4;0;0;0;0;0;0;0;0;0;2;0;0;0;1;0;6;0;0;0;0;0;0;0;0;0;0;0;0;0;0;6;0;0;1;0;2;0;0;0;0;6;1;0;1;0;0;0;0;0;0;0;0;0;0;1;0;0;0;0;0;0;0;0;0;3;0;0;0;0;0;0;0;0;0;0;0;0;0;1;1;5;2;0;14;0;0;1;0;0;0;0;0;0;0;0;0;0;0;0;0;0;0;0;0;2;0;0;0;0;0;0;0;0;0;0;0;0;2;5;0;0
CR12;0,479973005;-79,21434;400;C_Reg_I;F_CReg1;5,267075011;0,382323549;166,1457609;0,732981364;0,505381573;0,457729766;0,091075129;1,14078621;0;0;0;0;2;0;0;0;0;0;0;0;0;0;0;0;1;0;0;0;0;0;0;0;0;0;0;0;0;3;0;0;0;0;0;0;6;3;0;0;0;0;0;0;0;0;0;0;1;0;0;0;0;0;0;0;0;2;0;0;1;0;3;0;0;0;0;0;3;0;0;0;0;0;0;0;0;0;0;0;0;0;0;0;1;0;0;0;0;0;1;0;0;0;0;1;0;2;0;0;0;0;1;0;3;1;0;0;0;0;0;0;0;0;0;0;1;0;0;0;1;2;0;0;0;0;0;0;0;0;3;0;0;0;0;0;0;0;0;0;0;0;0;0;4;0;0;0;0;1;2;3;0;0;1;0;0;0;0;0;0;7;0;0;0;0;0;4;0;0;0;3;0;0;0;0;0;0;0;2;2;0;6;0;0;0;0;0;0;0;0;0;0;0;0;0;0;0;1;0;1;0;0;0;0;0;0;0;0;0;3;0;1;0;0;0;0;0;0;0;0;1;0;0;0;0;1;0;19;0;0;0;0;0;0;0;0;0;0;0;0;2;0;3;3;0;4;0;0;0;0;0;0;6;2;0;0;0;0;0;0;0;0;0;0;0;0;0;0;0;0;0;0;0;0;0;8;0;0;0;0;0;0;0;0;0;0;0;0;0;0;0;0;3;0;0;0;0;0;2;0;1;0;1;0;0;0;0;0;0;0;0;0;0;0;0;0;0;0;0;0;0;0;0;1;0;0;0;0;0;0;11;0;0
CR13;0,488968967;-79,22612546;311;C_Reg_I;F_CReg1;5,191864569;0,436827422;299,1789309;0,714596479;0,464745582;0,438141937;0,042802606;0,669250801;0;0;0;0;0;1;0;0;0;0;0;0;0;0;0;0;0;0;0;0;0;0;0;0;0;0;0;0;0;0;2;0;0;0;0;0;0;4;0;0;0;0;1;0;0;0;0;0;0;0;0;0;0;0;0;0;0;0;1;0;0;0;0;0;0;0;0;0;0;0;0;0;0;0;0;0;0;0;0;0;0;0;0;0;0;0;0;2;0;0;0;0;1;0;0;4;0;1;0;0;0;0;0;0;0;1;0;0;0;0;0;0;0;0;0;0;0;0;0;0;0;1;0;0;0;0;0;0;0;0;1;0;0;0;1;0;0;0;0;0;0;0;0;0;0;0;0;0;0;0;0;1;0;0;0;0;3;0;0;0;0;3;0;0;0;0;0;1;0;0;0;0;0;0;0;0;0;0;0;0;0;0;0;0;0;0;0;0;1;0;0;0;0;0;0;0;0;0;0;0;0;0;0;0;0;0;1;0;0;0;1;0;2;0;0;0;0;1;0;0;0;0;0;0;0;0;0;0;10;0;0;0;0;0;0;0;0;0;0;0;0;0;0;3;2;0;4;0;0;1;0;0;0;1;3;0;0;0;0;0;0;0;0;0;0;0;0;0;0;0;0;0;0;0;0;0;0;0;0;0;0;0;0;0;0;0;0;0;0;0;0;0;0;0;0;0;0;0;0;1;0;0;0;0;0;0;0;0;0;0;0;0;0;0;0;0;0;0;0;0;0;0;0;0;0;0;0;0;0;0;3;5;0;0
CR17;0,514731333;-79,14412027;450;C_Reg_I;F_CReg1;5,201614688;0,426556035;122,2327765;0,570029122;0,467944013;0,439397584;0,120001974;0,671995908;0;0;0;0;1;0;0;1;0;0;0;0;0;0;0;0;4;0;0;0;0;0;0;0;0;0;0;0;0;0;0;0;0;0;0;0;3;4;0;0;0;0;0;0;4;0;0;0;0;0;0;0;0;0;0;0;1;0;0;0;1;0;4;0;0;0;0;0;0;0;0;0;0;0;0;0;0;1;0;0;0;0;1;1;2;0;0;0;0;0;0;1;0;0;0;3;0;1;1;0;0;0;0;0;5;1;0;0;0;0;8;0;0;0;0;0;0;0;0;0;0;2;0;2;4;0;0;0;0;0;3;1;2;0;0;0;0;0;0;0;0;0;0;0;0;0;0;0;0;4;2;1;0;0;0;0;0;0;0;0;4;9;0;0;0;0;0;2;0;0;0;0;0;0;0;0;0;0;0;2;0;0;2;0;0;0;0;0;0;0;0;0;0;0;0;0;0;0;0;0;0;0;0;0;0;0;0;0;0;0;0;0;0;0;0;0;0;1;0;0;0;0;0;2;0;0;0;0;17;0;0;0;0;0;0;0;1;0;0;0;0;2;0;1;2;0;1;0;0;0;0;0;0;1;2;0;0;0;0;0;1;0;0;0;0;0;0;0;0;0;0;0;0;0;0;0;2;3;0;0;2;1;1;0;1;0;0;0;0;0;0;0;0;0;0;0;1;0;0;0;0;0;0;0;0;0;0;1;0;0;2;0;3;0;0;0;0;1;0;0;0;0;0;0;2;0;0;0;0;2;0;1;0;0
CR18;0,541664;-79,144756;270;C_Reg_I;F_CReg1;5,241398949;0,408637021;371,7547636;0,779679071;0,437509449;0,442653085;0,046292898;0,663178943;0;0;0;0;2;0;0;2;0;0;0;0;0;0;0;0;0;0;0;0;0;0;0;2;5;0;0;0;0;0;0;0;0;0;0;0;5;1;0;0;0;0;0;0;0;0;0;0;0;0;0;0;0;1;0;0;0;0;0;0;0;0;0;0;0;0;0;0;0;0;0;0;0;0;0;1;0;1;0;0;1;0;0;0;0;0;0;0;0;0;0;0;0;0;0;0;0;1;3;0;0;0;0;0;2;0;0;0;0;0;0;0;0;0;0;0;0;0;0;0;0;0;0;0;1;0;0;0;0;0;0;0;0;0;0;0;0;0;0;0;0;1;0;0;10;0;1;0;0;2;0;4;0;0;0;0;1;0;0;0;3;4;0;0;6;1;0;0;0;0;0;0;0;0;0;0;0;0;0;0;0;0;1;5;0;0;0;3;2;0;0;0;0;0;0;0;0;0;1;0;0;0;0;2;0;0;1;0;0;0;4;0;5;1;0;0;0;0;0;1;0;0;0;0;1;0;0;0;3;0;0;0;0;0;0;0;1;0;0;0;0;0;4;3;1;0;0;0;0;0;0;0;0;7;1;0;0;0;0;0;0;0;0;0;0;0;0;0;0;0;0;0;0;0;0;0;0;0;0;0;0;0;0;0;0;0;1;0;0;0;0;0;0;1;0;0;0;0;0;3;0;0;0;2;0;0;0;0;2;0;0;0;1;0;0;0;0;6;1;0;0;0;0;0;0;0;0;1;0;0;9;1;0;0
CR04;0,51173321;-79,18950979;560;C_Reg_II;F_CReg2;5,259735733;0,399676757;537,4899159;0,903257824;0,432101403;0,445422186;0,067278069;0,641539559;0;0;0;0;6;0;0;2;0;0;0;0;0;0;0;0;0;0;0;0;0;0;0;0;1;0;0;0;0;0;0;0;0;0;0;0;2;2;0;0;0;0;0;0;0;0;0;0;0;0;0;0;0;0;2;0;0;0;0;0;0;0;0;0;0;0;0;0;0;0;0;0;0;0;1;0;0;3;0;0;0;1;0;0;2;0;0;0;0;0;0;0;7;0;0;0;0;1;1;0;0;0;0;0;0;3;0;0;0;0;0;0;0;1;0;0;0;1;0;0;0;0;5;1;2;0;0;0;0;0;0;2;1;6;0;0;0;0;0;0;0;1;0;0;0;0;0;0;0;1;0;4;0;0;0;0;0;0;0;0;8;6;0;0;0;0;0;0;0;0;0;0;0;0;0;0;0;0;0;2;0;0;0;0;0;0;2;1;0;0;0;0;0;0;0;0;0;0;0;0;0;0;0;1;0;0;5;0;0;0;0;0;1;0;1;0;0;3;0;0;0;0;0;0;0;0;0;0;9;0;1;0;0;0;0;0;0;0;0;0;0;1;0;2;3;0;0;0;0;1;0;0;0;0;1;0;0;3;0;0;0;0;0;0;0;0;0;0;0;1;0;0;0;0;0;0;0;0;0;0;0;1;0;0;0;2;0;0;0;0;0;0;0;1;0;0;1;0;0;2;0;0;0;0;1;0;0;0;0;0;0;0;0;0;0;0;0;0;0;0;0;0;0;0;0;0;0;0;0;6;0;5;0;0
CR07;0,458986899;-79,2087108;168;C_Reg_II;F_CReg2;5,229147122;0,408393671;218,0198311;0,68485805;0,50244404;0,449163787;0,068113753;0,870659722;0;0;0;0;2;3;0;1;0;0;0;0;0;0;0;0;1;0;0;0;0;0;0;2;1;0;0;0;0;5;0;0;0;0;0;0;3;3;0;0;0;1;1;0;0;0;0;0;0;0;0;0;0;0;0;0;0;0;0;0;0;0;9;1;0;0;0;0;0;0;0;0;0;0;0;0;0;3;1;0;0;0;0;0;0;0;0;3;2;0;0;1;1;0;0;4;0;1;1;0;0;0;6;0;5;3;0;0;0;0;0;0;0;1;0;0;0;0;0;0;0;1;0;1;0;0;0;0;0;0;3;0;0;0;0;0;0;0;0;0;2;1;0;1;7;4;0;0;0;4;0;15;0;0;12;0;1;0;0;0;3;6;0;0;0;0;0;1;0;0;0;1;0;0;0;0;0;0;0;1;0;0;0;5;0;1;2;0;1;0;0;0;0;0;1;0;0;0;0;0;0;0;0;0;0;0;5;0;0;0;6;0;6;0;0;0;0;2;1;0;0;0;0;0;0;0;0;0;11;0;2;0;0;0;0;0;0;0;0;0;0;0;0;7;0;0;2;0;0;1;0;0;1;3;4;0;0;0;0;0;0;0;0;0;0;0;0;0;0;0;0;0;0;0;0;0;4;0;0;1;0;0;0;0;2;0;1;0;0;0;0;0;0;0;2;0;3;0;0;2;0;0;0;3;0;0;0;0;4;0;1;0;3;0;0;0;0;11;1;0;0;0;0;0;0;0;0;1;1;2;0;6;0;0
CR08;0,45927;-79,21077;172;C_Reg_II;F_CReg2;5,216022645;0,421283379;156,337092;0,64722261;0,521028311;0,440412576;0,053177691;0,60094246;0;0;0;0;2;0;1;0;0;0;0;0;0;0;0;0;0;0;0;1;0;0;0;4;6;0;0;0;0;4;0;0;0;0;0;0;7;1;0;0;0;0;1;0;1;0;0;0;0;0;0;3;0;0;0;0;0;0;0;0;0;0;2;0;0;0;0;0;0;0;0;0;0;0;0;0;0;0;1;0;0;0;0;0;0;0;0;2;0;0;0;1;1;0;0;2;0;0;3;0;0;0;2;0;2;0;0;0;1;0;0;0;0;0;0;0;0;0;0;0;0;1;0;0;0;0;0;0;0;0;1;1;0;0;0;0;0;0;0;0;0;0;0;2;0;0;0;0;0;11;1;1;0;0;0;0;2;0;0;0;1;9;0;2;4;0;0;0;0;0;0;0;0;0;0;1;0;1;0;0;0;0;2;0;0;0;6;0;0;0;0;0;0;0;0;0;0;0;0;0;0;0;0;1;0;0;7;0;0;0;5;0;4;0;0;0;0;24;0;0;0;1;1;0;0;0;4;0;14;0;2;0;0;0;0;0;2;0;0;0;0;2;3;8;1;0;0;0;0;3;0;0;0;4;4;0;0;0;0;0;0;0;0;0;0;0;0;0;0;0;0;0;0;0;0;0;0;4;0;0;0;1;0;0;2;0;0;0;0;0;0;0;0;5;0;0;1;0;0;4;0;0;0;2;0;0;0;0;4;0;0;0;3;0;0;0;0;3;0;0;0;0;0;0;0;0;0;3;1;1;6;5;0;0
CR10;0,477182753;-79,19957402;347;C_Reg_II;F_CReg2;5,247679959;0,402666681;185,6141253;0,741399856;0,464739257;0,440921869;0,06299778;0,545771329;0;0;0;0;0;1;0;4;0;0;0;0;0;0;0;0;3;0;0;0;0;0;0;0;1;0;0;0;0;4;1;0;0;0;1;0;2;11;0;0;0;0;1;0;0;0;0;0;2;0;0;0;0;0;1;0;0;0;0;0;0;0;1;0;5;0;0;0;0;0;0;0;0;0;0;0;0;3;1;0;0;0;0;2;0;0;0;1;1;0;0;1;0;0;0;0;0;2;0;0;0;0;1;0;2;3;2;0;0;0;1;0;0;0;0;0;0;0;0;0;0;1;0;3;2;0;0;0;1;0;1;0;0;0;1;0;0;0;0;1;0;0;0;1;1;0;0;0;1;19;0;5;0;0;0;1;0;0;0;0;2;8;0;0;3;0;3;0;0;0;0;0;0;0;0;0;0;0;0;0;0;0;4;0;0;0;2;0;0;0;0;0;0;0;0;0;1;1;2;0;0;0;0;0;0;0;5;0;0;0;2;0;1;0;0;1;0;3;0;0;0;0;0;2;0;0;2;0;13;0;0;0;0;0;0;0;0;0;0;0;0;3;0;13;1;0;0;0;3;1;0;0;0;0;1;0;0;0;0;0;2;0;0;0;0;0;0;0;0;0;0;0;0;0;0;0;4;2;0;1;0;0;1;0;0;0;4;0;0;1;3;0;0;5;2;0;2;0;0;6;0;0;0;1;0;0;0;0;2;0;1;0;2;1;1;0;0;1;0;0;0;0;0;0;1;0;0;0;0;0;0;5;0;0
CR11;0,477901585;-79,20506568;372;C_Reg_II;F_CReg2;5,311363512;0,36262013;139,9038484;0,779577346;0,514035329;0,439188949;0,064180594;1,145110987;0;0;0;0;3;0;0;2;0;0;0;0;0;2;0;0;2;0;0;0;0;0;0;0;3;0;0;0;0;2;0;0;0;0;0;0;9;0;0;0;0;0;0;0;2;1;0;0;1;0;0;0;0;0;10;0;0;0;0;0;0;0;0;0;0;0;0;0;0;0;0;0;0;0;0;0;0;4;0;0;0;0;0;0;0;0;0;0;0;0;0;0;0;0;0;1;0;0;2;0;0;0;1;1;4;4;0;0;0;0;0;0;0;0;0;0;0;0;0;1;0;2;0;0;0;0;0;0;0;0;1;1;0;2;0;0;0;0;0;0;0;1;0;0;1;0;0;0;1;2;0;0;0;0;0;0;1;0;0;0;4;3;0;2;0;0;0;0;0;0;0;0;0;0;0;0;0;0;0;3;0;0;0;0;0;0;2;0;2;0;0;0;0;0;0;0;0;0;1;0;0;0;0;0;0;0;3;0;0;0;3;0;2;0;0;0;0;0;0;0;0;0;0;0;0;0;1;1;10;0;0;0;0;0;0;0;1;0;0;0;0;3;3;16;4;0;0;0;4;0;0;0;0;2;2;0;0;0;0;0;0;0;0;0;0;0;0;0;0;0;0;0;0;0;0;0;1;0;0;0;0;0;0;0;0;0;0;0;0;0;0;0;0;0;0;1;1;0;0;3;0;0;0;0;0;0;0;1;1;2;0;0;0;1;0;0;0;0;0;0;0;0;0;0;1;0;0;0;0;2;3;5;0;0
CR14;0,498159975;-79,13848336;529;C_Reg_II;F_CReg2;5,29606556;0,376115361;322,8952596;0,879183815;0,494570865;0,436408959;0,041451273;0,661647445;0;0;0;0;0;0;0;0;0;0;0;0;0;0;0;0;0;0;0;0;0;0;0;1;2;0;0;0;0;0;0;0;0;0;0;0;0;1;0;0;0;0;0;2;0;0;0;0;0;0;0;0;0;0;0;0;0;0;0;0;0;0;0;0;0;0;0;0;0;0;0;0;0;0;0;0;0;0;0;0;0;0;0;0;0;0;0;0;0;0;0;0;0;0;0;1;0;0;0;1;0;0;0;0;0;1;0;0;0;0;0;0;0;1;0;0;0;1;0;0;0;0;0;0;1;0;0;0;0;0;0;0;0;3;0;0;0;0;0;0;0;0;0;0;0;0;0;0;0;0;0;1;0;0;0;0;0;0;0;0;4;3;0;0;0;0;0;0;0;0;0;0;0;0;0;0;0;0;0;0;0;0;0;0;0;0;1;0;0;0;0;0;0;0;0;0;0;0;1;0;0;0;0;0;0;0;0;0;0;0;0;0;1;0;0;0;0;0;0;0;0;0;0;0;0;0;0;0;4;0;0;0;0;0;0;0;0;0;0;0;0;0;0;2;1;0;0;0;0;0;0;0;0;1;0;0;0;0;0;0;0;0;0;0;0;0;0;0;0;0;0;0;0;0;0;0;0;0;0;0;0;0;0;0;0;0;0;0;0;0;0;0;0;0;0;0;0;0;0;1;0;0;0;2;0;0;0;0;0;0;1;0;0;0;0;0;0;0;0;0;0;0;0;0;0;0;0;0;0;0;0;0;0;0
CAZ01;0,412866;-79,259515;150;CA_M;A_Caca;5,221409594;0,417751686;456,9790638;0,810969761;0,456330034;0,459254328;0,063778547;1,811945064;0;0;0;0;0;4;0;0;0;0;0;1;0;0;0;0;0;0;0;0;0;0;0;0;1;0;0;0;0;0;0;0;9;0;0;1;0;0;0;0;0;0;0;0;0;0;0;0;0;0;0;0;0;0;0;0;0;0;0;0;0;0;2;0;0;0;0;0;0;0;0;0;0;0;0;0;0;3;0;0;0;0;0;0;0;0;0;0;0;13;0;0;0;3;0;0;0;0;0;0;0;1;8;0;0;0;0;0;0;0;0;0;2;2;0;0;0;0;0;1;0;0;0;0;0;0;0;0;0;0;0;0;0;0;0;0;0;0;0;1;4;0;0;0;0;4;3;0;0;1;0;0;0;0;5;0;2;0;0;0;0;0;0;0;0;0;0;0;0;0;0;0;0;0;0;0;0;0;4;0;0;1;0;6;2;1;0;0;6;0;0;0;0;0;0;0;0;0;0;0;0;0;0;0;0;0;0;0;0;0;0;0;1;0;0;0;0;0;12;0;0;0;0;0;2;0;0;0;0;2;0;0;0;0;0;1;0;0;0;0;0;0;1;0;0;0;5;0;0;0;0;2;0;0;1;0;0;0;0;0;0;0;0;0;0;0;0;0;0;0;0;0;1;1;0;2;0;0;0;0;0;0;0;0;0;0;0;0;0;0;0;0;0;0;6;4;0;1;0;0;0;0;10;0;0;0;1;0;0;0;0;0;0;0;0;4;0;5;4;0;0;0;0;0;0;0;0;0;0;0;0;6;0;0
CAZ05;0,426547;-79,24618;160;CA_M;A_Caca;5,214712139;0,417980454;421,2068614;0,815080915;0,505584578;0,464182908;0,044938417;1,020377604;0;0;0;0;0;3;0;0;0;0;0;0;0;0;0;0;0;0;0;0;0;0;0;0;0;0;0;0;0;0;0;0;14;0;1;0;0;0;0;0;0;0;0;0;0;0;0;0;0;0;0;0;0;0;0;0;0;1;0;1;0;0;0;0;0;0;0;0;0;0;0;0;0;0;0;0;0;2;0;0;0;0;0;0;0;0;0;0;0;0;0;0;0;4;0;0;0;0;0;0;0;0;1;0;0;0;0;0;0;0;0;0;0;0;0;0;0;0;0;0;0;0;0;0;0;0;0;0;0;0;0;0;0;0;0;0;0;0;0;1;3;0;0;0;1;3;2;0;0;1;0;0;0;0;1;0;0;0;0;0;0;0;0;0;1;0;0;0;0;0;0;0;0;0;0;0;0;0;0;0;0;0;0;8;0;0;0;0;1;0;0;0;0;0;0;0;0;0;0;0;0;0;0;0;0;0;0;0;0;0;0;0;1;0;0;0;0;0;6;0;0;0;0;0;0;0;0;0;0;1;0;0;0;0;0;0;0;0;0;0;0;0;0;0;0;0;1;0;0;0;0;2;0;0;0;0;0;0;0;0;0;0;0;0;0;0;0;0;0;0;0;0;0;2;0;0;0;0;0;0;0;0;0;0;0;0;0;0;2;0;0;0;0;0;0;0;1;0;0;0;0;0;0;0;0;0;0;0;0;0;0;0;0;0;0;0;0;6;2;0;0;0;0;0;0;0;0;0;0;0;0;1;0;0
CAZ07;0,399314;-79,25305;170;CA_M;A_Caca;5,219186448;0,420005003;425,0570854;0,780941918;0,417623598;0,464405529;0,057654137;0,773412698;0;0;0;0;0;6;0;0;0;0;0;0;0;0;0;0;0;0;0;0;0;0;0;0;1;0;0;1;0;0;1;0;7;0;0;0;0;0;0;0;0;0;0;0;0;0;0;0;0;0;0;0;0;0;0;0;0;0;0;2;0;0;5;0;0;3;0;0;1;0;0;0;0;1;0;0;0;5;0;0;0;0;0;0;0;0;0;0;0;9;1;0;0;0;0;0;0;0;0;0;0;0;4;0;0;1;0;0;0;0;0;0;4;2;0;0;0;0;0;2;0;0;0;0;0;0;0;0;0;0;0;1;0;0;0;0;0;0;0;0;5;0;0;0;5;6;2;0;0;2;0;0;0;0;3;0;1;0;0;0;0;0;0;0;0;0;0;0;0;0;0;1;0;0;0;0;0;0;0;0;0;0;0;6;3;4;0;0;0;0;0;0;0;0;0;0;0;0;0;0;0;1;0;0;0;0;0;0;0;12;0;0;3;0;0;0;0;0;4;0;0;0;0;0;4;0;0;0;0;1;0;0;0;0;0;0;0;0;0;0;0;0;0;0;0;0;1;0;0;0;0;0;0;0;0;0;0;0;0;0;0;0;0;0;0;0;0;0;0;0;0;5;0;0;0;0;0;0;0;0;0;0;0;0;0;0;0;7;0;0;0;0;0;0;3;1;0;0;0;0;0;0;8;0;0;0;8;0;0;0;0;0;0;0;0;2;0;7;9;2;0;0;0;0;0;0;0;0;0;0;0;3;0;0
CAZ12;0,421661;-79,235676;167;CA_M;A_Caca;5,2232677;0,419996457;415,2054911;0,798877534;0,430856086;0,474372638;0,048537789;0,983330233;0;0;0;0;0;4;0;0;0;0;0;0;0;0;0;0;0;0;1;0;1;0;0;0;0;0;0;0;1;0;0;0;15;0;0;0;0;4;0;0;0;0;0;0;0;0;0;0;0;0;0;0;0;0;0;0;0;0;0;3;0;0;7;0;0;0;0;0;0;0;0;0;0;1;0;0;0;0;0;0;0;0;0;0;0;0;0;0;0;12;0;0;0;8;0;0;0;0;0;1;0;0;15;0;2;0;0;0;0;1;0;0;10;0;0;1;1;0;0;1;0;0;0;0;0;0;0;0;0;0;0;0;0;0;0;0;0;0;0;0;7;0;0;0;4;8;9;0;0;0;0;0;0;0;11;0;4;0;0;0;0;0;0;0;0;0;0;0;0;0;0;1;0;0;0;0;0;0;2;0;0;0;0;14;1;15;0;0;1;0;0;0;0;0;0;0;0;0;0;0;0;1;0;3;0;0;0;0;0;8;0;0;8;0;0;0;0;0;11;0;0;0;0;2;3;0;0;0;0;6;0;0;0;2;0;0;1;0;5;0;0;0;0;0;0;0;8;0;0;0;0;4;0;0;4;0;0;0;0;0;0;0;0;0;0;0;0;0;0;7;0;2;1;6;0;0;0;0;0;4;0;0;0;0;0;0;0;2;0;0;1;0;0;0;8;12;0;0;0;0;0;0;15;0;0;0;18;1;0;0;0;0;0;0;0;8;0;12;13;1;1;0;0;1;0;9;0;0;0;0;0;0;0;0
CAZ14;0,41128;-79,265714;148;CA_M;A_Caca;5,152284256;0,456807667;433,6275372;0,756431943;0,473238558;0,454130112;0,072700002;1,595079985;0;0;0;0;0;12;0;0;0;0;0;0;0;0;0;0;0;0;1;1;0;0;0;0;0;0;0;1;0;0;1;0;12;0;0;0;0;1;0;0;0;0;0;0;0;0;0;0;1;0;0;0;0;0;0;0;0;0;0;0;0;0;7;0;1;0;0;0;0;0;0;0;0;2;0;0;0;0;1;0;0;0;0;0;2;0;0;0;0;12;0;0;0;1;0;0;1;0;0;0;0;0;10;0;1;0;0;0;0;0;0;1;5;0;0;0;0;0;0;2;0;0;0;0;0;0;0;0;0;0;0;1;0;0;0;0;0;0;0;2;3;0;0;0;7;4;11;0;0;4;0;0;0;2;0;0;3;0;0;0;0;0;0;0;0;0;0;0;3;0;0;1;0;0;0;0;0;0;0;0;0;2;0;8;1;1;0;0;3;0;0;0;0;0;0;0;0;0;0;0;0;0;1;5;0;0;0;0;0;2;1;0;3;0;0;0;0;0;5;0;0;0;1;0;0;0;0;0;0;10;0;0;0;1;0;2;0;1;2;0;0;0;0;0;0;0;10;0;0;0;0;2;0;0;12;0;0;0;0;0;0;0;0;0;0;0;0;0;0;5;0;0;3;6;0;0;0;0;0;3;0;0;0;0;1;0;0;0;0;0;0;0;0;1;10;14;0;0;0;0;0;0;17;0;0;0;8;1;0;0;0;0;0;0;0;5;0;7;19;3;0;0;0;0;0;0;0;0;0;0;0;9;0;0
CAZ17;0,407272;-79,2509;163;CA_M;A_Caca;5,227775793;0,407774247;466,1567818;0,813944499;0,43686099;0,485362045;0,097457261;1,557986111;0;0;0;0;0;12;0;1;0;0;0;0;0;1;0;0;0;1;1;0;0;0;0;0;3;1;0;1;0;0;1;1;17;0;0;1;0;4;0;0;0;0;0;0;0;0;0;0;0;0;0;0;0;0;0;0;0;1;0;0;0;0;6;0;0;2;0;0;0;0;0;0;0;3;0;0;0;6;0;0;0;0;0;0;1;0;2;0;0;5;0;0;0;7;0;1;0;1;0;0;0;0;10;0;0;0;0;0;0;1;0;0;1;0;0;1;0;0;0;0;0;0;0;0;0;0;0;0;0;0;0;1;0;0;0;0;0;0;0;0;2;0;0;0;4;6;8;0;0;0;0;0;0;0;1;0;2;0;0;0;0;0;0;1;0;0;0;0;0;0;1;0;0;0;0;0;1;1;4;0;0;0;0;13;2;1;0;0;6;0;0;0;0;0;0;0;0;0;0;0;0;0;0;0;0;0;0;0;0;2;0;0;3;0;0;0;0;1;2;1;0;0;2;3;0;0;0;0;0;3;0;0;0;2;0;0;0;1;4;0;0;0;0;0;0;0;15;0;0;0;0;5;0;0;8;0;0;0;0;0;0;0;0;0;0;0;0;1;0;7;3;0;1;6;0;0;0;0;0;1;0;0;0;0;0;0;0;0;0;0;0;0;0;0;5;5;0;0;0;0;0;0;11;0;0;1;19;0;0;0;0;0;0;0;0;4;0;4;14;0;1;0;0;0;0;3;0;0;0;1;0;3;0;0
CA59;0,557309976;-79,179868;350;Cacao;F_Caca;5,099873868;0,488441302;406,7010513;0,716965448;0,447732428;0,47005889;0,070080333;1,265051463;0;0;1;1;0;8;0;2;0;0;0;0;0;1;0;0;0;0;1;8;0;0;0;0;1;0;0;1;0;1;1;0;11;0;1;0;1;0;0;0;0;0;0;0;0;0;0;0;0;0;0;0;0;0;0;0;0;0;1;8;0;0;9;0;1;0;0;0;2;0;0;0;0;0;0;0;0;9;0;0;0;0;1;0;5;0;1;0;0;0;2;0;0;6;0;2;0;2;0;0;0;0;5;0;1;1;0;0;0;0;0;0;1;0;0;0;0;0;0;0;0;0;0;0;0;0;0;0;0;0;0;0;0;0;0;0;0;0;0;18;3;0;1;0;6;7;9;0;0;0;0;2;0;0;4;0;8;0;0;0;0;0;0;0;0;0;0;1;0;0;0;2;0;0;0;0;0;0;1;0;0;1;1;10;1;3;0;0;1;0;0;0;0;0;0;0;0;1;0;0;0;0;0;0;0;0;0;0;1;1;1;0;9;0;0;0;0;0;6;0;0;0;1;3;2;0;0;0;1;1;0;0;0;0;0;0;1;0;2;1;0;0;0;2;0;0;6;0;0;0;0;0;2;0;5;0;0;0;0;0;0;0;0;0;0;1;1;0;0;5;0;4;1;4;0;0;0;0;0;5;0;0;0;0;7;0;0;0;0;0;0;0;0;1;14;4;0;1;0;1;0;2;4;0;0;0;6;0;2;0;0;0;0;0;0;2;0;15;5;5;0;0;0;0;0;7;0;0;0;1;0;0;0;0
CA60;0,510266;-79,2272;440;Cacao;F_Caca;5,238046935;0,409967067;341,049288;0,807146345;0,468299704;0,504418718;0,081823491;1,22109375;0;0;2;0;2;8;1;1;0;0;0;0;0;0;0;0;0;0;5;1;0;0;0;0;1;0;0;0;0;1;4;0;9;0;1;0;0;12;0;0;0;1;0;0;0;0;0;0;1;0;0;0;0;0;0;0;0;0;0;0;0;0;4;0;5;0;0;0;5;0;1;0;0;0;0;0;0;1;0;0;0;0;0;0;4;0;0;0;0;0;0;0;0;0;0;0;0;1;0;0;0;1;3;0;1;2;0;0;0;1;0;0;0;1;0;0;0;0;0;0;0;0;0;0;2;0;0;0;0;0;1;0;1;0;0;0;0;0;0;1;0;0;0;0;0;0;1;0;0;2;0;0;0;0;0;0;1;0;0;0;0;4;0;0;0;1;1;0;0;0;0;5;0;0;0;0;0;0;0;1;0;0;0;13;0;5;0;0;4;0;0;0;0;0;0;1;0;0;2;0;0;0;0;0;0;0;1;0;0;0;1;0;4;0;0;0;1;0;3;0;0;4;1;3;0;0;0;1;8;2;0;0;0;0;0;0;0;0;3;0;0;0;0;7;2;0;9;0;0;0;0;1;0;3;6;0;0;0;0;0;0;0;0;0;0;3;0;0;0;5;0;3;2;6;0;0;0;1;0;1;0;1;0;1;1;0;0;0;0;0;1;0;0;1;4;2;1;0;0;3;1;0;6;0;0;0;11;1;0;0;1;0;0;0;0;1;0;5;7;0;0;0;0;0;2;2;0;0;0;0;0;5;0;0
CA61;0,534000993;-79,18769603;293;Cacao;F_Caca;5,186626934;0,439231257;167,3254395;0,600571405;0,444795715;0,443745881;0,07661134;0,624091642;3;0;0;0;0;2;2;5;0;0;0;0;0;0;0;0;2;1;1;2;0;0;0;0;1;0;0;0;0;1;1;0;1;0;1;0;0;9;0;0;0;0;0;0;0;1;0;0;0;0;0;0;0;0;0;0;0;0;0;0;0;0;12;0;3;0;0;0;9;1;0;0;0;0;0;0;0;4;2;1;5;0;1;5;2;0;0;0;0;0;1;0;0;0;0;1;0;0;1;0;0;0;2;0;3;0;2;0;0;0;0;0;0;0;0;3;0;0;0;0;0;2;0;0;2;0;1;0;0;0;3;1;0;0;0;0;0;0;0;0;2;0;0;1;3;15;0;0;0;2;0;3;0;0;2;0;9;0;0;0;0;2;0;1;2;0;0;1;0;0;0;4;0;0;1;0;0;1;0;0;0;3;2;7;0;1;0;1;7;0;0;0;0;0;0;0;0;2;7;0;1;0;0;3;0;0;6;1;0;1;2;0;8;0;2;0;0;1;1;1;0;0;2;12;1;0;0;0;5;1;0;0;0;0;0;0;1;0;3;0;0;0;1;8;0;0;23;0;3;0;0;0;1;1;9;0;0;0;0;0;1;0;0;0;0;0;0;0;0;0;0;2;1;0;0;0;0;0;0;3;2;0;0;0;2;1;0;2;1;0;3;0;0;3;7;5;4;0;0;1;0;0;3;1;0;0;7;5;1;0;2;0;0;0;0;3;0;10;2;0;0;0;2;1;0;0;0;1;0;0;3;5;0;0
CA62;0,511048995;-79,212168;372;Cacao;F_Caca;5,150530162;0,461055468;150,3710391;0,594220843;0,496989101;0,442722132;0,109876027;1,432955109;0;0;0;0;1;2;0;2;0;0;0;0;0;0;0;0;0;0;4;1;0;0;0;0;0;0;0;0;0;2;0;0;4;0;1;0;0;5;0;0;0;0;0;0;0;8;2;1;1;0;0;0;0;0;0;0;0;0;0;0;0;0;10;0;0;0;0;0;3;0;0;0;0;0;0;0;0;10;2;0;0;0;0;0;0;0;0;3;0;0;1;0;0;0;0;0;0;0;0;1;0;0;5;0;2;2;0;0;0;0;0;0;0;1;0;0;0;0;0;0;0;0;0;0;0;0;0;0;0;0;0;0;0;1;0;0;0;0;0;4;1;0;0;0;2;4;0;0;0;1;0;2;0;0;4;0;4;0;0;0;1;3;0;0;0;0;0;0;0;0;0;1;0;0;0;1;0;2;1;1;0;0;0;9;1;4;0;0;9;0;0;0;0;0;0;3;0;0;0;0;4;0;0;2;1;0;8;0;0;0;9;0;9;0;0;0;0;3;1;0;0;1;0;0;1;0;0;2;2;6;0;0;0;0;0;0;0;0;11;0;0;6;0;3;1;0;27;0;0;0;0;0;0;6;2;0;0;0;0;0;0;0;0;0;0;0;0;0;0;0;0;0;1;1;0;1;0;0;0;3;0;1;0;0;3;0;0;0;0;0;1;0;0;0;12;9;0;0;0;0;0;0;5;2;1;0;3;0;1;0;1;0;0;0;0;5;0;5;13;4;0;0;3;1;0;2;0;0;0;0;0;1;0;0
CA63;0,544072017;-79,14537496;240;Cacao;F_Caca;5,168242985;0,445852399;135,8824312;0,569241478;0,438832349;0,439515553;0,102534624;0,962441096;0;0;0;0;1;1;0;3;0;0;0;0;0;0;0;0;3;0;0;7;0;0;0;0;6;0;0;0;0;5;0;0;0;0;1;0;0;0;0;0;0;0;1;0;0;2;0;0;1;0;0;0;0;0;0;0;0;0;0;0;0;0;0;0;0;0;0;0;0;1;0;0;0;0;0;0;0;14;0;0;0;0;0;0;3;0;0;1;0;0;1;0;0;0;0;0;0;0;0;4;0;0;2;0;1;2;0;0;0;0;1;0;0;0;0;0;0;2;0;0;0;1;0;0;0;0;0;0;0;0;0;0;0;0;0;0;0;0;0;0;0;0;0;0;7;3;0;0;0;6;0;1;0;0;1;0;3;0;0;0;4;0;0;0;9;0;0;0;0;0;0;0;0;0;0;0;0;0;0;1;0;1;2;0;0;0;0;2;0;0;0;0;0;0;0;0;0;2;2;0;0;0;0;0;0;0;4;0;0;0;2;0;1;0;0;0;1;0;0;0;0;0;2;0;0;0;0;0;17;0;0;0;0;0;0;0;0;0;0;0;0;0;6;2;2;0;1;0;0;1;0;0;0;3;7;0;0;0;0;0;0;0;0;0;0;0;0;0;0;0;0;0;0;0;0;0;0;3;0;0;0;0;0;0;0;0;0;0;0;0;1;0;0;2;0;0;1;0;0;2;0;0;0;0;0;0;0;0;1;0;0;0;1;0;0;1;0;0;0;0;0;0;0;0;0;0;0;0;0;1;0;4;0;0
CA64;0,543443961;-79,15454602;256;Cacao;F_Caca;5,186983454;0,446029293;196,9388703;0,62528919;0,401341359;0,46271404;0,123657123;0,979123264;0;0;0;0;3;1;2;1;0;0;0;0;0;0;0;0;0;0;10;6;0;0;0;0;4;0;0;1;0;3;1;0;8;0;1;3;0;0;0;0;0;0;0;0;0;1;0;1;2;0;0;0;0;0;0;0;0;0;0;1;0;0;5;0;0;0;0;0;2;1;0;0;0;4;0;0;0;12;1;0;0;0;0;2;3;1;0;1;0;0;2;0;0;0;1;0;0;0;0;0;0;0;6;0;4;2;0;0;0;0;0;0;0;1;0;0;0;0;0;0;0;0;0;0;0;0;1;0;0;0;0;2;0;0;0;0;1;0;0;0;2;0;1;0;0;0;0;0;0;8;0;6;0;0;3;0;4;0;0;0;0;4;0;0;3;0;0;0;0;0;0;1;0;0;0;0;0;0;1;1;0;1;0;26;1;2;0;0;8;0;0;0;0;0;0;0;0;0;8;0;0;1;0;2;0;0;2;0;0;0;0;0;4;0;0;0;0;3;10;0;0;3;1;2;0;0;0;0;0;1;0;0;0;0;0;0;0;0;7;0;0;0;0;17;0;0;27;0;2;0;1;0;0;1;11;0;0;0;0;0;0;0;0;0;0;0;0;0;0;0;0;2;0;7;0;0;0;0;0;5;0;0;0;0;13;2;3;0;0;0;0;0;0;1;13;5;0;0;0;1;0;0;13;0;1;0;3;0;0;0;0;0;0;0;0;3;0;22;1;0;0;0;3;0;0;0;0;0;0;0;0;3;0;0
OGZ04;0,409508;-79,253342;160;OG_M;A_Old;5,154506652;0,466715695;370,6441043;0,729602632;0,433870283;0,440084064;0,038960588;0,957130456;0;0;0;0;1;3;0;0;0;0;0;0;0;0;0;1;1;0;0;0;0;1;0;0;5;0;0;1;0;1;2;1;0;0;0;0;2;3;1;0;0;0;0;0;0;0;0;0;1;0;0;1;0;3;0;1;1;0;0;0;1;1;4;0;0;0;0;0;1;0;0;0;0;0;0;0;0;1;0;0;0;0;1;1;0;0;0;5;0;1;0;2;0;0;0;0;0;1;0;0;0;0;3;1;7;3;0;0;0;0;0;0;2;5;0;0;0;0;0;0;0;0;0;1;0;0;0;0;0;0;2;1;1;0;0;0;1;0;0;7;6;0;0;0;15;0;4;0;0;8;1;4;0;0;6;0;4;0;1;0;4;0;1;0;9;1;0;0;0;0;0;2;0;0;0;0;0;0;0;0;0;6;1;5;4;2;0;0;0;0;0;0;0;0;0;1;0;0;0;0;0;0;0;1;0;0;1;0;0;0;0;0;1;0;0;0;0;1;0;1;0;0;1;0;0;0;0;2;1;1;0;0;1;0;1;0;1;0;0;0;0;1;3;0;0;0;7;0;0;0;0;4;1;3;10;0;1;1;0;0;0;1;0;1;0;0;0;0;0;0;0;0;0;1;0;0;2;1;0;3;0;1;0;0;1;1;1;0;0;0;0;1;0;0;6;2;1;0;0;0;0;1;1;0;1;0;2;1;0;0;0;0;0;0;0;8;1;0;4;0;0;0;1;2;1;1;0;1;1;0;0;0;0;0
OGZ09;0,395029;-79,25339;170;OG_M;A_Old;5,212150501;0,431237732;244,5543288;0,633533296;0,479267394;0,431166862;0,028804686;0,752759177;0;0;0;0;0;1;0;0;0;0;0;0;0;0;0;0;1;0;0;0;0;0;0;0;2;0;0;0;0;0;0;0;0;0;0;0;0;0;1;0;0;0;0;0;0;0;0;0;0;0;0;1;0;0;0;0;0;0;0;4;0;0;1;0;0;0;0;0;0;0;0;0;0;0;0;0;0;3;0;0;1;0;0;0;0;0;0;2;0;0;0;0;0;0;0;0;0;8;3;0;0;0;1;0;1;0;0;0;0;0;0;0;1;1;0;0;0;0;0;0;1;1;0;0;0;0;0;0;0;0;1;0;1;0;0;0;0;0;0;0;5;0;0;0;3;2;2;0;0;2;0;6;0;1;0;0;0;0;0;0;0;0;0;0;0;0;0;5;0;0;0;0;0;0;0;0;0;0;0;0;0;9;1;1;1;0;1;0;0;0;0;0;0;0;0;0;0;0;0;0;0;0;0;0;0;0;5;0;0;0;0;0;1;0;0;0;0;4;0;0;0;2;0;0;0;0;1;0;0;0;0;0;0;0;0;0;0;0;0;0;0;0;0;1;0;0;6;0;0;0;0;0;0;0;7;0;0;0;0;0;0;0;0;0;0;0;0;0;0;1;0;0;0;0;0;0;2;1;0;2;0;0;0;0;0;0;0;0;0;0;0;0;0;0;1;1;0;0;0;0;0;1;0;0;2;0;0;0;0;0;0;0;0;0;0;2;0;0;2;0;0;0;0;0;0;0;0;0;0;0;0;3;0;0
OGZ10;0,433639;-79,235779;165;OG_M;A_Old;5,198501186;0,43580552;357,0446583;0,776749384;0,453501523;0,43775491;0,041873139;0,755719866;0;0;1;0;0;0;0;0;0;0;0;0;0;0;0;0;0;0;0;3;0;0;1;0;1;0;0;0;0;0;0;0;0;0;1;0;9;0;0;0;0;0;0;0;2;1;0;0;1;0;1;0;0;0;1;0;1;0;0;2;0;0;2;0;0;0;0;0;1;0;0;0;0;0;1;0;0;0;0;1;0;0;1;0;0;0;0;0;0;0;0;0;0;0;0;1;0;4;4;0;0;0;4;2;4;2;1;0;0;0;1;0;0;3;0;0;1;1;0;0;0;1;0;0;0;0;0;0;0;0;1;0;1;0;0;0;0;0;0;0;1;1;0;0;7;1;2;0;0;12;0;7;0;0;1;0;0;0;1;0;3;3;0;3;2;1;0;1;0;0;0;0;1;1;0;0;0;0;0;0;0;0;1;0;0;0;2;0;0;0;0;0;0;0;0;0;1;0;0;1;2;0;0;0;0;0;5;0;0;0;1;0;1;0;0;0;0;12;1;0;0;1;0;1;2;0;1;1;3;0;0;0;0;0;0;0;0;0;0;0;0;0;0;3;0;0;2;0;1;0;0;0;0;4;2;0;0;0;0;0;0;0;0;0;0;0;0;0;0;0;0;0;0;1;0;0;3;2;0;0;0;1;0;1;0;2;0;0;0;1;0;0;0;5;0;0;2;0;0;1;0;0;1;2;1;1;0;0;1;0;1;0;0;0;0;2;0;0;1;0;0;0;1;0;0;0;0;1;1;1;2;1;0;0
OGZ13;0,423632;-79,261471;145;OG_M;A_Old;5,190047633;0,441057923;355,3624656;0,786311558;0,558957198;0,438024092;0,03832922;1,030555556;0;0;0;0;1;0;1;0;0;0;0;1;0;1;0;0;0;1;0;0;0;1;0;0;0;0;0;1;0;0;0;0;0;0;0;0;1;2;0;0;0;0;1;1;0;0;0;0;0;0;0;0;0;0;2;0;0;0;0;1;0;0;1;0;1;0;0;0;0;0;0;0;0;0;1;0;0;3;0;0;0;0;0;0;0;0;0;0;0;1;0;0;0;0;0;0;0;3;2;0;0;1;3;0;2;5;0;0;0;0;0;0;2;1;0;0;1;0;0;0;0;0;0;0;2;0;0;0;0;0;2;0;0;0;0;0;0;0;0;0;0;1;0;0;5;2;9;0;0;7;0;6;0;0;0;0;0;0;0;0;0;0;0;1;6;0;0;1;0;0;0;0;0;0;0;0;0;0;0;0;0;0;0;4;1;0;2;1;0;0;0;0;0;0;0;0;0;0;0;0;5;0;0;0;0;0;1;0;0;0;0;0;2;0;0;0;0;5;1;0;0;1;1;1;0;0;0;1;11;1;0;0;0;0;0;0;2;0;0;0;0;0;7;1;1;0;5;0;1;0;0;0;0;3;6;0;0;0;0;0;0;0;0;2;0;0;0;0;0;0;0;0;1;0;0;0;1;1;0;3;0;1;0;0;0;0;0;1;0;0;0;0;0;2;3;3;0;0;0;0;0;0;1;0;1;0;1;0;1;0;0;0;0;1;0;1;0;0;2;0;0;0;0;0;0;0;0;0;0;0;6;1;0;0
OGZ20;0,461047;-79,1438;172;OG_M;A_Old;5,230548264;0,408346123;435,4315596;0,840923491;0,454080344;0,438438312;0,041551097;0,870588418;0;0;0;0;0;1;0;0;0;0;0;0;0;0;0;0;0;0;0;1;0;0;0;0;2;0;0;0;0;2;0;0;0;0;1;0;2;0;1;0;0;0;0;0;0;0;0;0;0;0;0;0;0;0;0;0;1;0;0;0;0;0;1;0;1;0;0;0;1;0;0;0;0;0;0;0;0;4;0;0;1;0;1;3;0;0;0;18;0;0;0;1;1;0;0;2;0;10;1;0;0;0;1;0;2;3;0;0;0;0;0;0;1;0;0;0;0;0;0;0;1;0;0;0;0;0;0;0;0;0;0;0;0;0;0;0;0;0;0;1;2;0;0;0;7;1;1;0;0;9;0;8;0;0;1;0;1;0;0;0;0;0;0;4;0;0;1;0;0;0;0;0;0;0;0;0;0;1;0;2;0;0;2;2;1;0;2;0;0;0;0;0;0;0;0;0;0;0;1;0;0;0;0;0;0;0;7;0;0;0;1;0;3;1;0;0;0;4;0;0;0;0;6;1;0;0;0;0;9;0;1;0;0;0;0;0;3;0;0;1;0;0;1;4;0;0;1;0;0;0;0;0;0;2;0;0;0;0;0;0;0;0;0;0;0;0;0;0;0;0;0;0;0;0;0;0;0;1;0;0;0;0;0;0;0;2;1;0;0;0;1;0;0;4;1;1;4;0;0;0;0;0;0;2;1;0;0;3;1;2;0;0;0;0;0;8;3;0;0;0;0;0;0;0;0;0;0;1;2;1;0;2;0;0
OGZ21;0,377547;-79,155161;170;OG_M;A_Old;5,236903316;0,411992106;422,6668169;0,864002046;0,548493772;0,453277936;0,047887667;1,902551463;0;0;0;0;0;0;0;1;0;0;0;0;0;0;0;0;0;0;0;0;0;0;0;0;4;0;0;0;0;0;2;0;0;0;0;0;1;0;0;0;0;0;1;0;0;0;0;0;0;0;0;0;0;0;0;0;0;0;0;0;0;0;0;0;0;0;0;0;2;0;0;0;0;0;0;0;0;1;0;0;0;0;0;0;0;0;0;0;1;0;0;0;2;0;0;4;0;0;0;0;0;0;1;0;0;1;0;0;0;0;0;0;0;1;0;0;1;0;0;0;0;0;0;0;0;0;0;0;0;0;0;1;0;0;0;0;0;0;0;0;0;0;0;0;4;0;0;0;0;1;0;0;0;0;0;0;0;0;0;0;1;0;0;0;0;0;0;0;0;0;0;0;0;0;0;0;0;0;0;0;0;1;0;0;0;0;1;0;0;0;0;0;0;0;0;0;0;2;0;0;0;1;0;1;0;0;0;0;0;1;1;0;2;0;0;0;0;0;0;0;0;0;0;2;1;0;0;0;11;0;0;0;0;0;0;0;0;0;0;0;0;0;1;0;1;0;0;0;0;0;0;0;0;1;0;0;0;0;0;0;0;0;0;0;0;0;0;0;0;0;0;0;0;0;0;0;0;0;0;0;0;0;0;0;0;0;0;0;0;0;0;1;0;0;0;0;0;0;0;0;0;0;0;2;0;0;0;0;1;0;0;0;4;0;0;0;0;0;0;0;0;0;0;0;1;0;0;1;0;0;2;0;0;0
OGZ22;0,466516;-79,098848;180;OG_M;A_Old;5,210437781;0,424652695;370,0212575;0,799038842;0,503329859;0,444055565;0,051697682;1,084316096;0;0;0;0;3;0;0;0;0;0;0;0;0;0;0;0;0;0;0;0;0;0;0;0;2;0;0;0;0;0;0;0;0;0;0;0;2;0;0;0;0;0;1;0;0;0;0;0;1;0;0;0;0;0;0;0;0;0;0;0;0;0;0;0;0;0;0;0;4;0;0;0;0;0;0;0;0;2;0;0;0;0;0;0;0;0;0;0;0;0;2;0;0;0;0;0;0;4;2;0;0;0;0;0;0;0;0;0;0;0;0;0;0;1;0;0;0;0;0;0;0;0;0;0;1;0;0;0;0;0;0;0;0;0;0;0;0;0;0;0;1;1;0;0;3;0;0;0;0;3;0;6;0;0;0;0;3;0;0;0;2;6;0;1;0;0;0;0;0;0;0;0;0;0;0;0;0;1;0;2;0;0;0;1;0;0;2;0;0;0;0;0;0;0;0;0;0;0;0;0;2;0;0;0;0;0;2;0;0;0;0;0;4;0;0;0;0;0;0;0;0;0;0;0;0;0;0;0;2;0;0;0;0;0;0;0;0;0;0;0;0;0;0;0;0;0;0;0;0;0;0;0;0;1;0;0;0;0;0;0;0;0;0;0;0;0;0;0;0;0;0;0;0;0;0;0;0;0;0;0;0;0;0;0;0;2;0;0;0;0;0;0;0;0;0;0;0;0;0;2;0;0;0;0;0;0;0;0;0;0;0;0;0;0;0;0;0;0;0;0;0;0;0;0;0;0;0;0;1;1;0;3;0;0
OGZ23;0,456369;-79,114619;180;OG_M;A_Old;5,195745957;0,437608535;443,0342141;0,825717018;0,518638889;0,443775579;0,046701625;1,246906002;0;0;0;0;0;0;0;0;0;0;0;0;0;0;0;0;0;0;0;0;0;0;0;0;1;0;0;0;0;0;0;0;0;0;0;0;9;1;0;0;0;0;1;0;0;1;0;0;0;0;0;0;0;0;0;0;0;0;0;0;0;0;0;0;0;0;0;0;1;0;0;0;0;0;0;0;0;6;0;2;0;0;0;0;0;0;0;2;0;2;1;0;0;0;0;1;0;1;0;0;0;0;0;0;0;1;0;0;0;0;0;0;1;1;0;0;0;0;0;0;0;0;0;0;0;0;0;0;0;0;0;1;0;0;0;0;0;0;0;0;0;0;0;0;7;2;3;0;0;4;0;2;0;0;0;0;0;0;0;0;10;2;0;0;0;0;0;0;0;0;0;0;0;0;0;0;0;0;0;0;0;1;0;0;0;0;0;0;0;0;0;0;0;0;0;0;2;1;0;0;0;0;0;0;0;0;3;0;0;0;3;0;2;0;0;0;0;1;0;0;0;0;1;0;0;0;0;0;6;0;0;0;0;0;0;0;0;0;0;0;0;0;1;4;1;0;1;0;0;0;0;0;0;6;0;0;0;0;0;0;0;0;0;0;0;0;0;0;0;0;0;0;0;0;0;0;0;0;0;0;0;0;0;0;0;0;0;0;0;0;0;0;1;0;0;0;0;0;0;0;0;0;0;0;0;0;0;0;0;1;0;0;0;0;0;0;0;0;0;0;0;0;0;1;0;0;0;0;0;0;0;0;0;0
OGZ25;0,456803;-79,13897;180;OG_M;A_Old;5,21139803;0,430826978;492,1381646;0,823181152;0,504139397;0,437774181;0,043775956;1,139037698;0;0;0;0;0;2;0;0;0;0;0;0;0;0;0;0;1;0;0;0;0;0;0;0;0;0;0;0;0;1;0;0;1;0;0;0;0;5;0;0;0;0;0;0;0;0;0;0;1;0;0;0;0;0;0;0;0;0;0;0;1;0;1;0;0;0;0;0;0;0;0;0;0;0;0;0;0;4;0;3;0;0;0;1;0;0;1;0;0;1;9;0;1;0;0;1;0;5;0;0;0;1;1;0;0;0;0;1;0;0;0;0;0;0;0;0;0;0;0;0;0;0;0;0;0;0;0;0;0;0;2;0;0;0;0;0;0;0;0;0;0;1;0;0;6;0;3;0;0;12;0;8;0;0;2;0;0;0;0;0;0;0;0;0;0;10;0;1;0;0;0;1;0;0;0;0;0;0;0;2;0;2;0;4;1;0;0;0;0;0;0;0;0;0;0;0;0;1;0;0;1;1;0;0;0;0;2;0;0;1;1;0;5;0;0;0;0;1;0;0;0;0;0;1;0;0;0;0;4;0;0;0;0;0;0;0;0;0;0;1;0;0;1;4;0;0;4;0;0;0;0;1;0;3;3;0;0;0;0;0;1;0;0;0;0;0;0;0;0;0;0;0;0;0;0;0;2;0;0;1;0;0;0;0;0;1;0;0;0;0;0;0;0;1;1;1;0;0;0;0;0;0;0;0;2;0;0;1;2;0;0;0;0;0;0;2;1;0;2;0;0;0;0;0;0;0;0;0;0;0;0;3;0;0
OG11_old;0,488081;-79,218927;514;Oldgrowth;F_Old;5,259063104;0,396016643;157,421359;0,729945592;0,387105439;0,462085818;0,119718325;0,958736359;0;0;0;0;0;0;0;0;0;0;0;0;0;0;0;0;0;0;0;0;0;0;0;1;0;0;0;0;0;0;0;0;0;0;0;0;8;0;0;1;0;0;0;2;0;0;0;0;0;0;0;0;0;0;21;0;0;0;0;0;0;0;0;0;0;0;0;0;0;0;0;0;0;0;0;0;1;0;0;0;0;2;0;0;0;0;0;0;0;0;0;0;0;0;0;0;0;0;1;0;0;3;0;1;0;1;0;0;0;0;0;0;0;0;0;0;0;0;0;0;0;3;0;0;2;0;0;0;0;0;2;0;0;0;0;0;0;0;0;0;0;0;0;0;0;0;0;0;0;0;1;0;0;0;0;0;0;0;0;0;11;4;0;0;0;0;0;0;0;0;0;0;0;0;0;0;0;0;0;2;0;0;0;0;0;0;1;0;0;1;0;0;0;0;0;0;0;0;2;0;1;0;0;0;0;0;1;0;0;0;1;0;0;0;1;0;0;2;0;0;0;0;0;0;0;0;1;0;9;0;0;0;0;0;0;0;1;0;0;1;0;0;0;8;0;0;0;0;4;0;0;0;0;0;0;1;0;0;0;0;0;0;0;0;0;0;0;0;0;0;0;0;0;0;0;0;0;0;0;0;2;0;0;0;0;0;1;0;0;0;0;0;0;0;0;0;0;0;0;3;0;0;0;1;0;0;0;0;0;4;0;0;0;2;1;0;0;0;0;0;0;0;0;0;5;0;0;0;0;1;0;10;0;0
OG37;0,498206494;-79,1791925;550;Oldgrowth;F_Old;5,296239611;0,366910279;132,5352528;0,710800898;0,445898204;0,448714499;0,15132733;0,677675471;0;0;0;0;0;0;0;1;0;0;0;3;0;0;0;0;1;0;0;0;0;0;1;1;0;0;0;0;0;0;0;0;0;0;0;0;2;0;0;0;0;0;0;0;3;0;0;0;0;0;0;0;0;0;1;0;2;0;0;0;0;0;0;0;0;0;1;0;0;0;0;0;0;0;0;0;1;0;0;0;0;0;0;0;3;1;0;0;0;0;0;0;1;0;0;0;0;0;3;0;0;0;0;3;2;8;0;0;0;0;0;0;0;0;0;0;0;0;0;0;1;1;9;1;1;0;0;0;0;0;2;0;0;0;0;0;0;0;0;0;0;0;0;0;0;0;0;0;0;1;1;0;1;0;0;0;0;0;0;0;6;2;0;1;0;0;0;0;0;0;0;0;0;0;0;0;0;0;0;0;0;0;2;0;0;0;2;0;0;0;0;0;0;0;0;0;0;0;3;0;1;0;0;0;0;0;2;0;0;0;0;0;0;0;0;1;0;0;0;0;0;1;0;0;0;0;1;0;2;0;0;0;0;0;0;0;0;0;0;0;0;2;0;7;0;0;0;0;0;1;0;0;0;0;0;0;2;0;0;0;0;0;0;0;0;0;0;0;0;0;0;0;0;0;0;0;6;0;0;0;1;0;0;2;0;0;0;0;0;0;0;0;0;0;0;0;2;0;0;7;0;0;0;0;0;0;0;0;0;2;0;0;0;1;1;0;0;0;0;0;0;0;0;0;0;0;0;0;0;0;0;0;0;0
OG38;0,513161989;-79,19323403;535;Oldgrowth;F_Old;5,304938353;0,362065888;154,276822;0,77902803;0,4837593;0,446315893;0,092894711;1,177083333;0;0;0;0;0;0;2;0;0;0;1;0;0;0;0;0;0;0;0;0;0;0;0;0;1;0;0;0;0;0;0;0;0;0;0;0;5;0;0;0;0;1;1;0;4;0;0;0;0;0;0;0;0;0;23;0;2;1;0;0;0;1;0;0;0;0;1;0;0;0;0;0;0;0;0;0;0;0;0;0;0;0;0;2;0;0;0;0;0;0;0;0;5;0;0;1;0;0;2;0;0;6;0;0;0;5;0;0;0;0;0;0;0;0;0;0;0;0;0;0;0;1;0;0;1;0;0;0;0;0;3;0;0;1;0;0;0;0;0;0;0;1;0;0;0;0;0;0;2;0;0;0;0;0;0;0;0;0;0;0;6;2;0;1;0;0;0;0;0;0;0;0;0;0;0;0;0;0;0;1;0;0;0;0;0;0;4;1;0;0;0;0;0;0;0;0;1;0;5;0;2;0;0;1;0;0;1;0;0;0;2;0;3;0;0;0;0;1;0;0;0;0;1;0;0;0;4;0;4;0;0;0;0;0;0;0;0;0;0;0;0;0;0;8;0;0;0;0;4;2;0;0;1;6;1;0;0;0;0;0;1;1;0;0;0;0;0;0;0;0;0;0;0;0;0;0;2;0;0;0;0;0;0;2;0;0;0;0;0;0;0;0;0;0;0;0;0;0;0;8;0;0;0;0;0;0;0;0;0;1;1;0;0;1;0;0;0;0;0;0;0;0;0;0;6;0;0;0;0;0;0;3;0;0
OG39;0,521560907;-79,19537184;576;Oldgrowth;F_Old;5,280976406;0,37602642;504,3141204;0,874036516;0,50018237;0,439897777;0,076780754;1,110267857;0;0;0;0;3;0;0;2;0;0;0;0;0;0;0;1;0;0;0;0;0;0;0;0;0;0;0;0;0;0;0;0;0;1;0;0;11;0;0;0;0;0;0;0;1;0;0;0;0;0;0;1;0;0;5;0;2;0;1;0;0;1;0;0;0;0;0;0;0;0;0;0;0;0;0;0;0;0;0;1;0;0;0;1;3;0;0;0;0;0;0;0;3;0;0;1;0;0;2;0;1;0;1;1;0;6;0;0;0;0;0;0;0;0;0;0;0;0;0;0;0;0;1;2;0;0;0;1;0;0;0;0;1;2;0;0;0;0;0;0;0;0;0;0;0;0;0;0;4;1;0;1;0;0;0;0;0;0;0;0;4;1;0;0;0;0;3;0;0;0;0;0;1;0;0;0;0;0;0;3;0;0;0;0;0;0;0;0;0;0;0;0;0;0;0;0;0;0;1;2;0;0;1;0;0;0;0;0;0;0;0;0;3;0;1;0;0;1;0;0;0;1;0;0;0;0;1;0;12;0;0;0;0;0;1;0;0;0;0;0;0;0;0;4;1;0;0;0;0;2;0;0;0;0;0;0;0;0;0;0;1;0;0;0;0;0;0;0;0;0;0;0;0;0;0;0;5;0;0;0;2;0;0;0;3;1;0;0;0;0;0;1;0;0;0;1;2;0;0;3;0;0;0;0;0;0;0;0;0;4;1;0;1;1;0;0;0;0;0;1;0;0;0;0;0;0;0;1;0;3;1;10;0;0
OG40;0,527762929;-79,1723843;531;Oldgrowth;F_Old;5,156335586;0,458524232;166,4813854;0,577218192;0,501852987;0,446479064;0,169636285;0,866356647;0;0;0;0;0;0;0;3;0;0;0;2;0;0;0;0;0;0;0;0;0;0;0;0;0;0;0;0;0;1;0;0;0;0;0;0;6;0;0;0;0;0;0;1;1;0;0;0;0;0;0;0;0;0;13;0;5;0;0;0;0;0;0;0;0;0;0;0;0;0;0;0;0;0;0;0;0;0;0;0;0;0;0;1;0;2;0;0;0;0;0;0;1;0;0;0;0;0;0;0;0;1;0;0;0;6;0;0;0;0;1;0;0;0;0;0;0;1;0;0;0;1;2;0;0;0;0;0;0;0;5;0;0;9;0;0;0;0;0;0;0;0;0;0;0;0;0;0;1;0;0;0;0;0;0;0;0;0;0;0;5;0;0;0;0;1;0;0;0;0;0;0;1;0;0;0;0;0;0;3;0;0;0;0;0;0;0;1;0;0;0;0;0;0;0;0;0;1;3;1;0;0;0;0;0;0;0;0;0;0;2;0;0;0;0;0;0;1;0;0;0;0;0;0;0;0;4;0;2;0;1;0;0;0;0;0;0;0;0;1;0;0;0;6;0;0;0;0;0;2;0;0;0;3;0;0;15;0;0;0;0;0;0;0;0;0;0;0;0;0;0;0;0;0;0;0;0;0;0;0;1;0;0;3;0;3;0;0;0;0;0;0;0;0;0;0;1;0;0;4;0;0;0;0;0;0;0;0;0;6;0;0;0;0;2;0;0;0;0;0;0;0;0;0;0;0;1;0;0;0;2;1;0;0
OG41;0,52989604;-79,18850798;389;Oldgrowth;F_Old;5,278762851;0,382898657;363,8393378;0,841602144;0,476571382;0,42812116;0,032542554;0,305180432;0;0;0;0;7;0;0;0;0;0;0;0;0;0;0;0;0;0;0;1;0;0;0;0;4;0;1;0;0;2;0;0;0;0;1;0;16;1;1;0;0;0;2;0;0;0;0;0;0;0;0;1;0;0;0;0;0;0;0;0;1;0;1;0;0;0;0;0;0;0;0;0;0;0;1;0;1;1;0;0;4;1;0;2;0;0;0;4;1;0;1;0;7;0;0;6;1;1;1;0;0;0;1;0;0;5;0;0;0;0;0;0;0;0;0;0;0;1;0;0;0;0;0;2;1;0;0;0;0;0;0;0;1;0;0;0;0;0;0;2;0;0;0;0;0;0;0;0;1;0;0;0;0;0;0;0;2;0;0;0;11;1;0;0;0;0;0;1;0;0;0;0;0;0;0;0;0;0;0;2;0;0;0;0;0;0;4;0;0;0;0;0;0;0;0;0;0;0;1;0;1;0;0;0;0;0;1;0;0;0;4;0;1;0;1;1;0;1;0;0;0;0;0;1;0;0;1;1;9;0;1;0;0;0;0;0;1;0;0;0;0;0;6;5;0;0;0;0;1;3;0;0;0;6;0;0;0;1;1;0;0;0;0;1;0;0;0;0;0;0;0;0;0;0;0;0;5;0;0;2;0;0;0;0;0;1;0;0;0;2;0;0;0;1;0;0;1;0;0;3;0;0;0;2;2;0;0;1;4;1;3;0;1;3;1;0;0;0;0;0;0;0;0;0;1;0;0;1;1;3;6;6;0;0
OG42;0,538493693;-79,17462629;374;Oldgrowth;F_Old;5,227881122;0,414358335;149,3915319;0,619945708;0,519090491;0,438306554;0,072025721;0,835193452;0;1;0;0;0;0;0;3;0;0;0;1;0;1;0;0;0;0;0;1;0;0;1;1;2;0;0;0;0;0;0;0;0;0;0;0;7;0;0;0;0;0;0;0;3;0;0;0;0;0;0;0;0;8;0;0;0;0;0;0;0;0;0;0;0;0;1;0;0;0;0;0;0;0;0;0;1;1;0;0;0;0;0;0;0;0;0;2;0;0;0;0;5;0;0;5;0;0;4;0;0;0;0;1;0;2;0;0;0;0;1;0;0;0;0;0;5;0;0;0;0;2;0;0;0;0;1;0;0;0;2;0;6;12;1;0;0;0;0;0;0;0;0;1;1;0;1;0;1;0;1;0;0;0;0;0;1;0;0;0;3;7;0;0;0;1;0;0;0;0;0;0;0;1;0;0;0;1;0;2;0;0;0;0;0;0;7;2;0;0;0;0;0;0;0;0;0;0;0;0;0;0;0;0;0;0;2;0;0;0;2;0;1;0;0;2;0;1;0;0;0;0;0;0;0;0;6;0;11;0;0;0;0;0;0;0;0;0;0;0;0;1;0;10;8;0;0;0;1;3;0;0;0;5;0;1;1;3;0;0;0;0;0;0;0;0;0;0;0;0;0;0;0;0;0;0;3;0;0;0;0;0;0;0;0;0;0;0;0;0;0;1;0;6;0;0;0;0;0;4;0;0;0;0;0;0;0;0;1;0;0;0;6;3;0;0;0;1;0;0;0;0;0;0;0;0;0;0;1;1;2;2;0;0
OG43;0,464510573;-79,2100058;238;Oldgrowth;F_Old;5,209086863;0,425945834;148,0904716;0,674185617;0,509635985;0,43941041;0,057023259;0,710503472;0;0;0;0;0;0;2;5;0;0;0;1;0;2;0;0;0;0;0;1;0;0;0;0;4;0;0;0;0;1;2;2;0;2;0;0;2;0;0;0;0;0;0;0;8;0;0;0;1;0;0;0;0;0;0;0;4;0;0;0;0;0;0;0;0;0;0;0;0;0;0;0;0;0;0;1;0;0;0;0;0;1;1;1;0;0;0;3;0;0;0;0;0;0;0;1;0;0;3;0;0;3;0;1;0;7;0;0;0;0;1;0;0;0;0;0;0;3;0;0;1;0;0;0;0;0;0;0;0;0;0;0;0;0;0;0;0;0;0;0;0;0;0;3;1;0;0;1;0;1;0;0;0;0;0;0;0;0;0;0;2;5;0;0;0;0;0;0;0;0;0;0;1;0;0;1;0;0;0;0;0;0;0;0;0;0;1;0;0;0;1;0;0;0;0;0;0;0;8;0;0;0;0;0;0;0;1;0;0;0;5;0;4;0;0;1;0;0;0;0;0;0;2;4;0;1;5;0;5;0;1;0;0;0;0;0;0;0;0;0;0;0;1;19;0;0;0;0;1;3;0;0;0;2;0;1;3;0;0;0;0;0;0;0;0;0;0;0;0;0;0;0;0;0;0;0;4;0;0;0;0;0;0;3;0;2;1;0;0;0;0;0;0;1;0;0;1;0;0;11;0;0;0;0;0;0;0;0;1;0;0;2;0;0;0;0;0;1;0;0;0;0;0;0;1;0;0;0;0;1;9;2;0;0
OG44;0,474365344;-79,19811012;339;Oldgrowth;F_Old;5,243415204;0,406287283;356,2961888;0,848234631;0,513064355;0,435052334;0,043621987;0,869391741;0;0;0;0;7;0;0;3;0;0;0;0;0;0;0;0;0;0;0;0;0;0;0;0;0;0;0;0;0;1;1;0;0;0;0;0;6;0;0;0;0;0;0;0;2;0;0;0;0;0;0;1;0;0;2;0;0;0;0;0;0;1;0;0;0;0;0;0;0;0;0;0;0;0;0;0;0;1;0;0;0;1;0;0;1;0;0;1;2;0;0;0;3;0;0;1;0;0;0;0;0;0;0;0;1;3;0;0;0;0;0;0;0;0;0;0;1;0;0;0;0;0;0;0;0;0;0;0;0;0;1;1;0;5;1;0;0;0;0;0;0;5;0;1;0;0;0;0;3;0;0;0;0;0;0;0;0;0;0;0;4;1;0;0;0;0;0;0;0;0;0;1;0;0;0;0;0;0;0;0;0;0;0;0;0;0;0;0;0;0;0;1;0;0;0;0;1;0;2;0;0;0;0;0;0;0;1;0;0;0;4;0;1;0;1;2;0;0;0;0;0;0;0;1;0;0;1;0;8;0;0;0;0;0;0;0;0;0;0;0;0;0;0;6;1;0;0;0;1;1;0;0;0;5;1;1;4;0;0;0;1;0;0;0;0;0;1;0;0;0;0;0;0;0;0;0;5;0;0;0;0;0;0;0;0;2;3;0;0;0;0;1;0;0;0;0;1;0;0;10;0;0;0;0;2;0;0;0;1;0;1;0;2;2;1;0;0;0;0;0;0;0;0;0;0;0;0;0;1;2;2;0;0;0
OG45;0,477782981;-79,20370404;362;Oldgrowth;F_Old;5,298702873;0,373659561;135,7379173;0,767057873;0,475339904;0,443354351;0,058915975;0,832567584;0;0;0;0;0;0;0;1;0;1;0;0;0;2;0;0;0;0;0;0;0;0;0;0;1;0;0;0;0;3;0;0;0;0;0;0;7;0;0;0;0;0;0;0;3;0;0;0;1;0;0;0;0;0;9;0;1;0;0;0;0;0;0;0;0;0;0;0;0;0;0;0;0;0;0;0;0;0;0;0;0;0;2;4;0;0;0;1;0;0;0;0;0;0;0;0;0;0;3;0;0;3;0;0;0;2;0;0;0;0;0;0;0;0;0;0;0;0;0;0;1;4;0;1;2;0;0;0;0;0;0;0;0;4;0;0;0;0;0;1;0;0;0;0;0;0;0;0;2;0;0;0;0;0;0;0;0;0;0;1;4;1;0;1;0;0;2;0;0;0;0;0;0;0;0;1;0;0;0;3;0;0;0;0;0;0;1;0;0;0;0;0;0;0;0;0;1;0;1;1;0;0;1;0;0;0;1;0;0;0;0;0;2;0;0;1;0;1;0;0;0;0;0;0;0;0;5;0;10;0;0;0;0;0;0;0;1;0;0;0;0;0;0;9;1;0;0;0;3;1;0;0;0;0;0;1;3;0;0;0;0;0;0;1;0;0;0;0;0;0;0;0;0;0;0;0;2;0;0;0;0;0;0;6;2;1;3;0;0;0;0;0;0;0;0;0;0;0;0;5;0;0;0;0;0;0;0;0;0;0;4;1;0;5;1;0;0;0;0;0;0;0;0;0;0;0;0;0;0;0;5;10;0;0
OG46;0,478052963;-79,19470296;260;Oldgrowth;F_Old;5,216489097;0,413901647;75,0630893;0,633507138;0,414911958;0,433836835;0,047714872;0,425914559;0;0;0;0;0;0;0;0;0;0;0;0;0;0;0;0;0;0;0;0;0;0;0;0;2;0;0;0;0;0;0;0;0;0;0;0;6;1;0;0;0;0;0;0;1;0;0;0;0;0;0;0;2;0;1;0;0;0;0;0;0;0;0;0;0;0;0;0;0;0;0;0;0;0;0;0;1;0;0;0;0;0;0;0;7;0;0;0;0;0;0;0;0;0;0;0;0;0;0;0;0;0;0;0;0;6;0;0;0;0;0;0;0;0;0;0;0;0;0;0;1;0;0;0;0;0;0;0;0;0;3;0;0;0;0;0;0;1;0;0;0;0;0;0;0;0;0;0;0;0;0;0;0;0;0;0;0;1;0;0;1;4;0;0;0;0;0;0;0;0;0;0;0;0;0;0;0;0;0;0;0;2;0;0;0;0;1;0;0;0;0;0;0;0;0;0;0;0;2;0;0;0;0;0;0;0;2;0;0;0;0;0;0;0;0;0;1;1;0;0;0;0;0;0;0;0;0;0;1;0;0;0;1;0;0;0;0;0;0;0;0;0;0;6;0;0;0;0;0;0;0;0;0;2;0;0;0;0;0;0;0;0;0;0;0;0;0;0;0;0;0;0;0;0;0;0;0;0;0;0;0;0;0;0;0;1;0;0;0;0;0;0;0;0;0;0;0;0;0;0;0;0;0;0;0;0;0;0;0;0;0;0;0;0;0;0;0;0;0;0;0;0;0;0;0;0;0;0;0;1;0;0;0;0
OG47;0,483218981;-79,21519504;450;Oldgrowth;F_Old;5,270878795;0,388267886;92,95323134;0,689740862;0,456037179;0,436519237;0,052235332;0,617447917;0;0;0;0;0;0;0;0;0;0;0;1;0;0;0;0;0;0;0;0;0;0;1;3;1;0;0;0;0;0;0;0;0;0;0;0;14;0;0;0;0;0;0;0;5;0;0;0;0;1;0;0;0;0;0;0;1;0;0;0;0;0;0;0;0;0;0;0;0;0;0;0;0;0;0;0;0;0;0;0;0;1;0;0;0;0;0;2;0;0;0;0;1;0;0;0;0;0;4;0;0;3;0;1;0;3;0;0;0;0;0;0;0;0;0;0;0;0;0;0;1;0;0;0;3;0;0;0;0;0;1;0;0;0;0;0;0;0;0;0;0;0;0;1;0;0;0;1;0;0;0;0;0;0;0;0;0;0;0;0;7;7;0;2;0;0;0;0;0;0;0;0;0;0;0;1;0;0;0;0;0;0;0;0;0;0;7;0;0;0;0;0;0;0;0;0;0;0;0;0;0;0;0;0;0;0;0;0;0;0;3;0;1;0;0;0;0;5;0;0;0;1;0;3;0;0;1;0;6;0;2;0;0;0;0;0;2;0;0;0;0;0;0;2;1;0;0;0;0;3;0;0;0;0;0;1;0;0;0;0;0;0;0;0;0;0;0;0;0;0;0;0;0;0;0;0;2;1;0;0;1;0;0;2;0;0;2;0;0;0;0;0;0;0;0;0;0;0;0;1;0;0;0;0;0;0;0;0;0;0;2;0;2;1;0;0;0;0;0;0;0;0;0;0;0;0;0;0;1;7;1;2;0;0
OG48;0,531208981;-79,14474397;299;Oldgrowth;F_Old;5,275542023;0,390609265;146,1718517;0,713017055;0,565418614;0,43219107;0,048228408;0,681358507;0;0;0;0;0;0;0;5;0;0;0;0;0;0;0;0;0;0;0;1;0;0;1;0;1;0;0;0;0;5;0;0;0;1;0;0;9;0;0;0;0;0;2;0;0;0;0;0;0;0;0;0;0;2;0;0;0;0;0;0;0;0;0;0;0;0;0;0;0;0;0;0;0;0;0;0;0;0;0;0;1;1;5;0;0;0;0;3;1;0;0;0;4;0;0;2;0;0;1;0;0;2;0;0;0;3;0;0;0;0;0;0;0;0;0;0;0;0;0;0;1;2;0;1;1;0;0;0;0;0;4;0;0;17;1;0;0;2;0;0;0;2;0;1;0;0;0;0;10;0;0;0;0;0;0;0;2;0;0;0;7;8;0;0;1;0;0;0;0;0;0;0;0;0;0;0;0;0;0;1;0;2;0;0;0;0;3;0;0;1;0;0;0;0;0;0;0;0;3;0;0;0;0;0;0;0;0;0;0;0;2;0;0;0;0;2;1;2;0;0;0;0;1;4;0;0;0;0;13;0;0;0;0;0;0;0;0;0;0;0;0;2;0;5;0;0;0;0;2;1;0;0;0;1;0;0;3;1;0;0;0;0;0;0;0;0;0;0;0;0;0;0;0;0;0;0;6;4;0;0;1;0;0;0;2;1;1;0;0;0;0;2;0;0;0;0;0;0;0;7;0;0;0;0;0;0;0;0;3;1;0;1;1;0;2;0;0;0;0;0;0;0;0;0;1;0;0;0;0;1;2;3;0;0
OG49;0,531383995;-79,14797897;310;Oldgrowth;F_Old;5,245368854;0,407784749;340,3765362;0,822896322;0,469989514;0,427736499;0,042618525;0,620588418;0;0;0;0;3;0;0;2;0;0;0;0;0;0;0;0;0;0;0;0;0;0;0;4;5;0;0;0;0;0;1;5;0;0;1;0;8;1;0;0;0;1;3;0;0;0;0;0;0;0;0;0;0;0;2;0;1;0;0;0;1;0;0;0;0;0;0;0;0;0;0;0;0;0;1;0;0;0;0;0;0;0;0;1;0;0;0;1;0;0;0;0;3;0;0;3;0;4;0;0;0;0;1;0;1;1;0;0;0;0;0;0;0;0;0;0;0;0;0;0;0;0;0;0;0;0;0;0;0;0;1;1;1;0;1;0;0;1;0;0;0;2;0;0;0;0;0;0;4;1;0;2;0;0;0;0;0;0;0;0;8;5;0;1;0;1;0;0;0;0;0;0;0;0;0;0;0;0;0;0;0;1;0;0;0;0;4;0;0;0;0;0;0;0;0;0;0;1;0;1;0;0;0;0;0;0;2;0;0;0;4;0;0;0;0;2;0;0;0;0;0;1;1;0;0;0;0;1;8;0;1;0;0;0;0;0;0;0;0;1;0;0;0;3;2;0;0;0;2;3;0;0;0;0;0;1;0;1;1;0;0;1;0;0;0;0;0;0;0;0;0;0;0;0;0;0;4;1;0;1;0;0;0;0;0;1;1;0;0;1;0;0;0;0;0;0;2;0;0;5;0;0;0;0;0;0;0;0;3;0;3;0;1;2;2;1;0;0;0;0;0;0;0;0;0;0;0;0;0;1;4;0;0;0
OG50;0,534413969;-79,14397401;316;Oldgrowth;F_Old;5,221015377;0,418963257;103,1703273;0,570337205;0,500531417;0,424685867;0,054742724;0,544546751;0;0;0;0;0;0;0;3;0;0;0;1;0;0;0;0;0;0;0;2;0;0;0;4;0;0;0;0;0;1;0;0;0;0;0;0;2;0;0;0;0;0;0;0;3;0;0;0;0;0;0;0;0;0;0;0;0;0;0;0;0;0;0;0;0;0;0;0;0;0;0;0;0;0;1;0;0;0;0;0;0;0;4;0;0;0;0;4;1;0;0;0;1;0;0;0;0;0;1;0;0;0;0;0;0;4;0;0;0;0;0;0;0;0;0;0;1;0;0;0;0;0;0;0;0;0;0;0;0;0;1;0;1;0;0;0;0;2;0;0;0;0;0;0;0;0;0;1;5;0;0;0;0;0;0;0;0;0;0;0;11;8;0;0;0;0;0;0;0;0;0;0;0;0;0;1;0;0;0;2;0;1;1;0;0;0;4;2;0;0;0;0;0;0;0;0;0;0;2;0;3;0;0;0;0;0;0;0;0;0;1;0;0;0;0;0;0;2;0;0;0;0;0;0;0;0;2;0;14;0;1;0;0;0;0;0;1;0;0;1;0;1;0;5;0;0;0;0;3;0;0;0;0;2;0;0;0;1;0;0;0;0;0;0;0;0;0;0;0;0;0;0;0;0;0;0;0;0;0;0;1;0;0;0;0;2;0;0;0;1;0;0;0;0;0;0;1;0;0;14;0;0;0;0;0;0;0;0;0;1;3;0;0;0;1;0;0;0;0;0;0;0;0;0;0;0;0;1;0;0;5;1;0;0
OG51;0,552252671;-79,13747267;228;Oldgrowth;F_Old;5,245649609;0,413400613;436,4328807;0,859526135;0,545613342;0,433808699;0,043728034;1,219137525;0;0;0;0;6;0;1;5;0;0;0;0;0;0;1;0;0;0;0;0;0;0;0;1;5;0;0;0;0;3;1;0;0;0;1;0;5;0;0;0;0;0;3;0;0;0;0;0;0;0;0;0;0;0;0;0;0;0;0;0;0;0;0;0;0;0;0;0;0;0;0;0;1;0;1;0;2;0;0;0;0;0;2;1;2;0;0;4;0;0;1;0;8;0;0;1;0;0;3;0;0;1;0;0;1;5;0;0;0;0;0;0;0;1;0;0;0;0;0;0;0;4;0;0;0;0;0;0;0;1;1;1;0;1;1;0;0;0;0;0;0;2;0;1;0;0;0;0;2;1;0;0;0;0;0;0;0;0;0;0;6;8;0;1;0;1;0;1;0;0;0;0;0;0;0;0;0;0;0;1;0;0;1;0;0;0;2;3;0;1;0;0;0;0;0;0;0;0;0;0;0;0;0;0;0;0;1;0;0;0;4;0;2;0;0;1;0;3;0;0;1;2;2;1;0;1;1;0;11;0;0;0;0;0;0;0;0;0;0;1;0;0;0;7;3;0;0;0;1;4;0;0;0;4;0;0;0;3;0;0;0;0;0;0;0;0;0;0;0;0;0;0;0;0;0;0;3;3;0;0;0;0;0;2;1;1;1;0;0;1;0;0;0;0;0;0;2;0;0;1;0;0;0;1;0;1;0;0;5;0;1;0;1;2;0;0;0;1;0;0;0;0;3;0;0;0;0;1;2;2;6;9;0;0
OG52;0,54574253;-79,13757074;225;Oldgrowth;F_Old;5,053610342;0,52425911;118,0313591;0,513727097;0,451881994;0,417799023;0,01654899;0,338932292;0;0;0;0;3;0;0;0;0;0;0;1;0;0;0;0;0;0;0;0;0;0;0;0;1;0;0;0;0;0;0;1;0;0;0;0;2;0;0;0;0;0;0;0;0;0;0;0;0;0;0;0;0;0;0;0;0;0;0;0;0;0;0;0;0;0;0;0;0;0;0;0;0;0;0;0;0;0;0;0;0;0;0;0;0;0;0;0;0;0;0;0;0;0;0;0;0;0;1;0;0;0;0;0;0;0;0;0;0;0;0;0;0;0;0;0;0;0;0;0;0;0;0;0;0;0;0;0;0;0;1;0;0;0;1;0;0;0;0;0;0;0;0;0;0;0;0;0;0;0;0;0;0;0;0;0;0;0;0;0;4;5;0;0;0;0;0;0;0;0;0;0;0;0;0;0;0;0;0;0;0;0;0;0;0;0;1;0;0;0;0;0;0;0;0;0;0;0;0;0;0;0;0;0;0;0;0;0;0;0;0;0;0;0;0;0;0;0;0;0;0;0;0;0;0;0;0;0;2;0;0;0;0;0;0;0;0;0;0;0;0;0;0;3;0;0;0;0;0;0;0;0;0;0;0;0;0;0;1;0;0;0;0;0;0;0;0;0;0;0;0;0;0;0;0;0;2;0;0;1;0;0;0;0;0;0;0;0;0;0;0;0;0;0;0;0;0;0;0;0;0;0;0;0;0;0;0;0;0;0;0;0;0;0;0;0;0;0;0;0;0;0;0;0;0;0;0;0;0;0;0;0;0;0
PR19;0,552738821;-79,17480114;177;P_Reg_I;F_PReg1;5,187240595;0,438864854;127,8139602;0,507282075;0,394380832;0,434525724;0,089653323;0,269763765;0;0;0;0;0;4;2;0;0;0;0;0;0;0;0;0;1;0;0;3;0;0;0;0;3;0;0;0;2;1;1;0;0;0;0;0;0;0;0;0;0;0;0;0;0;5;0;0;1;0;0;0;0;0;0;0;5;0;0;0;0;0;5;0;0;0;0;0;0;0;0;0;0;0;1;0;0;3;0;0;0;0;4;2;1;0;0;0;1;0;0;0;0;0;0;0;0;3;0;0;0;0;0;0;2;0;0;0;0;1;0;0;0;0;0;0;0;0;0;0;1;1;0;0;0;0;1;0;0;0;3;0;0;1;0;0;0;0;0;3;0;0;0;0;3;2;0;0;0;4;0;12;0;0;0;0;1;0;0;0;2;2;0;1;8;1;0;0;0;0;1;0;0;0;0;1;0;0;0;1;0;0;3;0;1;0;3;1;0;0;0;0;0;0;0;0;0;11;1;0;0;0;0;1;1;0;2;1;0;0;1;0;1;0;0;0;0;6;0;1;0;0;0;0;0;0;1;0;10;0;2;0;0;0;0;0;0;0;0;3;0;3;2;6;4;0;0;0;0;2;0;0;0;3;0;0;0;0;0;0;0;0;0;0;0;0;0;0;0;0;0;0;0;0;0;0;0;5;0;1;0;0;0;0;2;0;0;0;0;0;0;2;0;8;5;0;3;0;0;3;0;0;0;0;0;0;0;0;0;0;0;0;0;0;0;2;0;14;2;0;0;0;0;0;0;0;0;0;0;0;1;1;0;0
PR20;0,496644;-79,171518;540;P_Reg_I;F_PReg1;5,277312465;0,381122485;487,1471181;0,871879941;0,482827111;0,462957283;0,080499469;1,441734871;0;0;0;0;1;4;0;1;0;0;0;0;0;0;1;0;0;0;1;3;0;0;0;0;1;0;0;0;0;0;0;0;4;0;0;0;0;13;0;0;0;0;0;2;0;0;0;0;1;0;0;0;0;0;4;0;0;0;0;0;2;0;6;0;0;0;0;0;10;0;0;0;0;0;0;0;0;0;0;0;0;0;0;0;1;0;2;0;0;0;0;0;0;2;0;0;0;0;0;0;0;0;2;0;0;0;0;0;0;0;0;0;0;4;0;17;0;0;0;0;0;0;6;0;0;0;0;0;0;0;0;1;0;0;0;0;0;0;0;0;0;0;0;0;0;0;0;0;0;10;0;0;0;0;0;0;0;0;1;0;0;0;0;0;0;0;0;0;0;0;0;7;0;0;0;0;0;0;0;0;0;0;0;17;0;1;0;0;0;0;0;0;0;0;0;0;0;0;3;0;0;0;0;1;0;0;0;0;0;0;1;0;0;0;0;0;0;0;0;0;0;8;1;0;1;0;0;0;0;0;0;0;0;2;0;0;0;0;7;0;0;0;0;5;2;0;13;0;0;0;0;0;2;1;4;0;0;0;0;0;0;0;0;0;0;2;0;0;0;7;2;4;1;5;0;6;0;0;1;1;0;0;0;0;0;0;0;2;0;0;0;0;0;0;4;1;0;0;0;1;0;1;4;0;0;0;3;0;1;1;1;0;0;0;0;0;0;2;7;0;0;0;0;0;1;0;0;0;0;0;0;2;0;0
PR22;0,509381583;-79,20450795;400;P_Reg_I;F_PReg1;5,150851992;0,457745546;168,1071082;0,567390079;0,468727032;0,442501864;0,069467666;0,623728919;0;0;0;0;0;1;2;2;0;0;0;0;0;0;0;0;2;0;0;3;0;0;0;0;0;0;0;0;0;0;0;0;0;0;0;0;0;3;0;0;0;0;2;0;0;0;0;0;0;0;0;0;0;0;0;0;0;0;0;0;0;0;8;0;0;0;0;0;1;0;0;0;0;0;0;0;0;9;0;1;0;0;0;0;0;0;0;0;2;0;0;0;0;0;0;0;0;3;2;0;0;0;7;0;2;0;0;0;0;0;0;0;0;4;0;0;0;1;0;0;0;1;0;0;0;0;0;0;0;0;2;0;0;0;0;0;0;0;0;0;1;1;0;0;1;4;0;0;0;17;0;10;0;0;7;0;2;0;0;0;0;1;0;1;0;0;0;0;0;0;0;3;0;0;0;0;0;0;0;1;0;1;5;7;0;1;0;0;0;0;0;0;0;0;0;0;0;0;0;0;0;0;0;8;0;0;3;0;0;0;0;0;6;0;0;0;0;3;0;0;0;1;1;0;0;0;0;0;4;0;0;0;0;0;0;0;1;0;0;2;0;0;2;3;1;0;6;0;0;1;0;1;0;4;11;0;0;0;0;0;0;0;0;0;0;0;0;0;0;0;0;0;1;0;0;0;5;2;0;0;0;0;0;0;2;0;3;0;0;1;0;1;0;4;2;1;3;0;0;0;0;0;0;2;0;0;1;0;0;0;0;0;0;0;0;3;0;6;1;0;0;0;1;1;0;0;0;0;0;0;0;6;0;0
PR23;0,510838861;-79,23202079;415;P_Reg_I;F_PReg1;5,286282564;0,376796166;470,3695375;0,846973238;0,421797764;0,475423798;0,076197386;0,985267857;0;0;0;0;1;1;1;3;0;0;0;0;0;0;0;0;0;0;0;0;0;0;0;0;0;0;0;0;0;0;0;0;0;0;0;0;0;1;0;0;0;0;0;0;0;0;0;0;0;0;0;0;0;0;0;0;0;0;0;0;0;0;0;0;2;0;0;0;14;1;0;0;0;0;0;0;0;3;0;0;0;0;0;0;0;0;0;2;0;0;1;0;0;0;0;0;0;0;0;0;0;0;1;0;0;0;0;0;0;0;0;0;0;0;0;0;0;0;0;0;1;0;1;0;0;0;0;0;0;0;0;0;0;0;0;0;0;0;0;0;1;0;0;0;0;0;0;0;0;0;0;1;0;0;2;0;0;0;0;0;0;1;0;0;0;0;0;0;0;0;0;0;0;0;0;0;0;0;0;0;0;0;0;6;0;7;0;0;0;0;0;0;0;0;0;0;0;0;0;0;0;0;0;0;0;0;0;0;0;0;0;0;6;0;0;0;1;0;0;0;0;0;0;1;0;0;0;0;7;0;0;0;0;0;0;0;0;0;0;0;0;0;0;4;1;0;1;0;0;0;0;2;0;0;1;0;0;0;0;0;0;0;0;0;0;0;0;0;1;2;0;2;0;0;0;0;0;0;0;0;0;0;0;0;1;0;0;0;0;0;0;0;0;0;0;0;0;0;0;0;0;0;3;0;0;0;0;0;0;0;0;0;0;0;0;0;0;4;1;0;0;0;0;0;0;0;0;0;0;0;0;4;0;0
PR24;0,52084065;-79,21367372;381;P_Reg_I;F_PReg1;5,193515442;0,434180245;149,5525449;0,707151867;0,51601214;0,441593359;0,039055222;0,808851066;0;0;0;0;0;0;0;0;0;0;0;0;0;0;0;0;4;0;0;0;0;0;0;0;0;0;2;0;0;0;0;0;0;0;0;0;0;3;0;0;0;0;1;0;0;0;0;0;0;0;0;0;0;0;0;0;0;0;0;0;0;0;5;0;0;1;0;0;0;0;0;0;0;0;0;0;1;4;1;0;0;0;0;0;0;0;0;0;0;0;0;0;0;0;0;0;0;0;0;0;0;0;2;0;1;3;0;0;0;0;0;0;0;0;0;0;0;0;0;0;0;0;0;0;0;0;0;0;0;0;2;3;0;0;0;0;0;1;0;0;0;0;0;0;1;0;0;0;1;15;0;12;0;0;0;0;1;0;0;0;0;6;0;0;0;0;0;6;0;0;0;1;0;0;1;0;0;0;0;0;0;0;2;1;0;0;1;0;0;0;0;0;0;0;0;0;0;0;1;0;1;0;0;0;0;0;8;0;0;0;3;0;1;0;0;0;0;1;0;0;0;0;0;0;0;0;0;0;13;0;0;0;0;0;0;0;0;0;1;0;0;0;0;0;1;0;7;0;1;2;0;0;0;3;0;0;0;0;0;0;1;0;0;0;0;0;0;0;0;0;0;0;0;0;0;0;2;5;0;1;0;0;0;0;0;0;0;0;0;0;0;0;0;3;1;0;1;0;0;0;0;0;0;1;0;0;0;0;1;0;0;0;2;0;0;1;0;7;0;0;0;0;0;0;0;0;0;1;0;0;2;9;0;0
PR25;0,495578432;-79,17639714;544;P_Reg_I;F_PReg1;5,219882167;0,421968344;204,5319723;0,676472982;0,412110458;0,476783083;0,13012925;1,176168775;0;0;0;1;1;3;0;3;0;0;0;0;0;0;0;0;1;0;3;0;0;0;0;0;0;0;0;0;0;0;0;0;6;0;0;0;0;8;0;0;0;0;0;1;0;0;0;0;0;0;0;0;0;0;8;0;0;0;0;0;3;0;5;0;1;0;0;0;4;0;0;0;0;0;0;0;0;9;1;0;0;0;1;0;1;0;0;0;0;0;5;0;0;0;1;0;0;0;0;1;0;0;1;0;0;1;0;0;0;0;0;0;0;4;0;7;0;0;0;0;0;0;7;0;0;0;0;0;0;2;1;0;0;0;0;0;0;0;4;2;0;0;0;0;0;1;0;0;0;4;0;4;0;0;3;0;3;0;0;0;0;0;0;0;0;0;0;0;0;0;0;4;0;0;0;0;0;0;0;0;0;0;1;10;0;4;0;0;8;0;0;0;0;0;0;0;0;1;2;0;1;0;0;9;0;0;2;0;0;0;0;0;1;0;0;0;0;2;0;0;0;2;0;0;0;0;0;0;0;1;1;0;0;0;1;0;0;0;8;0;0;1;0;12;0;0;28;0;1;0;0;0;0;8;11;0;0;0;0;0;0;0;0;0;0;0;0;0;0;2;0;1;1;2;0;4;0;3;0;2;0;0;0;0;0;0;0;1;0;0;2;0;0;1;6;3;0;0;0;2;0;0;16;0;0;0;0;0;0;0;1;0;0;0;1;0;0;4;1;0;0;0;0;0;0;0;0;0;0;1;0;0;0;0
PR28;0,46443304;-79,21261308;224;P_Reg_I;F_PReg1;5,116311173;0,483864704;127,1447545;0,493966239;0,467985961;0,431523411;0,088608162;0,440445188;0;0;0;0;2;0;3;1;0;0;0;0;0;0;3;0;0;0;0;1;0;0;0;0;3;0;0;0;0;8;2;0;0;0;0;0;6;1;0;0;1;0;0;0;6;1;0;0;0;0;0;0;0;0;0;0;0;0;0;0;0;0;2;0;0;0;0;0;0;0;0;0;0;0;0;0;0;1;0;0;0;0;0;0;2;0;0;1;0;0;0;1;4;0;0;0;0;0;0;0;0;1;0;0;3;4;0;0;1;0;0;0;1;0;0;0;0;0;0;0;0;1;0;1;1;0;0;0;0;0;1;0;0;0;0;0;0;0;0;0;0;0;0;0;2;5;0;1;0;2;2;1;0;0;0;0;0;0;0;0;4;11;0;0;0;0;0;0;0;0;0;0;0;0;0;0;0;0;0;1;0;0;1;0;0;0;4;0;0;0;0;0;0;0;0;0;0;2;4;0;0;0;0;0;0;0;3;0;0;0;1;0;1;0;0;2;0;2;0;0;0;1;3;0;0;0;2;0;9;0;0;0;0;0;1;0;2;0;0;1;0;0;6;18;1;1;0;0;0;0;0;0;0;2;0;0;2;0;0;0;0;0;0;0;0;0;0;0;0;0;0;0;0;0;0;0;1;2;0;0;0;0;0;0;2;0;0;0;0;0;0;1;0;0;1;0;2;0;0;10;0;0;0;0;0;0;0;0;0;1;1;0;0;0;0;0;0;0;0;0;0;0;0;0;1;0;0;0;0;0;1;1;0;0
PR29;0,472908653;-79,23061581;173;P_Reg_I;F_PReg1;5,139601611;0,473355832;482,6459705;0,725684533;0,421475668;0,434427527;0,078625736;1,1746461;0;0;0;0;2;5;0;0;0;0;0;1;0;0;0;0;0;0;0;0;1;0;0;2;4;0;0;0;0;0;2;0;0;0;0;0;0;2;0;0;0;3;0;0;0;1;0;0;0;0;0;0;0;0;0;0;1;0;0;10;0;0;0;0;0;0;0;0;0;0;0;0;0;0;0;0;0;1;0;3;0;1;0;0;0;0;0;0;3;1;2;0;0;0;0;0;0;6;0;0;0;0;0;0;0;0;0;0;0;0;1;1;0;0;0;0;0;0;0;0;0;0;0;0;0;0;0;0;0;0;1;0;1;0;0;0;0;0;0;0;0;1;0;0;7;1;2;0;0;9;0;12;0;0;0;0;0;0;1;0;0;1;0;0;1;0;0;0;0;0;0;1;0;0;2;0;0;0;0;0;0;0;0;5;0;0;0;0;2;0;0;0;0;0;0;0;0;0;1;0;1;1;0;0;0;0;0;0;0;0;3;0;3;0;0;0;0;1;1;0;0;0;0;0;1;0;0;0;5;1;0;0;0;1;0;1;0;0;0;0;0;0;0;5;2;0;13;0;0;1;0;0;0;3;0;0;0;0;0;0;0;0;0;0;0;0;0;0;0;1;0;1;0;0;0;0;0;0;0;1;1;0;0;0;2;0;1;0;0;0;0;0;0;2;2;1;1;0;0;3;0;0;0;1;0;0;0;0;1;0;0;0;0;0;0;3;0;4;1;0;0;0;0;1;0;0;0;1;0;0;0;1;0;0
PR30;0,475033466;-79,22911587;219;P_Reg_I;F_PReg1;5,119048347;0,486464676;496,1370365;0,73723348;0,540498385;0,443373116;0,063958094;1,365423487;0;0;2;0;4;1;0;1;0;0;0;1;0;0;0;0;1;0;0;6;0;0;0;1;1;0;0;0;0;1;8;0;0;0;0;0;1;2;0;0;0;11;0;2;0;0;0;0;1;0;1;1;0;0;1;0;4;0;0;0;0;0;1;0;0;0;0;0;1;0;0;0;0;0;0;0;0;1;0;1;0;0;2;1;0;1;0;1;0;0;2;2;0;0;0;1;0;7;3;0;0;1;0;2;0;1;0;0;0;0;1;0;0;0;0;0;0;0;0;0;1;0;0;1;0;0;0;0;0;1;1;2;1;0;1;0;0;0;0;0;0;2;0;2;4;0;0;0;0;15;0;11;0;0;0;0;1;0;0;0;2;3;0;3;1;1;0;0;0;0;0;0;1;0;0;1;0;1;0;4;2;0;2;2;0;0;2;0;0;0;0;0;0;0;0;0;0;0;0;1;0;0;0;0;0;0;4;0;0;0;6;1;3;0;0;0;0;4;0;0;0;0;0;0;0;0;0;1;6;0;2;0;0;0;0;0;0;0;0;0;0;0;1;3;0;0;1;1;1;3;0;0;0;5;0;0;0;1;0;0;0;0;1;0;1;0;0;0;0;0;0;0;0;0;0;0;5;4;0;1;0;1;0;0;0;1;0;0;0;0;0;2;0;6;0;0;2;0;0;5;0;0;0;0;4;0;0;3;0;0;0;0;0;0;0;1;0;1;0;0;0;0;0;0;5;0;1;2;0;0;0;5;0;0
PR33;0,489268117;-79,22841179;311;P_Reg_I;F_PReg1;5,2342496;0,400227812;418,6152372;0,780372033;0,40156259;0,459756756;0,081072234;1,37436899;0;0;0;1;1;4;0;1;0;0;0;0;0;0;0;0;1;0;0;0;0;0;0;0;3;0;0;0;0;0;2;0;0;0;0;0;2;10;0;0;0;0;1;0;0;1;0;0;2;0;1;0;0;0;0;0;0;0;1;0;0;0;3;0;0;0;0;0;0;0;0;1;0;1;0;0;0;2;1;0;0;0;0;1;2;0;0;1;1;1;0;1;0;0;0;0;0;0;0;0;0;0;1;0;0;2;0;0;0;0;1;0;0;0;0;4;0;1;0;0;0;1;0;0;0;0;0;0;0;0;2;0;1;0;0;0;0;0;0;0;0;0;0;1;0;0;2;0;0;4;0;2;0;0;5;0;2;0;0;0;2;7;0;0;0;0;0;2;0;0;0;0;0;0;0;0;0;0;0;2;0;3;0;13;0;0;0;0;0;0;0;0;0;0;0;1;0;2;0;1;0;0;2;2;0;0;3;0;0;0;4;0;2;0;0;0;0;0;0;1;1;0;0;0;1;0;0;0;1;0;1;0;0;0;0;0;1;0;2;0;0;0;0;8;6;0;20;0;0;0;0;0;2;6;8;0;0;0;0;0;0;0;0;0;0;1;0;0;0;4;0;5;1;0;0;0;1;1;0;4;1;2;0;2;3;0;0;1;0;0;2;1;0;1;3;1;0;0;0;3;0;0;4;1;1;0;2;0;0;0;0;0;0;0;0;0;0;2;2;0;0;1;0;1;1;1;0;1;0;0;2;4;0;0
PR36;0,516520282;-79,1430608;380;P_Reg_I;F_PReg1;5,194482195;0,436698554;128,0548173;0,612672352;0,494723495;0,440355937;0,061686301;0,897681052;0;0;0;0;0;0;0;4;0;0;0;0;1;0;0;0;1;0;0;0;0;0;0;0;2;0;0;0;0;1;0;0;0;0;1;0;4;3;0;0;0;0;0;0;0;0;0;0;4;0;0;0;0;0;3;0;0;0;0;0;0;0;2;0;0;0;0;0;0;0;0;0;0;0;0;0;0;1;0;0;0;1;2;1;2;2;0;1;1;0;0;0;5;0;0;1;0;2;0;0;0;0;1;0;0;2;0;0;0;0;5;0;0;0;0;0;0;1;0;0;1;1;0;0;5;0;0;0;0;0;6;1;0;0;0;0;0;0;0;0;0;0;0;4;0;0;0;0;0;1;0;2;0;0;0;0;0;0;0;0;4;9;0;0;0;0;0;0;0;0;0;0;0;0;0;1;0;0;0;1;0;0;4;0;0;0;1;0;1;0;0;0;0;0;0;0;0;0;0;0;3;0;0;2;0;0;4;0;0;0;0;0;0;0;0;0;0;2;0;2;0;0;0;0;0;0;0;0;18;0;0;0;0;0;0;0;1;0;0;0;0;1;0;8;0;0;1;0;0;0;0;0;0;3;6;0;0;0;0;0;0;0;0;0;0;0;0;0;0;0;0;0;0;0;0;0;2;1;0;2;3;0;2;0;1;0;0;0;0;0;0;0;0;0;1;0;1;0;0;8;0;0;0;1;2;0;0;0;1;0;4;0;5;0;0;0;0;0;0;0;0;0;0;0;2;0;0;0;0;2;1;4;0;0
PR21;0,508066043;-79,18989812;560;P_Reg_II;F_PReg2;5,310674655;0,35758604;170,6067453;0,805106027;0,472383114;0,459464909;0,090557471;1,011728051;0;0;0;0;1;0;4;3;0;0;0;0;0;0;0;0;3;0;0;1;0;0;0;0;1;0;0;0;0;2;0;0;0;0;0;0;1;2;0;0;0;1;1;0;0;0;0;0;0;0;0;0;0;0;7;0;0;0;0;0;0;0;1;0;0;0;0;0;2;0;0;0;0;0;0;0;0;2;1;0;0;0;4;0;1;2;0;0;0;0;0;0;1;0;0;1;0;0;1;0;0;0;0;0;4;3;0;0;0;0;0;0;0;0;0;0;0;0;0;0;0;0;7;8;1;0;0;0;0;0;1;0;0;0;0;0;0;0;0;1;0;0;0;0;0;0;0;0;1;1;0;0;0;0;0;0;0;0;0;0;12;2;0;2;1;0;1;4;0;0;0;0;0;0;0;1;0;0;0;1;0;0;3;0;0;0;1;0;0;0;0;0;0;0;0;0;0;0;1;0;1;0;0;0;0;0;5;0;0;0;2;0;1;0;0;0;0;4;0;0;0;1;0;1;0;0;1;0;13;0;1;0;0;0;0;0;0;0;1;0;0;7;0;4;1;0;1;0;1;0;0;0;0;0;1;0;2;0;0;0;0;0;0;0;0;0;0;0;0;0;0;0;0;0;0;0;4;1;0;0;1;0;0;0;2;3;0;0;0;0;0;0;0;0;0;0;4;0;0;1;0;0;0;0;0;0;0;0;0;2;0;0;0;1;0;0;0;0;0;0;0;0;1;0;0;0;0;1;0;2;1;10;0;0
PR21WUE;0,502809;-79,187005;563;P_Reg_II;F_PReg2;5,309019469;0,362079797;155,2010581;0,796257382;0,503046678;0,447493755;0,099848421;0,885112847;0;0;0;0;2;0;4;4;0;0;0;0;0;1;0;0;0;0;0;0;0;0;0;0;0;0;0;0;0;0;0;0;0;0;0;0;3;1;0;0;0;0;0;9;0;0;0;0;2;0;0;0;0;0;12;0;2;0;0;0;0;0;1;0;0;0;0;0;0;0;0;0;0;0;0;0;0;1;0;0;0;0;0;0;0;0;0;0;0;0;0;0;3;0;0;0;0;2;0;0;0;0;2;0;5;3;0;0;0;0;1;0;0;0;0;0;0;0;0;0;0;3;7;0;0;0;0;0;0;0;4;0;6;2;0;0;0;0;0;0;0;0;0;2;0;0;0;0;0;0;0;0;0;0;0;0;0;0;0;0;1;2;0;0;1;0;1;0;0;0;0;0;0;0;0;0;0;0;0;2;0;0;0;0;0;0;0;0;0;1;0;0;0;0;0;0;0;0;0;0;0;0;0;0;0;0;2;0;0;0;1;0;1;0;0;0;0;1;0;0;0;0;0;0;0;0;2;0;4;0;0;0;0;0;0;0;0;0;0;4;0;0;0;5;4;0;2;0;0;0;0;0;0;0;1;0;13;0;0;0;1;0;0;0;0;0;0;0;0;0;0;0;0;0;0;0;2;3;0;0;0;0;0;0;0;2;0;0;0;0;0;0;0;0;0;1;2;0;0;2;0;0;0;1;0;0;0;0;0;3;5;0;0;1;0;0;0;0;1;0;0;0;0;0;3;0;0;0;0;0;0;4;0;0
PR26;0,526453592;-79,20466318;325;P_Reg_II;F_PReg2;5,265563665;0,39454812;143,8500584;0,736769903;0,422161729;0,435901848;0,057471947;0,476196677;2;0;0;0;2;0;0;3;0;0;0;0;0;0;0;0;6;0;0;1;1;0;0;2;4;0;0;0;0;3;0;0;0;0;2;0;0;0;0;0;0;11;1;0;9;0;0;0;0;0;0;6;0;0;0;0;0;0;0;0;0;0;7;0;0;0;0;0;0;0;0;0;0;0;0;0;0;1;1;0;0;0;2;3;0;0;0;0;3;0;0;0;1;0;0;2;0;0;0;0;0;0;3;0;4;1;0;0;1;0;0;0;0;0;0;0;0;0;0;0;0;8;0;2;0;0;0;0;0;0;1;0;1;3;0;0;0;0;0;0;0;0;0;0;0;1;0;0;0;1;0;19;0;0;0;0;1;0;0;0;4;5;0;0;9;0;0;3;0;0;0;0;0;0;0;0;0;0;0;0;0;0;0;0;0;0;2;0;0;0;0;0;0;0;0;0;0;0;0;0;0;0;0;0;0;0;2;0;0;0;2;0;1;2;0;0;0;1;0;0;0;0;0;0;0;0;0;0;12;0;0;0;0;0;0;0;0;0;0;0;0;1;25;11;4;1;2;0;1;0;0;0;0;0;1;0;0;0;0;0;1;0;0;0;0;0;0;0;0;0;0;0;0;0;0;0;2;3;0;1;0;1;0;0;0;0;2;0;0;0;0;0;0;0;3;0;3;0;0;4;0;0;0;0;0;0;0;0;1;1;2;0;0;2;0;0;0;2;0;0;0;0;0;1;2;0;0;0;0;1;2;1;0;0
PR27;0,46173;-79,20934;214;P_Reg_II;F_PReg2;5,185223319;0,439204894;130,7973412;0,593232654;0,444268884;0,440122062;0,087934613;0,558066716;0;0;0;0;1;0;2;5;0;0;0;0;0;0;0;0;6;0;0;0;0;0;1;1;2;0;0;0;0;4;2;0;0;0;0;0;4;1;0;0;0;0;0;0;0;0;0;0;3;0;0;0;0;0;0;0;0;0;0;0;0;0;5;0;0;0;0;0;0;0;0;0;0;0;0;0;0;3;0;0;0;0;0;0;1;0;0;0;0;0;0;0;0;0;0;2;0;0;0;0;0;0;0;1;0;0;0;0;0;0;0;0;0;0;0;0;0;0;0;0;0;3;0;5;0;0;0;0;0;0;1;2;0;1;0;0;0;0;0;0;0;0;0;1;1;0;0;0;0;8;0;5;0;0;0;0;0;0;0;0;2;7;0;1;0;0;0;0;0;0;0;0;0;0;0;0;0;0;0;3;0;0;0;0;0;0;0;0;0;0;0;0;0;0;0;0;0;0;3;0;0;0;0;1;0;0;6;0;0;0;19;0;5;0;0;0;5;3;0;0;0;0;6;2;0;0;0;0;12;0;0;0;0;0;0;0;1;0;1;0;0;0;12;17;4;0;1;1;0;1;0;0;0;7;0;0;0;0;0;0;0;0;0;0;0;0;0;0;0;0;0;0;0;0;0;0;10;0;0;0;0;0;0;0;2;0;0;0;0;0;1;0;0;2;0;0;0;0;0;5;0;0;1;3;0;0;0;1;4;0;0;0;0;2;0;0;0;10;0;0;0;0;0;0;1;0;0;0;0;1;7;1;0;0
PR31;0,479071783;-79,21007127;316;P_Reg_II;F_PReg2;5,282917291;0,380057292;107,8837022;0,700872512;0,48310586;0,435325875;0,053195171;0,764366319;0;0;1;0;0;2;0;0;0;0;0;0;0;0;0;0;4;0;0;0;0;0;0;0;3;0;0;0;0;1;0;0;0;0;0;0;2;9;1;0;0;0;0;0;0;0;0;0;0;0;0;0;0;0;0;0;2;0;0;0;0;0;4;0;0;0;0;0;0;0;0;0;0;0;0;0;0;4;1;0;0;0;0;0;0;0;0;0;0;0;0;0;0;0;0;0;0;0;0;0;0;0;1;0;4;5;0;0;0;0;0;0;0;0;0;0;0;0;0;0;0;0;0;3;3;1;0;1;0;0;0;0;0;0;1;0;0;0;0;1;0;1;0;1;1;2;0;0;0;2;1;5;0;0;0;0;0;0;0;0;1;7;0;0;0;1;1;6;0;3;0;0;0;0;0;0;0;0;0;3;0;4;2;0;0;0;0;0;0;0;0;0;0;0;0;0;1;0;0;0;0;0;0;0;0;0;1;0;0;0;1;0;2;0;0;0;2;4;0;0;0;0;0;0;0;0;0;0;14;0;0;0;0;0;0;0;0;0;0;0;0;2;2;4;1;0;1;0;0;0;0;0;0;1;1;0;0;0;0;0;0;0;0;0;0;0;0;0;0;0;0;0;0;0;0;0;14;2;0;1;0;0;0;0;0;0;0;0;0;0;0;0;0;1;0;0;1;0;0;1;0;0;0;0;0;0;0;0;0;1;4;0;1;0;0;0;0;0;0;0;0;0;0;0;0;0;0;0;0;2;0;11;0;0
PR32;0,479219975;-79,21736;339;P_Reg_II;F_PReg2;5,247150708;0,403766847;218,3541984;0,754169282;0,378506722;0,439967843;0,092944656;0,419608755;0;0;0;0;0;0;0;1;0;0;0;0;0;0;0;0;0;0;0;0;0;0;0;1;0;0;0;0;0;0;0;0;0;0;0;0;1;2;0;0;0;1;0;0;0;0;0;0;4;0;0;0;0;0;0;0;0;0;1;0;0;0;1;0;0;0;0;0;0;0;0;0;0;0;0;0;1;4;0;0;0;0;0;2;0;0;0;1;0;0;0;0;0;0;0;2;0;0;0;0;0;0;1;0;0;3;0;0;0;0;0;0;0;0;0;0;0;0;0;0;0;0;0;1;1;0;0;0;0;0;2;0;4;0;0;0;0;0;0;0;0;1;0;1;5;0;1;0;0;6;1;22;0;0;0;0;0;0;0;0;1;4;0;1;0;0;0;2;0;0;0;0;0;1;0;1;0;0;0;1;0;0;2;0;0;0;2;0;0;0;0;0;1;0;0;0;0;0;0;0;0;0;0;0;0;0;5;0;0;0;5;0;1;0;0;0;0;2;0;0;0;1;1;0;0;0;0;0;8;0;0;0;0;0;0;0;0;0;0;2;0;2;0;6;1;0;3;0;0;5;0;0;0;5;7;0;1;0;0;0;0;0;0;0;0;0;0;0;0;0;0;0;0;0;0;0;6;2;0;0;0;0;0;0;0;0;0;0;0;0;0;0;0;12;0;0;3;0;0;4;0;0;0;0;0;0;0;0;1;0;0;0;1;0;0;0;0;0;0;0;0;0;0;0;0;0;0;0;1;0;1;1;0;0
PR34;0,49351112;-79,13792672;615;P_Reg_II;F_PReg2;5,254484936;0,389312054;405,5947092;0,876437233;0,412576848;0,455890945;0,061061988;0,785205853;0;0;0;0;2;0;0;0;0;0;0;0;0;0;0;0;0;0;0;0;0;0;0;0;0;0;0;0;0;2;0;0;0;0;0;0;6;1;0;0;0;0;0;2;0;0;0;0;0;0;0;0;0;0;8;0;2;0;0;0;0;0;0;0;0;0;0;0;0;0;0;0;1;0;0;0;0;0;0;1;0;3;0;0;0;0;0;1;0;0;0;0;1;0;0;0;0;2;1;0;0;0;1;0;0;5;0;0;0;0;4;0;0;0;0;0;0;0;0;0;1;0;6;2;0;0;0;0;0;0;3;0;0;0;0;0;0;0;0;0;0;0;0;0;0;0;0;0;0;0;0;0;0;0;0;0;0;0;0;0;5;2;0;0;0;0;0;0;0;0;0;0;0;0;0;0;0;0;0;2;0;0;1;1;0;0;2;1;0;0;0;0;0;0;0;0;0;0;0;1;0;0;0;0;0;0;5;0;0;0;1;0;1;0;0;0;0;6;0;0;0;0;0;0;0;0;0;0;9;0;0;0;0;0;0;0;1;0;0;0;0;0;1;0;1;0;1;0;1;3;0;0;0;1;0;0;0;0;0;0;0;0;2;0;0;0;0;0;0;0;0;0;0;0;0;0;3;0;0;1;1;0;0;0;1;1;1;0;0;0;0;0;1;0;0;0;0;0;0;0;0;0;0;2;1;0;0;0;0;1;1;0;1;0;1;1;0;0;0;0;0;0;1;0;0;0;0;1;0;6;0;0;0;0
PAZ03;0,405142;-79,253342;180;PA_M;A_Past;5,25419005;0,408528501;547,0252381;0,866652716;0,467506143;0,472553976;0,08450551;1,683733259;0;0;0;0;0;5;0;0;0;0;0;0;0;0;0;0;0;0;1;0;0;0;0;0;0;0;0;1;0;0;0;0;11;0;0;0;0;1;0;0;0;0;0;0;0;0;0;0;0;0;0;0;0;0;0;2;0;0;0;4;0;0;5;0;0;0;0;0;2;0;0;0;0;2;0;0;0;1;0;0;2;0;0;0;0;0;0;2;0;1;2;0;0;9;0;0;0;0;0;0;0;0;6;0;0;0;0;0;0;0;0;0;2;0;0;0;0;1;0;0;0;0;0;0;0;0;0;0;0;0;0;1;0;0;0;0;0;0;1;11;6;0;0;0;2;7;5;0;0;4;0;3;0;0;8;0;1;0;0;0;0;0;0;0;0;0;0;0;0;0;0;0;0;0;1;0;0;0;2;0;0;0;0;10;5;5;0;0;0;0;0;0;0;0;0;0;0;0;0;0;0;1;0;2;0;0;6;1;0;1;0;0;5;0;0;0;0;0;6;0;0;0;0;0;0;0;0;0;0;4;0;0;0;0;0;0;0;0;1;0;1;0;2;0;0;0;5;0;0;0;0;6;0;3;5;0;0;0;0;0;0;0;0;0;0;0;0;0;0;6;0;0;0;11;0;0;0;0;0;1;0;0;0;0;0;0;0;4;0;0;0;0;0;0;3;3;0;0;0;0;0;2;21;0;0;0;4;1;4;0;0;0;0;0;0;2;0;8;8;0;0;0;0;1;0;4;0;0;0;0;0;4;0;0
PAZ07;0,390332;-79,254313;172;PA_M;A_Past;5,173666927;0,455886048;432,3686482;0,749180385;0,445520609;0,504914712;0,066874917;1,191071429;0;0;1;0;0;11;0;0;0;0;0;0;0;0;0;0;0;0;0;0;0;0;0;0;0;0;0;1;0;0;0;0;6;0;0;0;0;0;0;1;0;0;0;0;0;0;0;0;0;0;0;0;0;0;0;1;0;0;0;4;0;0;4;1;0;1;0;0;1;0;0;0;0;0;0;0;0;1;0;0;0;0;0;0;0;0;2;0;0;8;0;0;0;10;0;0;0;0;0;0;0;0;2;0;0;0;0;0;0;2;0;1;6;0;1;12;0;1;0;1;0;0;0;0;0;0;0;1;0;0;0;1;0;0;0;0;0;0;0;4;3;0;0;0;2;2;5;0;0;1;0;0;0;1;3;0;1;0;0;0;0;0;0;0;0;0;0;0;1;0;0;0;0;0;0;0;0;1;2;0;0;0;0;8;0;4;0;0;0;0;0;0;0;0;0;1;0;0;0;0;0;1;0;2;0;0;0;0;0;3;0;0;5;0;0;0;0;0;10;1;0;0;1;0;0;0;0;0;0;2;0;0;0;1;0;0;0;0;2;0;0;0;0;0;0;0;3;0;0;0;0;1;0;0;6;0;0;0;0;0;0;0;0;0;0;0;0;0;0;6;0;5;1;4;0;5;0;0;0;0;0;0;0;0;0;0;0;6;0;0;0;0;0;2;4;3;0;0;0;0;0;0;8;0;0;0;7;0;0;0;0;0;0;0;0;1;0;7;8;0;0;0;0;1;0;2;0;0;0;0;0;2;0;0
PAZ11;0,427912;-79,236187;166;PA_M;A_Past;5,221044186;0,430392916;370,1661;0,788941883;0,426864529;0,463887666;0,048612294;1,025868056;0;0;0;0;0;9;0;0;0;0;0;0;0;0;0;0;0;0;0;6;0;0;0;0;0;0;0;0;0;0;0;0;10;0;0;0;1;1;0;0;0;0;0;0;0;0;0;0;0;0;0;0;0;0;0;0;0;0;0;11;0;0;9;0;0;0;0;0;1;0;0;0;0;0;0;0;0;2;0;0;0;0;0;0;3;0;1;5;0;0;0;0;0;2;0;0;0;5;0;0;1;0;8;0;0;0;0;0;0;1;0;0;0;4;0;2;0;0;0;0;0;0;0;0;0;0;0;0;0;0;0;1;0;0;0;0;0;0;0;0;11;0;1;0;0;3;3;0;0;7;0;3;0;0;1;0;0;0;0;0;0;0;0;0;0;0;0;0;0;0;0;0;0;0;1;0;0;0;1;0;0;6;0;10;1;3;0;0;0;0;0;0;0;0;0;0;0;1;0;0;0;0;0;6;1;0;6;0;0;4;0;0;7;0;0;0;0;1;11;0;0;1;0;0;6;0;0;0;0;7;0;0;0;0;0;2;0;0;0;0;0;1;0;1;0;0;1;0;0;0;0;2;0;0;3;0;0;0;0;0;0;0;0;0;2;0;0;0;0;6;0;6;0;7;0;0;0;0;0;1;0;0;0;0;3;0;0;1;0;0;0;0;0;1;6;1;0;0;0;0;0;1;9;0;0;0;3;0;5;0;0;0;0;0;0;6;0;21;7;3;0;0;0;3;0;1;0;0;0;0;2;13;0;0
PAZ15;0,405708;-79,265578;160;PA_M;A_Past;5,085258599;0,452394;297,627718;0,498187837;0,296238742;0,461997954;0,121789567;1,300034102;0;0;2;0;0;10;0;0;0;0;0;0;0;0;0;0;0;0;3;1;1;0;0;0;6;0;0;0;0;0;2;0;18;0;0;1;0;1;0;0;0;0;0;0;0;2;0;0;0;0;0;0;0;0;0;0;0;0;0;4;1;0;8;0;1;0;0;1;0;0;0;0;0;0;0;0;0;2;0;0;1;0;0;0;1;0;2;0;0;1;1;0;0;9;0;0;0;0;0;0;0;0;9;0;0;0;0;0;0;1;0;0;2;3;0;0;0;0;0;2;0;0;0;0;0;0;0;0;0;0;0;1;0;0;0;0;0;0;2;1;10;0;0;0;2;5;10;0;0;5;0;4;0;1;1;0;7;0;0;0;0;0;0;0;0;0;0;0;3;0;0;1;0;0;0;0;0;0;2;0;0;0;0;14;3;6;0;0;1;0;0;0;0;0;0;0;0;0;0;0;2;0;0;3;1;0;0;0;0;7;0;0;4;0;0;0;0;0;17;0;0;0;1;0;1;0;0;0;5;4;0;0;0;0;0;0;0;0;1;0;0;0;4;0;1;0;15;0;0;0;0;1;0;1;12;0;0;0;0;0;0;0;0;0;0;0;0;1;0;5;0;3;0;14;0;1;0;0;0;1;0;0;0;0;1;0;0;0;2;0;1;0;0;2;8;7;0;1;0;0;0;1;19;0;0;0;19;5;1;0;0;0;0;0;0;4;0;14;26;0;0;0;0;1;0;1;0;0;0;0;8;3;0;0
PAZ18;0,417119;-79,216108;173;PA_M;A_Past;5,198061601;0,437769643;427,0157712;0,759046282;0,423620795;0,476169627;0,050998291;1,008878968;0;0;0;0;0;13;0;0;0;0;0;0;0;0;0;0;0;0;3;0;0;0;0;0;0;0;0;0;0;0;0;0;14;0;2;0;0;1;0;0;0;0;0;0;0;1;0;0;0;0;0;0;0;0;0;0;0;0;0;0;0;0;9;2;0;0;0;0;1;0;0;1;0;3;0;0;0;4;0;0;0;0;0;0;0;0;0;0;0;10;0;0;0;12;0;0;0;0;0;0;0;0;7;0;1;0;0;0;0;10;0;2;14;0;0;0;0;0;0;1;0;0;0;0;0;0;0;0;0;0;0;1;0;0;0;1;1;0;1;0;3;0;0;0;5;6;8;0;0;3;0;0;0;2;5;0;1;0;0;0;0;0;0;0;0;0;0;0;3;0;0;0;0;0;0;0;0;0;2;0;0;4;0;24;1;8;0;0;5;0;0;0;0;0;0;0;0;1;0;0;0;0;0;1;0;0;1;0;0;6;0;0;4;0;0;0;0;0;3;0;0;0;0;0;0;0;0;0;0;4;0;1;0;4;0;0;0;0;8;0;0;0;0;0;0;0;16;0;0;0;0;3;0;0;14;0;0;0;0;0;0;0;0;0;0;1;0;0;0;9;0;3;4;7;0;1;0;0;0;3;0;1;0;0;2;0;0;2;1;0;1;0;0;1;11;8;0;0;0;0;0;0;19;0;0;0;20;0;1;0;0;0;0;0;0;10;0;7;23;1;4;0;0;1;0;5;0;0;0;0;0;0;0;0
APN1;0,557148;-79,183566;128;Pasture;F_Past;5,211031432;0,433954051;229,8510095;0,709738595;0,405982081;0,47026721;0,102965217;1,385432168;0;0;0;0;0;1;0;0;1;0;0;0;0;0;0;0;0;0;2;1;0;0;0;0;0;0;0;0;0;2;0;0;7;0;0;0;0;1;0;0;0;0;0;0;0;1;0;0;0;0;0;0;0;0;0;0;0;0;0;0;0;0;4;0;0;0;0;0;0;0;0;0;0;7;0;0;0;9;1;0;0;0;0;0;1;0;0;0;0;2;2;0;0;2;0;0;0;0;0;0;0;0;11;0;1;0;0;0;0;3;0;1;6;0;0;4;0;0;0;0;0;0;0;0;0;0;0;0;0;0;0;0;0;0;0;0;0;0;0;1;5;0;0;0;0;8;0;0;0;0;0;2;0;0;3;0;9;0;0;0;0;0;0;0;0;0;0;0;4;0;0;2;0;0;0;0;0;0;0;3;0;0;0;20;10;4;0;0;0;0;0;0;0;0;0;0;0;3;1;0;0;0;0;0;0;0;0;0;0;2;2;0;1;0;0;0;0;0;0;0;0;0;0;0;1;0;0;0;1;5;0;0;0;0;0;0;0;0;11;0;0;0;0;6;4;0;11;0;0;0;0;0;1;0;3;0;0;0;0;0;0;0;0;0;0;0;0;0;0;11;0;9;5;21;0;1;0;0;0;1;0;0;0;0;4;0;0;0;0;0;0;0;0;1;19;10;0;0;0;0;0;0;12;0;0;0;16;0;1;0;0;0;0;0;0;7;0;23;8;0;0;0;0;0;0;20;0;0;0;0;0;1;0;0
APN2;0,551181;-79,194413;151;Pasture;F_Past;5,276300433;0,381185321;205,5426073;0,779247466;0,480129297;0,455847937;0,114967093;1,58500744;0;0;0;0;0;3;0;1;0;0;0;0;0;0;0;0;0;0;2;9;0;0;0;0;0;0;0;0;0;2;0;0;2;0;2;0;0;2;0;0;0;0;0;0;0;1;0;0;0;0;0;0;0;0;0;0;0;0;0;2;0;0;16;1;0;5;0;0;0;0;0;0;0;4;0;0;0;9;0;0;0;0;0;0;0;0;0;0;0;3;1;0;0;3;0;0;0;0;0;0;0;0;7;0;0;0;0;0;0;6;0;2;3;2;0;9;0;0;0;1;0;0;0;0;0;0;0;0;0;0;0;3;0;0;0;0;0;0;1;6;4;0;0;0;0;3;0;0;0;0;0;1;0;0;1;0;8;0;0;0;0;0;0;0;0;0;0;0;0;0;0;0;0;0;0;0;0;0;2;0;0;0;0;23;16;4;0;0;4;0;0;0;0;0;0;0;0;0;6;0;0;0;0;3;0;0;0;0;0;0;0;0;10;0;0;0;0;0;3;0;0;1;1;0;1;0;0;0;0;0;0;0;0;0;0;0;0;0;9;0;0;2;0;6;0;0;13;0;0;0;0;1;0;1;6;0;0;0;0;0;0;0;0;0;0;0;0;0;0;6;0;12;0;17;0;2;0;0;1;1;0;0;0;0;0;0;0;0;11;0;1;0;0;1;7;7;0;0;0;0;0;0;23;0;0;0;14;0;0;0;0;0;0;0;0;2;0;12;7;0;0;2;1;0;0;5;0;0;0;0;1;0;0;0
APW2;0,557169;-79,183546;128;Pasture;F_Past;5,200398337;0,443247355;124,9219099;0,582747686;0,359663212;0,437123723;0,139184631;0,738414559;0;0;0;0;1;2;1;2;1;0;0;0;0;0;0;0;0;0;3;0;0;0;1;0;6;0;0;0;0;2;0;0;1;0;0;4;0;12;2;0;0;0;8;0;0;2;0;0;1;0;0;0;0;0;0;0;0;0;0;0;0;0;11;2;16;0;0;0;0;0;0;0;0;0;0;0;0;15;4;0;0;0;0;3;1;0;1;3;0;0;0;0;0;0;0;0;0;0;0;2;0;0;2;0;6;0;0;1;1;0;8;0;0;1;0;0;0;2;1;0;0;1;0;0;0;0;1;0;0;0;3;4;0;5;0;0;0;0;1;0;5;0;0;0;9;5;0;0;0;3;0;0;0;0;1;0;10;0;0;0;0;4;0;1;1;0;0;0;0;0;0;0;0;0;0;2;0;1;0;4;0;0;1;2;0;0;0;0;0;0;0;0;0;1;0;0;0;1;4;0;1;4;0;5;0;0;4;0;0;0;3;0;6;0;0;0;0;2;0;0;0;0;1;0;0;0;0;0;10;0;0;0;0;0;1;0;1;0;0;0;0;0;0;2;3;0;6;0;0;0;0;0;0;4;4;0;0;0;0;0;0;0;0;0;0;0;0;0;0;0;0;0;0;0;0;0;0;0;0;7;0;4;2;0;8;0;4;0;0;0;0;0;0;4;6;4;1;0;1;0;0;3;1;2;0;0;0;2;2;2;0;0;2;0;0;2;0;13;0;0;0;0;0;0;1;0;0;0;0;1;6;6;0;0
PA53;0,495852018;-79,20737699;510;Pasture;F_Past;5,288283459;0,38367321;554,2072395;0,901024228;0,43840968;0,449616973;0,091867739;1,430905878;0;0;0;0;0;0;1;6;0;0;0;0;0;0;0;0;0;0;0;0;0;0;0;0;0;0;0;0;0;1;1;0;1;0;0;0;6;9;0;0;0;0;1;0;0;0;0;0;2;0;0;0;0;0;7;0;0;0;0;0;0;0;2;0;1;0;0;0;15;0;0;0;0;0;1;0;0;5;0;1;0;0;0;0;4;0;0;0;0;0;0;0;0;0;0;0;0;5;1;0;0;0;1;0;1;2;0;0;0;0;1;0;0;0;0;0;0;0;0;0;0;0;10;0;2;0;0;0;0;0;1;0;0;0;0;0;0;0;0;1;0;0;0;0;2;0;0;0;0;4;0;2;0;0;0;0;0;0;1;0;0;2;0;1;0;0;2;0;0;0;0;4;0;0;0;0;0;0;0;4;0;0;0;1;0;0;0;0;0;0;0;0;0;0;0;1;0;0;4;0;2;1;0;2;0;0;1;0;0;0;1;0;0;0;0;0;0;7;0;0;0;0;0;3;0;0;0;0;1;0;0;0;0;0;0;0;1;0;1;1;0;0;0;11;9;0;4;0;1;3;0;0;0;5;2;0;0;0;2;1;1;0;0;0;0;2;0;0;0;0;0;2;1;0;0;0;0;0;0;2;0;0;0;0;1;0;1;0;1;0;0;0;0;1;5;1;1;0;0;2;0;1;0;4;0;0;1;0;0;0;1;0;0;0;0;0;0;0;2;0;0;0;0;0;1;0;0;0;0;0;0;7;0;0
PA54;0,53693;-79,18835;207;Pasture;F_Past;5,2011244;0,441549868;205,2929995;0,649306524;0,371340712;0,469940536;0,118025672;1,067801339;0;0;0;0;0;0;0;3;0;0;0;0;0;0;0;0;0;1;0;2;0;0;0;0;0;0;0;0;0;1;1;0;6;1;5;0;0;1;0;0;0;0;1;0;0;0;0;0;0;0;0;0;0;0;0;0;0;0;0;0;0;0;11;1;5;0;0;2;2;0;0;0;0;0;0;0;0;7;0;0;0;0;0;0;0;0;0;0;0;1;0;1;0;1;0;0;0;0;1;0;0;0;8;0;2;0;0;0;1;0;0;0;2;0;0;2;0;0;0;0;0;0;0;0;0;0;0;0;0;1;0;0;0;0;0;0;0;0;0;1;6;0;0;0;3;11;0;0;0;0;0;0;0;0;3;0;3;0;0;0;0;0;0;0;0;0;0;0;0;0;0;1;0;0;0;0;0;1;0;1;0;0;0;19;22;6;0;0;1;0;0;0;0;0;0;0;0;0;2;0;2;1;0;7;0;1;5;0;0;0;1;0;9;0;0;0;0;0;14;0;0;0;0;0;1;0;0;0;0;3;0;0;0;0;3;0;0;0;0;0;0;1;0;4;0;0;7;0;0;0;0;0;0;0;4;0;0;0;0;0;0;0;0;0;0;0;0;0;0;1;0;4;1;4;0;1;0;0;0;3;0;0;0;0;0;0;0;3;1;0;1;0;0;0;3;1;0;0;0;0;0;0;19;2;0;0;18;0;0;0;0;0;0;0;0;4;0;26;9;0;0;1;0;0;0;0;0;0;0;0;1;4;0;1
PA55;0,497629149;-79,22451722;350;Pasture;F_Past;5,287517393;0,379253477;489,0571614;0,888916016;0,426194605;0,440595985;0,10590052;1,23125;0;0;1;0;0;0;1;2;0;0;0;0;0;0;0;0;0;0;0;0;0;0;0;0;1;0;0;0;0;0;0;0;1;0;0;0;1;5;0;0;0;0;1;0;0;0;0;0;0;0;0;0;0;0;0;0;1;0;0;0;0;0;2;0;1;0;2;1;5;0;0;0;0;0;0;0;0;2;0;0;0;0;0;0;1;0;0;0;0;1;0;0;0;0;0;1;0;1;1;0;0;0;2;0;0;0;0;0;0;0;0;0;0;0;0;0;0;0;0;0;0;0;0;0;4;0;0;0;0;0;0;0;1;1;0;0;0;0;0;0;0;0;0;0;0;0;0;0;0;9;0;2;0;0;6;0;8;0;0;0;1;3;0;0;0;0;0;0;0;0;0;1;0;0;0;0;0;0;0;0;0;5;0;6;0;0;0;0;2;0;0;0;0;0;0;0;0;1;0;0;2;0;0;2;0;0;4;1;0;0;4;0;1;0;0;0;0;2;3;0;0;0;0;1;0;0;0;0;11;1;1;0;0;0;0;0;0;0;2;0;0;0;0;4;4;0;4;0;1;2;0;0;0;3;2;0;0;0;0;0;0;0;0;1;0;1;0;0;0;3;0;2;0;3;0;2;0;1;0;0;0;0;0;1;0;1;0;0;0;0;0;0;0;2;4;2;1;0;0;5;0;0;2;1;0;0;3;2;0;0;0;0;3;0;0;1;0;3;1;0;0;0;2;0;0;1;0;0;0;0;0;7;1;0
PA56;0,511023;-79,228523;430;Pasture;F_Past;5,250663342;0,408564678;499,641002;0,857660203;0,45446327;0,470706217;0,084854179;1,633956473;0;0;0;0;0;4;1;0;0;0;0;0;0;0;0;0;0;0;0;0;0;0;0;0;0;0;0;0;0;0;1;0;6;0;2;0;3;15;0;0;0;5;0;0;0;1;0;0;1;0;0;0;1;0;0;0;0;0;0;0;0;0;4;0;1;0;0;0;9;0;0;0;0;1;0;0;0;3;0;1;0;0;0;0;3;0;0;0;0;1;0;0;0;2;0;0;0;2;0;0;0;0;4;0;0;0;0;0;0;0;0;0;0;0;0;1;0;0;0;0;1;1;0;0;1;0;0;0;0;0;1;0;0;0;0;0;0;0;0;5;0;0;0;1;0;2;3;0;0;7;0;2;0;0;1;0;0;0;0;0;0;6;0;1;0;0;0;0;0;0;0;7;0;0;0;0;0;0;0;0;0;0;1;10;0;3;0;0;6;0;0;0;0;0;0;0;0;0;0;0;0;0;0;0;0;0;0;0;0;0;1;0;4;0;0;1;0;1;1;0;0;1;1;1;0;0;0;0;5;1;0;0;0;1;0;0;0;0;4;0;0;0;0;2;4;0;11;0;0;1;0;3;0;2;7;0;0;0;0;0;0;0;1;1;0;0;0;0;1;0;0;6;2;2;1;0;0;0;0;1;0;0;0;0;0;0;0;0;0;0;2;0;0;1;5;1;0;0;0;2;0;0;8;0;0;0;4;0;0;0;1;0;0;0;0;1;1;10;5;1;0;0;2;0;1;0;0;0;0;0;1;3;1;0
PA57;0,511013;-79,20914;375;Pasture;F_Past;5,276967531;0,387976899;136,2558721;0,698115758;0,399126502;0,449686818;0,068223331;1,545045883;0;0;1;0;0;2;2;0;0;0;0;0;0;0;0;0;5;0;2;1;0;0;0;0;1;0;0;0;0;1;0;0;0;0;0;5;0;10;0;0;0;0;1;0;0;10;0;0;0;0;0;0;0;0;0;0;2;0;0;0;0;0;11;0;0;0;0;0;1;0;0;0;0;1;0;0;0;4;1;1;0;0;0;1;1;0;0;2;1;0;0;1;0;0;0;2;0;0;0;0;0;0;2;0;0;0;0;0;0;0;0;0;2;0;0;3;0;0;0;0;0;1;0;0;0;0;0;0;0;0;0;0;3;1;0;0;0;0;0;3;9;0;0;0;0;1;0;0;0;5;0;1;0;0;7;0;5;0;0;0;0;1;0;0;0;0;1;7;0;0;0;2;0;1;0;2;0;2;0;2;0;7;1;7;0;6;0;0;5;0;0;0;0;0;0;0;0;1;3;0;2;0;0;4;0;0;4;0;0;0;5;0;5;0;0;0;0;0;2;0;0;0;0;1;0;0;0;0;13;0;0;0;0;0;0;0;0;1;8;0;0;5;0;3;1;0;21;0;0;0;0;0;0;5;4;0;0;0;0;0;1;0;0;0;0;0;0;0;0;0;0;1;0;1;0;0;0;0;0;2;0;0;0;0;0;0;1;0;0;0;2;0;0;0;9;4;0;0;0;0;0;0;10;0;0;0;13;1;3;0;1;0;0;0;0;1;0;3;0;0;0;0;1;0;0;11;0;0;1;1;1;4;0;0
PA58;0,543056;-79,153322;243;Pasture;F_Past;5,139171504;0,471175208;153,7126313;0,530861991;0,410564912;0,450750342;0,140691198;0,834920635;0;0;0;0;1;1;0;2;0;0;0;0;0;0;0;0;0;0;4;9;0;0;0;0;5;0;0;1;1;0;4;0;9;0;2;4;0;2;0;0;0;0;1;0;0;0;0;0;0;0;0;0;0;0;0;0;0;0;0;0;0;0;9;0;2;0;0;0;4;0;0;0;0;5;0;0;1;7;0;0;0;0;0;0;1;0;0;0;0;0;0;0;0;0;0;0;0;1;0;0;0;0;2;0;5;0;0;0;0;3;0;0;0;0;0;1;0;0;0;0;0;0;0;0;0;0;0;0;0;0;0;0;0;1;0;0;0;0;0;0;5;0;1;0;0;0;0;0;0;2;0;3;0;0;4;0;7;0;0;0;0;2;0;0;0;0;0;0;1;0;0;2;0;0;0;1;0;0;0;3;0;3;0;10;3;4;0;0;7;0;0;0;0;0;0;0;1;3;8;0;1;2;0;2;1;0;6;1;0;1;5;0;0;0;1;0;1;0;1;0;0;0;0;0;1;0;0;0;2;1;0;0;0;0;0;0;0;0;8;4;0;0;0;8;0;0;23;0;0;0;2;0;0;1;6;0;0;0;0;0;1;0;0;0;0;0;0;0;0;0;0;1;0;5;0;0;0;0;0;7;0;1;0;0;2;0;0;0;0;0;3;0;0;0;8;5;0;0;0;0;0;1;4;0;0;0;11;1;0;0;0;0;0;0;0;1;0;22;3;0;0;0;4;0;0;0;0;0;0;0;4;2;0;0
