Latin_correct;Avonet_Latin;Name Phylogeny Latin;APN1;APN2;APW2;CA59;CA60;CA61;CA62;CA63;CA64;CAZ01;CAZ05;CAZ07;CAZ12;CAZ14;CAZ17;CR01;CR02;CR03;CR04;CR05;CR06;CR07;CR08;CR10;CR11;CR12;CR13;CR14;CR16;CR17;CR18;OG11_old;OG37;OG38;OG39;OG40;OG41;OG42;OG43;OG44;OG45;OG46;OG47;OG48;OG49;OG50;OG51;OG52;OGZ04;OGZ09;OGZ10;OGZ13;OGZ20;OGZ21;OGZ22;OGZ23;OGZ25;PA53;PA54;PA55;PA56;PA57;PA58;PAZ03;PAZ07;PAZ11;PAZ15;PAZ18;PR19;PR20;PR21;PR21WUE;PR22;PR23;PR24;PR25;PR26;PR27;PR28;PR29;PR30;PR31;PR32;PR33;PR34;PR36
Aburria aburri;Aburria_aburri;Aburria_aburri;0;0;0;0;0;3;0;0;0;0;0;0;0;0;0;0;0;0;0;0;0;0;0;0;0;0;0;0;0;0;0;0;0;0;0;0;0;0;0;0;0;0;0;0;0;0;0;0;0;0;0;0;0;0;0;0;0;0;0;0;0;0;0;0;0;0;0;0;0;0;0;0;0;0;0;0;2;0;0;0;0;0;0;0;0;0
Accipiter bicolor;Accipiter_bicolor;Accipiter_bicolor;0;0;0;0;0;0;0;0;0;0;0;0;0;0;0;0;0;0;0;0;0;0;0;0;0;0;0;0;0;0;0;0;0;0;0;0;0;1;0;0;0;0;0;0;0;0;0;0;0;0;0;0;0;0;0;0;0;0;0;0;0;0;0;0;0;0;0;0;0;0;0;0;0;0;0;0;0;0;0;0;0;0;0;0;0;0
Amazilia amabilis;Amazilia_amabilis;Amazilia_amabilis;0;0;0;1;2;0;0;0;0;0;0;0;0;0;0;0;1;2;0;0;0;0;0;0;0;0;0;0;0;0;0;0;0;0;0;0;0;0;0;0;0;0;0;0;0;0;0;0;0;0;1;0;0;0;0;0;0;0;0;1;0;1;0;0;1;0;2;0;0;0;0;0;0;0;0;0;0;0;0;0;2;1;0;0;0;0
Amazilia franciae;Amazilia_franciae;Amazilia_franciae;0;0;0;1;0;0;0;0;0;0;0;0;0;0;0;0;0;0;0;0;0;0;0;0;0;0;0;0;0;0;0;0;0;0;0;0;0;0;0;0;0;0;0;0;0;0;0;0;0;0;0;0;0;0;0;0;0;0;0;0;0;0;0;0;0;0;0;0;0;0;0;0;0;0;0;1;0;0;0;0;0;0;0;1;0;0
Amazilia rosenbergi;Amazilia_rosenbergi;Amazilia_rosenbergi;0;0;1;0;2;0;1;1;3;0;0;0;0;0;0;2;2;1;6;1;2;2;2;0;3;2;0;0;0;1;2;0;0;0;3;0;7;0;0;7;0;0;0;0;3;0;6;3;1;0;0;1;0;0;3;0;0;0;0;0;0;0;1;0;0;0;0;0;0;1;1;2;0;1;0;1;2;1;2;2;4;0;0;1;2;0
Amazilia tzacatl;Amazilia_tzacatl;Amazilia_tzacatl;1;3;2;8;8;2;2;1;1;4;3;6;4;12;12;0;0;1;0;1;0;3;0;1;0;0;1;0;0;0;0;0;0;0;0;0;0;0;0;0;0;0;0;0;0;0;0;0;3;1;0;0;1;0;0;0;2;0;0;0;4;2;1;5;11;9;10;13;4;4;0;0;1;1;0;3;0;0;0;5;1;2;0;4;0;0
Amazona autumnalis;Amazona_autumnalis;Amazona_autumnalis;0;0;1;0;1;2;0;0;2;0;0;0;0;0;0;3;0;0;0;4;0;0;1;0;0;0;0;0;0;0;0;0;0;2;0;0;0;0;2;0;0;0;0;0;0;0;1;0;0;0;0;1;0;0;0;0;0;1;0;1;1;2;0;0;0;0;0;0;2;0;4;4;2;1;0;0;0;2;3;0;0;0;0;0;0;0
Amazona farinosa;Amazona_farinosa;Amazona_farinosa;0;1;2;2;1;5;2;3;1;0;0;0;0;0;1;1;0;1;2;2;1;1;0;4;2;0;0;0;1;1;2;0;1;0;2;3;0;3;5;3;1;0;0;5;2;3;5;0;0;0;0;0;0;1;0;0;0;6;3;2;0;0;2;0;0;0;0;0;0;1;3;4;2;3;0;3;3;5;1;0;1;0;1;1;0;4
Amblycercus holosericeus;Amblycercus_holosericeus;Amblycercus_holosericeus;1;0;1;0;0;0;0;0;0;0;0;0;0;0;0;0;0;0;0;0;0;0;0;0;0;0;0;0;0;0;0;0;0;0;0;0;0;0;0;0;0;0;0;0;0;0;0;0;0;0;0;0;0;0;0;0;0;0;0;0;0;0;0;0;0;0;0;0;0;0;0;0;0;0;0;0;0;0;0;0;0;0;0;0;0;0
Ampelioides tschudii;Ampelioides_tschudii;Ampelioides_tschudii;0;0;0;0;0;0;0;0;0;0;0;0;0;0;0;0;0;0;0;0;0;0;0;0;0;0;0;0;0;0;0;0;0;0;0;0;0;0;0;0;1;0;0;0;0;0;0;0;0;0;0;0;0;0;0;0;0;0;0;0;0;0;0;0;0;0;0;0;0;0;0;0;0;0;0;0;0;0;0;0;0;0;0;0;0;0
Anabacerthia variegaticeps;Anabacerthia_variegaticeps;Anabacerthia_variegaticeps;0;0;0;0;0;0;0;0;0;0;0;0;0;0;0;0;0;0;0;0;0;0;0;0;0;0;0;0;0;0;0;0;0;1;0;0;0;0;0;0;0;0;0;0;0;0;0;0;0;0;0;0;0;0;0;0;0;0;0;0;0;0;0;0;0;0;0;0;0;0;0;0;0;0;0;0;0;0;0;0;0;0;0;0;0;0
Androdon aequatorialis;Androdon_aequatorialis;Androdon_aequatorialis;0;0;0;0;0;0;0;0;0;1;0;0;0;0;0;0;0;0;0;0;0;0;0;0;0;0;0;0;0;0;0;0;3;0;0;2;0;1;1;0;0;0;1;0;0;1;0;1;0;0;0;1;0;0;0;0;0;0;0;0;0;0;0;0;0;0;0;0;0;0;0;0;0;0;0;0;0;0;0;1;1;0;0;0;0;0
Anthracothorax nigricollis;Anthracothorax_nigricollis;Anthracothorax_nigricollis;0;0;0;0;0;0;0;0;0;0;0;0;0;0;0;0;0;0;0;0;0;0;0;0;0;0;0;0;0;0;0;0;0;0;0;0;0;0;0;0;0;0;0;0;0;0;0;0;0;0;0;0;0;0;0;0;0;0;0;0;0;0;0;0;0;0;0;0;0;0;0;0;0;0;0;0;0;0;0;0;0;0;0;0;0;1
Ara ambiguus;Ara_ambiguus;Ara_ambiguus;0;0;0;1;0;0;0;0;0;0;0;0;0;0;1;0;0;0;0;0;0;0;0;0;2;0;0;0;0;0;0;0;0;0;0;0;0;1;2;0;2;0;0;0;0;0;0;0;0;0;0;1;0;0;0;0;0;0;0;0;0;0;0;0;0;0;0;0;0;0;0;1;0;0;0;0;0;0;0;0;0;0;0;0;0;0
Ara severus;Ara_severus;Ara_severus;0;0;0;0;0;0;0;0;0;0;0;0;0;0;0;0;0;0;0;0;0;0;0;0;0;0;0;0;0;0;0;0;0;0;0;0;0;0;0;0;0;0;0;0;0;0;1;0;0;0;0;0;0;0;0;0;0;0;0;0;0;0;0;0;0;0;0;0;0;1;0;0;0;0;0;0;0;0;3;0;0;0;0;0;0;0
Aramides wolfi;Aramides_wolfi;Aramides_wolfi;0;0;0;0;0;0;0;0;0;0;0;0;0;0;0;0;0;0;0;0;0;0;0;0;0;0;0;0;0;0;0;0;0;0;1;0;0;0;0;0;0;0;0;0;0;0;0;0;1;0;0;0;0;0;0;0;0;0;0;0;0;0;0;0;0;0;0;0;0;0;0;0;0;0;0;0;0;0;0;0;0;0;0;0;0;0
Arremon aurantiirostris;Arremon_aurantiirostris;Arremon_aurantiirostris;0;0;0;0;0;2;0;3;0;0;0;0;0;0;0;3;0;0;0;5;8;1;0;3;2;1;0;0;0;4;0;0;1;0;0;0;0;0;0;0;0;0;0;0;0;0;0;0;1;1;0;0;0;0;0;0;1;0;0;0;0;5;0;0;0;0;0;0;1;0;3;0;2;0;4;1;6;6;0;0;1;4;0;1;0;1
Arremonops conirostris;Arremonops_conirostris;Arremonops_conirostris;0;0;0;0;0;1;0;0;0;0;0;0;0;0;1;0;0;0;0;0;0;0;0;0;0;0;0;0;0;0;0;0;0;0;0;0;0;0;0;0;0;0;0;0;0;0;0;0;0;0;0;1;0;0;0;0;0;0;1;0;0;0;0;0;0;0;0;0;0;0;0;0;0;0;0;0;0;0;0;0;0;0;0;0;0;0
Atticora tibialis;Atticora_tibialis;Neochelidon_tibialis;2;2;3;1;5;1;4;0;10;0;0;0;1;1;1;0;0;1;0;0;0;0;0;0;0;0;0;0;0;0;0;0;0;0;0;0;0;0;0;0;0;0;0;0;0;0;0;0;0;0;0;0;0;0;0;0;0;0;0;0;0;2;4;1;0;0;3;3;0;1;0;0;0;0;0;3;0;0;0;0;0;0;0;0;0;0
Attila spadiceus;Attila_spadiceus;Attila_spadiceus;1;9;0;8;1;2;1;7;6;0;0;0;0;1;0;0;1;1;0;11;0;0;1;0;0;0;0;0;1;0;0;0;0;0;0;0;1;1;1;0;0;0;0;1;0;2;0;0;0;0;3;0;1;0;0;0;0;0;2;0;0;1;9;0;0;6;1;0;3;3;1;0;3;0;0;0;1;0;1;0;6;0;0;0;0;0
Attila torridus;Attila_torridus;Attila_torridus;0;0;0;0;0;0;0;0;0;0;0;0;1;0;0;0;0;0;0;0;0;0;0;0;0;0;0;0;0;0;0;0;0;0;0;0;0;0;0;0;0;0;0;0;0;0;0;0;0;0;0;0;0;0;0;0;0;0;0;0;0;0;0;0;0;0;1;0;0;0;0;0;0;0;0;0;1;0;0;1;0;0;0;0;0;0
Aulacorhynchus haematopygus;Aulacorhynchus_haematopygus;Aulacorhynchus_haematopygus;0;0;0;0;0;0;0;0;0;0;0;0;0;0;0;0;0;0;0;0;0;0;0;0;0;0;0;0;0;0;0;0;0;0;0;0;0;0;0;0;0;0;0;0;0;0;0;0;1;0;0;1;0;0;0;0;0;0;0;0;0;0;0;0;0;0;0;0;0;0;0;0;0;0;0;0;0;0;0;0;0;0;0;0;0;0
Automolus ochrolaemus;Automolus_ochrolaemus;Automolus_ochrolaemus;0;0;1;0;0;0;0;0;0;0;0;0;0;0;0;0;0;0;0;0;0;0;0;0;0;0;0;0;0;0;0;0;1;0;0;0;0;1;0;0;0;0;1;1;0;0;0;0;0;0;1;0;0;0;0;0;0;0;0;0;0;0;0;0;0;0;0;0;0;0;0;0;0;0;0;0;0;1;0;0;0;0;0;0;0;0
Automolus subulatus;Automolus_subulatus;Hyloctistes_subulatus;0;0;0;0;0;0;0;0;0;0;0;0;0;0;0;0;0;0;0;0;0;2;4;0;0;0;0;1;2;0;2;1;1;0;0;0;0;1;0;0;0;0;3;0;4;4;1;0;0;0;0;0;0;0;0;0;0;0;0;0;0;0;0;0;0;0;0;0;0;0;0;0;0;0;0;0;2;1;0;2;1;0;1;0;0;0
Baryphthengus martii;Baryphthengus_martii;Baryphthengus_martii;0;0;6;1;1;1;0;6;4;1;0;1;0;0;3;2;0;1;1;0;0;1;6;1;3;0;0;2;0;0;5;0;0;1;0;0;4;2;4;0;1;2;1;1;5;0;5;1;5;2;1;0;2;4;2;1;0;0;0;1;0;1;5;0;0;0;6;0;3;1;1;0;0;0;0;0;4;2;3;4;1;3;0;3;0;2
Bubulcus ibis;Bubulcus_ibis;Bubulcus_ibis;0;0;0;0;0;0;0;0;0;0;0;0;0;0;1;0;0;0;0;0;0;0;0;0;0;0;0;0;0;0;0;0;0;0;0;0;0;0;0;0;0;0;0;0;0;0;0;0;0;0;0;0;0;0;0;0;0;0;0;0;0;0;0;0;0;0;0;0;0;0;0;0;0;0;0;0;0;0;0;0;0;0;0;0;0;0
Buteo brachyurus;Buteo_brachyurus;Buteo_brachyurus;0;0;0;0;0;0;0;0;0;0;0;0;0;0;0;0;0;0;0;0;0;0;0;0;0;0;0;0;0;0;0;0;0;0;0;0;1;0;0;0;0;0;0;0;0;0;0;0;0;0;0;0;0;0;0;0;0;0;0;0;0;0;0;0;0;0;0;0;0;0;0;0;0;0;2;0;0;0;0;0;0;0;0;0;0;0
Buteo nitidus;Buteo_nitidus;Buteo_nitidus;0;0;0;1;0;0;0;0;1;0;0;1;0;1;1;0;0;0;0;0;0;0;0;0;0;0;0;0;0;0;0;0;0;0;0;0;0;0;0;0;0;0;0;0;0;0;0;0;1;0;0;1;0;0;0;0;0;0;0;0;0;0;1;1;1;0;0;0;0;0;0;0;0;0;0;0;0;0;0;0;0;0;0;0;0;0
Cacicus cela;Cacicus_cela;Cacicus_cela;0;0;0;0;0;0;0;0;0;0;0;0;1;0;0;0;0;0;0;0;0;0;0;0;0;0;0;0;0;0;0;0;0;0;0;0;0;0;0;0;0;0;0;0;0;0;0;0;0;0;0;0;0;0;0;0;0;0;0;0;0;0;1;0;0;0;0;0;2;0;0;0;0;0;0;0;0;0;0;0;0;0;0;0;0;0
Cacicus uropygialis;Cacicus_uropygialis;Cacicus_uropygialis;2;2;2;1;1;1;2;5;3;0;0;0;0;0;0;1;0;0;0;1;3;5;4;4;2;3;0;0;0;0;0;0;0;0;0;1;2;0;1;1;3;0;0;5;0;1;3;0;1;0;0;0;2;0;0;0;1;1;1;0;0;1;0;0;0;0;0;0;1;0;2;0;0;0;0;0;3;4;8;0;1;1;0;0;2;1
Campephilus gayaquilensis;Campephilus_gayaquilensis;Campephilus_gayaquilensis;0;0;0;1;4;1;0;0;1;0;0;1;0;1;1;0;0;0;0;0;0;0;0;1;0;0;2;0;0;0;0;0;0;0;0;0;0;0;2;1;0;0;0;0;1;0;1;0;2;0;0;0;0;2;0;0;0;1;1;0;1;0;4;0;0;0;2;0;1;0;0;0;0;0;0;0;0;2;2;2;8;0;0;2;0;0
Campephilus haematogaster;Campephilus_haematogaster;Campephilus_haematogaster;0;0;0;0;0;0;0;0;0;0;0;0;0;0;1;0;0;1;0;0;0;0;0;0;0;0;0;0;0;0;0;0;0;0;0;0;0;0;2;0;0;0;0;0;5;0;0;1;1;0;0;0;0;0;0;0;0;0;0;0;0;0;0;0;0;0;0;0;0;0;0;0;0;0;0;0;0;0;0;0;0;0;0;0;0;0
Camptostoma obsoletum;Camptostoma_obsoletum;Camptostoma_obsoletum;7;2;1;11;9;1;4;0;8;9;14;7;15;12;17;6;0;1;0;0;0;0;0;0;0;0;0;0;0;0;0;0;0;0;0;0;0;0;0;0;0;0;0;0;0;0;0;0;0;0;0;0;0;0;0;0;1;1;6;1;6;0;9;11;6;10;18;14;0;4;0;0;0;0;0;6;0;0;0;0;0;0;0;0;0;0
Campylorhamphus pusillus;Campylorhamphus_pusillus;Campylorhamphus_pusillus;0;0;0;0;0;0;0;0;0;0;0;0;0;0;0;0;0;0;0;0;0;0;0;0;0;0;0;0;0;0;0;0;0;0;1;0;0;0;2;0;0;0;0;1;0;0;0;0;0;0;0;0;0;0;0;0;0;0;1;0;0;0;0;0;0;0;0;0;0;0;0;0;0;0;0;0;0;0;0;0;0;0;0;0;0;0
Campylorhamphus trochilirostris;Campylorhamphus_trochilirostris;Campylorhamphus_trochilirostris;0;2;0;1;1;1;1;1;1;0;1;0;0;0;0;0;0;6;0;0;0;0;0;1;0;0;0;0;0;0;0;0;0;0;0;0;1;0;0;0;0;0;0;0;1;0;1;0;0;0;1;0;1;0;0;0;0;0;5;0;2;0;2;0;0;0;0;2;0;0;0;0;0;0;0;0;2;0;0;0;0;0;0;0;0;1
Campylorhynchus zonatus;Campylorhynchus_zonatus;Campylorhynchus_zonatus;0;0;4;0;0;0;0;0;3;1;0;0;0;0;1;0;0;1;0;0;0;0;0;0;0;0;0;0;0;0;0;0;0;0;0;0;0;0;0;0;0;0;0;0;0;0;0;0;0;0;0;0;0;0;0;0;0;0;0;0;0;5;4;0;0;0;1;0;0;0;0;0;0;0;0;0;0;0;0;0;0;0;0;0;0;0
Cantorchilus leucopogon;Cantorchilus_leucopogon;Thryothorus_leucopogon;0;0;0;1;0;0;0;0;0;0;0;0;0;0;0;0;5;3;2;0;0;3;7;2;9;6;0;0;4;3;5;8;2;5;11;6;16;7;2;6;7;6;14;9;8;2;5;2;2;0;9;1;2;1;2;9;0;6;0;1;3;0;0;0;0;1;0;0;0;0;1;3;0;0;0;0;0;4;6;0;1;2;1;2;6;4
Cantorchilus nigricapillus;Cantorchilus_nigricapillus;Thryothorus_nigricapillus;1;2;12;0;12;9;5;0;0;0;0;0;4;1;4;6;4;6;2;7;0;3;1;11;0;3;4;1;3;4;1;0;0;0;0;0;1;0;0;0;0;1;0;0;1;0;0;0;3;0;0;2;0;0;0;1;5;9;1;5;15;10;2;1;0;1;1;1;0;13;2;1;3;1;3;8;0;1;1;2;2;9;2;10;1;3
Capito squamatus;Capito_squamatus;Capito_squamatus;0;0;2;0;0;0;0;0;0;0;0;0;0;0;0;0;0;0;0;0;0;0;0;0;0;0;0;0;0;0;0;0;0;0;0;0;1;0;0;0;0;0;0;0;0;0;0;0;1;1;0;0;1;0;0;0;0;0;0;0;0;0;0;0;0;0;0;0;0;0;0;0;0;0;0;0;0;0;0;0;0;1;0;0;0;0
Capsiempis flaveola;Capsiempis_flaveola;Capsiempis_flaveola;0;0;0;0;0;0;0;0;0;0;0;0;0;0;0;0;0;0;0;0;0;0;0;0;0;0;0;0;0;0;0;1;0;0;0;0;0;0;0;0;0;0;0;0;0;0;0;0;0;0;0;0;0;0;0;0;0;0;0;0;0;0;0;0;1;0;0;0;0;0;0;0;0;0;0;0;0;0;0;0;0;0;0;0;0;0
Cardellina canadensis;Cardellina_canadensis;Wilsonia_canadensis;0;0;0;0;0;0;0;0;0;0;0;0;0;0;0;0;0;0;0;0;0;0;0;0;0;0;0;0;0;0;0;0;0;0;0;0;0;0;0;0;0;0;0;0;0;0;0;0;0;0;0;0;0;0;0;0;0;0;0;0;0;0;0;0;0;0;0;0;0;0;0;0;0;0;0;0;0;0;1;0;0;0;0;0;0;0
Catharus ustulatus;Catharus_ustulatus;Catharus_ustulatus;0;0;0;0;1;0;0;0;0;0;0;0;0;0;0;0;1;2;0;1;0;1;0;0;0;0;0;0;0;0;0;0;0;1;0;0;0;0;0;0;0;0;0;0;1;0;0;0;0;0;0;0;0;0;0;0;0;0;0;0;5;0;0;0;0;0;0;0;0;0;1;0;0;0;0;0;11;0;0;3;11;0;1;0;0;0
Celeus loricatus;Celeus_loricatus;Celeus_loricatus;0;0;8;0;0;0;0;1;0;0;0;0;0;0;0;0;1;1;0;2;0;1;1;1;0;0;1;0;0;0;0;0;0;1;0;0;2;0;0;0;0;0;0;2;3;0;3;0;0;0;0;1;0;1;1;1;0;1;1;1;0;1;1;0;0;0;0;0;0;0;1;0;2;0;1;0;1;0;0;0;0;0;0;1;0;0
Cephalopterus penduliger;Cephalopterus_penduliger;Cephalopterus_penduliger;0;0;0;0;0;0;0;0;0;0;0;0;0;0;0;1;0;0;0;1;0;0;0;0;0;0;0;2;0;0;0;2;0;0;0;1;0;0;0;0;0;0;0;0;0;0;0;0;0;0;0;1;0;0;0;0;0;0;0;0;0;0;0;0;0;0;0;0;0;2;0;9;0;0;0;1;0;0;0;0;2;0;0;0;2;0
Ceratopipra mentalis;Ceratopipra_mentalis;Pipra_mentalis;0;0;0;0;0;0;0;0;0;0;0;0;0;0;0;0;0;0;0;0;0;0;1;0;2;0;0;0;0;4;0;0;3;4;1;1;0;3;8;2;3;1;5;0;0;3;0;0;0;0;2;0;0;0;0;0;0;0;0;0;0;0;0;0;0;0;0;0;0;0;0;0;0;0;0;0;9;0;6;0;0;0;0;0;0;0
Cercomacroides tyrannina;Cercomacroides_tyrannina;Cercomacra_tyrannina;1;1;2;0;0;1;8;2;1;0;0;0;0;0;0;0;0;10;0;5;0;0;0;0;1;0;0;0;0;0;0;0;0;0;0;0;0;0;0;0;0;0;0;0;0;0;0;0;0;0;1;0;0;0;0;1;0;0;0;0;1;10;0;0;0;0;2;1;5;0;0;0;0;0;0;0;0;0;1;1;0;0;0;1;0;0
Chaetura cinereiventris;Chaetura_cinereiventris;Chaetura_cinereiventris;0;0;0;0;0;0;2;0;0;0;0;0;0;0;0;0;0;0;0;0;0;0;0;0;0;0;0;0;0;0;0;0;0;0;0;0;0;0;0;0;0;0;0;0;0;0;0;0;0;0;0;0;0;0;0;0;0;0;0;0;0;0;0;0;0;0;0;0;0;0;0;0;0;0;0;0;0;0;0;0;0;0;0;0;0;0
Chaetura spinicaudus;Chaetura_spinicaudus;Chaetura_spinicaudus;0;0;0;0;0;0;1;0;1;0;0;0;0;0;0;0;0;0;0;0;0;0;0;0;0;0;0;0;0;0;0;0;0;0;0;0;0;0;0;0;0;0;0;0;0;0;0;0;0;0;0;0;0;0;0;0;0;0;0;0;0;0;0;0;0;0;0;0;0;0;0;0;0;0;0;0;0;0;0;0;0;0;0;0;0;0
Chlorophanes spiza;Chlorophanes_spiza;Chlorophanes_spiza;0;0;1;0;1;0;1;1;2;0;0;0;0;1;0;0;0;2;0;2;0;0;0;2;1;1;0;0;0;0;0;0;0;0;0;0;0;0;1;0;1;0;0;0;0;0;0;0;1;0;1;0;0;0;1;0;1;2;0;0;1;0;0;0;0;0;0;0;1;1;0;2;0;0;0;0;0;3;0;0;1;0;4;2;0;4
Chlorophonia flavirostris;Chlorophonia_flavirostris;Chlorophonia_flavirostris;0;0;0;0;0;0;0;0;0;0;0;0;0;0;0;0;0;0;0;0;0;0;0;0;0;0;0;0;0;0;0;0;0;0;0;0;0;0;0;0;0;0;1;0;0;0;0;0;0;0;0;0;0;0;0;0;0;0;0;0;0;0;0;0;0;0;0;0;0;0;0;0;0;0;0;0;0;0;0;0;0;0;0;0;0;0
Chlorospingus canigularis;Chlorospingus_canigularis;Chlorospingus_canigularis;0;0;0;0;0;0;0;0;0;0;0;0;0;0;0;0;0;0;0;0;0;0;0;0;0;0;0;0;0;0;0;0;0;0;0;0;0;0;0;0;0;0;0;0;0;0;0;0;0;0;1;0;0;0;0;0;0;0;0;0;0;0;0;0;0;0;0;0;0;0;0;0;0;0;0;0;0;0;0;0;1;0;0;1;0;0
Chlorospingus flavigularis;Chlorospingus_flavigularis;Chlorospingus_flavigularis;0;0;0;0;0;0;0;0;0;0;0;0;0;0;0;0;0;0;0;0;0;0;3;0;0;0;0;0;0;0;0;0;0;0;1;0;1;0;0;1;0;0;0;0;0;0;0;0;1;1;0;0;0;0;0;0;0;0;0;0;0;0;0;0;0;0;0;0;0;0;0;0;0;0;0;0;6;0;0;0;1;0;0;0;0;0
Chlorospingus flavovirens;Bangsia_flavovirens;Chlorospingus_flavovirens;0;0;0;0;0;0;0;0;0;0;0;0;0;0;0;0;0;0;0;0;0;0;0;0;0;0;0;0;0;0;0;0;0;0;0;0;0;0;0;0;0;2;0;0;0;0;0;0;0;0;0;0;0;0;0;0;0;0;0;0;1;0;0;0;0;0;0;0;0;0;0;0;0;0;0;0;0;0;0;0;0;0;0;0;0;0
Chlorothraupis olivacea;Habia_olivacea;Chlorothraupis_olivacea;0;0;0;0;0;0;0;0;0;0;0;0;0;0;0;0;0;0;0;0;0;0;0;0;0;0;0;0;0;0;1;0;0;0;0;0;0;8;0;0;0;0;0;2;0;0;0;0;3;0;0;0;0;0;0;0;0;0;0;0;0;0;0;0;0;0;0;0;0;0;0;0;0;0;0;0;0;0;0;0;0;0;0;0;0;0
Chlorothraupis stolzmanni;Habia_stolzmanni;Chlorothraupis_stolzmanni;0;0;0;0;0;0;0;0;0;0;0;0;0;0;0;8;0;0;2;0;0;0;0;1;10;0;0;0;0;0;0;21;1;23;5;13;0;0;0;2;9;1;0;0;2;0;0;0;0;0;1;2;0;0;0;0;0;7;0;0;0;0;0;0;0;0;0;0;0;4;7;12;0;0;0;8;0;0;0;0;1;0;0;0;8;3
Chondrohierax uncinatus;Chondrohierax_uncinatus;Chondrohierax_uncinatus;0;0;0;0;0;0;0;0;0;0;0;0;0;0;0;0;0;0;0;0;0;0;0;0;0;0;0;0;0;0;0;0;0;0;0;0;0;0;0;0;0;0;0;0;0;0;0;0;1;0;0;0;0;0;0;0;0;0;0;0;0;0;0;2;1;0;0;0;0;0;0;0;0;0;0;0;0;0;0;0;0;0;0;0;0;0
Chrysothlypis salmoni;Chrysothlypis_salmoni;Chrysothlypis_salmoni;0;0;0;0;0;0;0;0;0;0;0;0;0;0;0;0;0;0;0;0;0;0;0;0;0;0;0;0;0;1;0;0;2;2;2;5;0;0;4;0;1;0;1;0;1;0;0;0;1;0;1;0;1;0;0;0;0;0;0;1;0;2;0;0;0;0;0;0;5;0;0;2;0;0;0;0;0;0;0;1;4;2;0;0;2;0
Ciccaba nigrolineata;Ciccaba_nigrolineata;Strix_nigrolineata;0;0;0;0;0;0;0;0;0;0;1;0;0;0;1;0;0;0;0;0;0;0;0;0;0;2;0;0;0;0;0;0;0;1;0;0;0;0;0;0;0;0;0;0;0;0;0;0;0;0;0;0;0;0;0;0;0;0;0;0;0;0;0;0;0;0;0;0;0;0;0;0;0;0;0;0;0;0;0;0;0;0;0;0;0;0
Ciccaba virgata;Ciccaba_virgata;Strix_virgata;0;0;0;1;0;0;0;0;0;0;0;0;0;0;0;0;0;0;0;0;0;0;0;0;0;0;1;0;0;0;0;0;0;0;1;0;0;0;0;0;0;0;0;0;0;0;0;0;0;0;0;0;0;0;0;0;0;0;0;0;0;0;0;0;0;0;0;0;0;0;0;0;0;0;0;0;0;0;0;0;0;0;1;1;0;0
Claravis pretiosa;Claravis_pretiosa;Claravis_pretiosa;0;2;0;8;0;0;0;0;1;0;1;2;3;0;0;0;0;0;0;0;0;0;0;0;0;0;0;0;0;0;0;0;0;0;0;0;0;0;0;0;0;0;0;0;0;0;0;0;0;4;2;1;0;0;0;0;0;0;0;0;0;0;0;4;4;11;4;0;0;0;0;0;0;0;0;0;0;0;0;10;0;0;0;0;0;0
Clibanornis rubiginosus;Clibanornis_rubiginosus;Automolus_rubiginosus;0;0;0;0;0;0;0;0;0;0;0;0;0;0;0;0;0;0;0;1;0;0;0;0;0;1;0;0;0;1;0;0;0;0;0;0;1;0;0;0;0;0;0;0;1;0;0;0;1;0;0;0;0;0;0;0;1;0;0;0;0;0;0;0;0;0;1;0;0;2;0;0;0;0;0;3;0;0;0;0;0;0;0;0;0;0
Cnipodectes subbrunneus;Cnipodectes_subbrunneus;Cnipodectes_subbrunneus;0;0;0;0;0;0;0;0;0;0;0;0;0;0;0;0;0;0;0;0;0;0;0;0;0;0;0;0;0;0;0;0;0;1;1;0;0;0;0;1;0;0;0;0;0;0;0;0;1;0;0;0;0;0;0;0;0;0;0;0;0;0;0;0;0;0;0;0;0;0;0;0;0;0;0;0;0;0;0;0;0;0;0;0;0;0
Coereba flaveola;Coereba_flaveola;Coereba_flaveola;4;16;11;9;4;12;10;0;5;2;0;5;7;7;6;5;1;4;0;3;1;9;2;1;0;3;0;0;2;4;0;0;0;0;0;0;1;0;0;0;0;0;0;0;0;0;0;0;4;1;2;1;1;0;0;0;1;2;11;2;4;11;9;5;4;9;8;9;5;6;1;1;8;0;5;5;7;5;2;0;1;4;1;3;0;2
Colaptes rubiginosus;Colaptes_rubiginosus;Colaptes_rubiginosus;0;1;2;0;0;0;0;0;0;0;0;0;0;0;0;1;0;0;0;0;0;1;0;0;0;0;0;0;0;0;0;0;0;0;0;0;0;0;0;0;0;0;0;0;0;0;0;0;0;0;0;0;0;0;0;0;0;0;1;0;0;0;0;0;1;0;0;2;0;0;0;0;0;0;0;0;0;0;0;0;0;0;0;0;0;0
Colonia colonus;Colonia_colonus;Colonia_colonus;0;0;16;1;5;3;0;0;0;0;0;0;0;1;0;1;0;7;0;2;0;0;0;5;0;0;0;0;0;0;0;0;0;0;0;0;0;0;0;0;0;0;0;0;0;0;0;0;0;0;0;1;1;0;0;0;0;1;5;1;1;0;2;0;0;0;1;0;0;0;0;0;0;2;0;1;0;0;0;0;0;0;0;0;0;0
Columbina buckleyi;Columbina_buckleyi;Columbina_buckleyi;0;5;0;0;0;0;0;0;0;0;0;3;0;0;2;0;0;0;0;0;0;0;0;0;0;0;0;0;0;0;0;0;0;0;0;0;0;0;0;0;0;0;0;0;0;0;0;0;0;0;0;0;0;0;0;0;0;0;0;0;0;0;0;0;1;0;0;0;0;0;0;0;0;0;1;0;0;0;0;0;0;0;0;0;0;0
Conopias albovittatus;Conopias_albovittatus;Conopias_albovittatus;0;0;0;0;0;0;0;0;0;0;0;0;0;0;0;0;0;0;0;0;0;0;0;0;0;0;0;0;0;0;0;0;1;1;0;0;0;1;0;0;0;0;0;0;0;0;0;0;0;0;0;0;0;0;0;0;0;0;0;2;0;0;0;0;0;0;0;0;0;0;0;0;0;0;0;0;0;0;0;0;0;0;0;0;0;0
Contopus cooperi;Contopus_cooperi;Contopus_cooperi;0;0;0;0;0;0;0;0;0;0;0;0;0;0;0;0;0;0;0;0;0;0;0;0;0;0;0;0;0;0;0;0;0;0;0;0;0;0;0;0;0;0;0;0;0;0;0;0;0;0;0;0;0;0;0;0;0;0;2;1;0;0;0;0;0;0;1;0;0;0;0;0;0;0;0;0;0;0;0;0;0;0;0;0;0;0
Contopus sordidulus;Contopus_sordidulus;Contopus_sordidulus;0;0;0;2;5;9;3;0;2;0;0;1;0;0;0;7;0;2;0;0;0;0;0;0;0;3;0;0;0;0;0;0;0;0;0;0;0;0;0;0;0;0;0;0;0;0;0;0;1;0;1;0;1;2;4;1;0;15;2;5;9;1;4;2;1;1;0;1;0;10;2;0;1;14;0;4;0;0;0;0;1;0;0;0;0;0
Contopus virens;Contopus_virens;Contopus_virens;0;0;0;0;0;1;0;1;1;0;0;0;0;0;0;0;0;0;0;0;0;0;0;0;0;0;0;0;0;0;0;0;0;0;0;0;0;0;0;0;0;0;0;0;0;0;0;0;0;0;0;0;0;0;0;0;0;0;0;0;0;0;0;0;0;0;0;0;0;0;0;0;0;1;0;0;0;0;0;0;0;0;0;0;0;0
Coragyps atratus;Coragyps_atratus;Coragyps_atratus;0;0;0;0;1;0;0;0;0;0;0;0;0;0;0;0;0;0;0;0;0;0;0;0;0;0;0;0;0;0;0;0;0;0;0;0;0;0;0;0;0;0;0;0;0;0;0;0;0;0;0;0;0;0;0;0;0;0;0;0;0;0;0;0;0;0;0;0;0;0;0;0;0;0;0;0;0;0;0;0;0;0;0;0;0;0
Cranioleuca erythrops;Cranioleuca_erythrops;Cranioleuca_erythrops;0;0;0;0;0;0;0;0;0;0;0;0;0;0;0;0;0;0;0;0;0;0;0;0;0;0;0;0;0;0;0;0;0;0;0;0;0;0;0;0;0;0;0;0;0;0;0;0;0;0;0;0;0;0;0;0;0;0;0;0;0;0;0;0;0;0;0;1;0;0;0;0;0;0;0;0;0;0;0;0;0;0;0;1;0;0
Crax rubra;Crax_rubra;Crax_rubra;0;0;0;0;0;0;0;0;0;0;0;0;0;0;0;0;0;0;0;0;0;0;0;0;0;0;0;0;0;0;0;0;0;0;0;0;0;0;0;0;0;0;0;0;0;0;1;0;0;0;0;0;0;0;0;0;0;0;0;0;0;0;0;0;0;0;0;0;0;0;0;0;0;0;0;0;0;0;0;0;0;0;0;0;1;0
Crotophaga ani;Crotophaga_ani;Crotophaga_ani;7;4;0;0;0;0;0;0;4;0;0;1;1;2;3;0;0;0;0;0;0;0;0;0;0;0;0;0;0;0;0;0;0;0;0;0;0;0;0;0;0;0;0;0;0;0;0;0;0;0;0;0;0;0;0;0;0;0;0;0;1;1;5;2;0;0;0;3;0;0;0;0;0;0;0;0;0;0;0;0;0;0;0;1;0;0
Cryptoleucopteryx plumbea;Cryptoleucopteryx_plumbea;Leucopternis_plumbeus;0;0;0;0;0;0;0;0;0;0;0;0;0;0;0;0;0;1;1;0;0;0;0;0;0;0;0;0;0;0;0;0;0;0;0;0;1;0;0;0;0;0;0;0;1;1;1;0;0;0;1;1;0;0;0;0;0;1;0;0;0;0;0;0;0;0;0;0;1;0;0;0;0;0;0;0;0;0;0;0;0;0;0;0;0;0
Cryptopipo holochlora;Cryptopipo_holochlora;Xenopipo_holochlora;0;0;0;0;0;0;0;0;0;0;0;0;0;0;0;0;0;0;0;0;0;0;0;0;0;0;0;0;0;0;1;0;0;0;0;0;0;0;1;0;0;0;0;0;0;0;0;0;0;0;0;0;0;0;0;0;0;0;0;0;0;0;0;0;0;0;0;0;0;0;0;0;0;0;0;0;0;0;0;0;0;0;0;0;0;0
Crypturellus berlepschi;Crypturellus_berlepschi;Crypturellus_berlepschi;0;0;0;0;0;0;0;0;0;0;0;0;0;0;0;0;0;0;0;0;2;0;0;0;0;0;0;0;0;0;0;1;1;0;0;0;1;1;0;0;0;1;0;0;0;0;2;0;0;0;0;0;0;0;0;0;0;0;0;0;0;0;1;0;0;0;0;0;0;0;0;0;0;0;1;0;0;0;0;0;0;0;1;0;0;0
Crypturellus soui;Crypturellus_soui;Crypturellus_soui;9;9;15;9;1;4;10;14;12;3;2;5;0;0;6;6;3;4;3;8;1;3;0;3;4;0;0;0;3;1;1;0;0;0;0;0;1;1;0;1;0;0;0;0;0;0;0;0;1;3;0;3;4;1;2;6;4;5;7;2;3;4;7;1;1;2;2;4;3;0;2;1;9;3;4;9;1;3;1;1;1;4;4;2;0;1
Cyanerpes caeruleus;Cyanerpes_caeruleus;Cyanerpes_caeruleus;1;0;4;0;0;2;2;0;1;0;0;0;0;1;0;0;0;0;0;2;0;1;1;1;0;0;0;0;0;0;0;0;0;0;0;0;0;0;0;0;0;0;0;0;0;0;0;0;0;0;0;0;0;0;0;0;0;0;0;0;0;1;0;0;0;0;0;0;0;0;1;0;0;0;1;1;1;0;0;0;0;1;0;1;0;0
Cyanocompsa cyanoides;Cyanoloxia_cyanoides;Cyanocompsa_cyanoides;0;0;0;0;0;1;0;0;0;0;0;0;0;0;0;0;0;0;0;0;0;0;0;0;0;0;0;0;1;0;0;0;0;0;1;0;0;0;0;0;0;0;0;0;0;0;0;0;0;0;1;0;0;0;0;2;3;1;0;0;1;1;0;0;0;0;0;0;0;0;0;0;1;0;0;0;0;0;0;3;1;0;0;0;1;0
Cymbilaimus lineatus;Cymbilaimus_lineatus;Cymbilaimus_lineatus;0;0;0;0;0;5;0;0;0;0;0;0;0;0;0;0;0;1;0;0;0;0;0;0;0;0;0;0;0;0;1;0;0;0;0;0;4;0;0;0;0;0;0;1;0;0;0;0;0;1;0;0;1;0;0;0;0;0;0;0;0;0;0;2;0;0;1;0;0;0;0;0;0;0;0;0;0;0;0;0;0;0;0;0;0;0
Cyphorhinus phaeocephalus;Cyphorhinus_phaeocephalus;Cyphorhinus_phaeocephalus;0;0;0;0;0;0;0;0;0;0;0;0;0;0;0;0;0;0;1;0;0;0;0;0;0;0;0;0;0;0;0;2;0;0;0;0;1;0;1;1;0;0;1;1;0;0;0;0;0;0;0;0;0;0;0;0;0;0;0;0;0;0;0;0;0;0;0;0;0;0;0;0;0;0;0;0;0;0;0;1;0;0;0;0;3;1
Dacnis berlepschi;Dacnis_berlepschi;Dacnis_berlepschi;0;0;0;1;0;1;0;0;0;0;0;0;0;0;0;0;1;0;0;0;1;0;0;0;0;0;0;0;0;1;0;0;0;0;0;0;0;0;1;0;2;0;0;5;0;4;2;0;1;0;1;0;1;0;0;0;0;0;0;0;0;0;0;0;0;0;0;0;4;0;4;0;0;0;0;1;2;0;0;0;2;0;0;0;0;2
Dacnis cayana;Dacnis_cayana;Dacnis_cayana;0;0;3;0;0;5;0;0;2;0;0;0;0;0;0;1;0;0;0;0;4;0;0;2;0;0;0;0;0;1;0;0;0;2;1;1;2;0;1;0;4;0;0;0;1;0;1;0;1;0;0;0;3;0;0;0;1;0;0;0;0;1;0;0;0;0;0;0;2;0;0;0;0;0;0;0;3;0;0;0;1;0;2;1;0;1
Dacnis lineata;Dacnis_lineata;Dacnis_lineata;1;0;1;5;4;2;0;3;3;0;0;0;0;2;1;0;0;1;2;1;0;0;0;0;0;1;0;0;0;2;0;0;3;0;3;0;0;0;0;1;0;7;0;0;0;0;2;0;0;0;0;0;0;0;0;0;0;4;0;1;3;1;1;0;0;3;1;0;1;1;1;0;0;0;0;1;0;1;2;0;0;0;0;2;0;2
Dacnis venusta;Dacnis_venusta;Dacnis_venusta;0;0;0;0;0;0;0;0;1;0;0;0;0;0;0;0;0;0;0;0;0;0;0;0;0;0;0;0;0;0;0;0;1;0;0;2;0;0;0;0;0;0;0;0;0;0;0;0;0;0;0;0;0;0;0;0;0;0;0;0;0;0;0;0;0;0;0;0;0;0;2;0;0;0;0;0;0;0;0;0;1;0;0;0;0;2
Damophila julie;Amazilia_julie;Damophila_julie;0;0;1;1;0;0;0;0;0;0;0;0;0;0;2;0;0;0;0;0;1;0;0;0;0;0;0;0;0;0;0;0;0;0;0;0;0;0;0;0;0;0;0;0;0;0;0;0;0;0;0;0;0;0;0;0;1;0;0;0;0;0;0;0;2;1;2;0;0;2;0;0;0;0;0;0;0;0;0;0;0;0;0;0;0;0
Dendrocincla fuliginosa;Dendrocincla_fuliginosa;Dendrocincla_fuliginosa;0;0;3;0;0;0;3;1;1;0;0;0;0;0;0;0;1;0;0;1;2;3;2;1;0;0;2;0;0;0;0;0;0;0;0;0;4;2;3;1;1;0;2;3;1;4;4;0;5;2;0;0;18;0;0;2;0;0;0;0;0;2;0;2;0;5;0;0;0;0;0;0;0;2;0;0;0;0;1;0;1;0;1;1;1;1
Dendrocolaptes sanctithomae;Dendrocolaptes_sanctithomae;Dendrocolaptes_sanctithomae;0;0;0;0;0;0;0;0;0;0;0;0;0;0;0;0;0;0;0;2;0;2;0;1;0;0;0;0;0;0;0;0;0;0;0;0;1;0;0;2;0;0;0;1;0;1;0;0;0;0;0;0;0;1;0;0;0;0;0;0;0;1;0;0;0;0;0;0;1;0;0;0;2;0;0;0;3;0;0;3;0;0;0;1;0;1
Dives warszewiczi;Dives_warczewiczi;Dives_warszewiczi;2;3;0;0;0;0;0;0;0;13;0;9;12;12;5;0;0;0;0;0;0;0;0;0;0;0;0;0;0;0;0;0;0;0;0;0;0;0;0;0;0;0;0;0;0;0;0;0;1;0;0;1;0;0;0;2;1;0;1;1;1;0;0;1;8;0;1;10;0;0;0;0;0;0;0;0;0;0;0;1;0;0;0;1;0;0
Dryocopus lineatus;Hylatomus_lineatus;Dryocopus_lineatus;2;1;0;2;0;1;1;1;2;0;0;1;0;0;0;2;0;0;0;0;0;0;0;0;0;1;0;0;0;0;0;0;0;0;0;0;1;0;0;0;0;0;0;0;0;0;1;0;0;0;0;0;0;0;2;1;9;0;0;0;0;0;0;2;0;0;1;0;0;0;0;0;0;1;0;5;0;0;0;2;2;0;0;0;0;0
Dysithamnus mentalis;Dysithamnus_mentalis;Dysithamnus_mentalis;0;0;0;0;0;0;0;0;0;0;0;0;0;0;0;0;0;0;0;0;0;1;1;1;0;0;0;0;0;1;0;0;0;0;0;0;0;0;0;0;0;0;0;0;0;0;0;0;2;0;0;0;1;0;0;0;0;0;1;0;0;1;0;0;0;0;0;0;0;0;0;0;0;0;0;0;0;0;1;0;2;0;0;1;0;0
Dysithamnus puncticeps;Dysithamnus_puncticeps;Dysithamnus_puncticeps;0;0;0;0;0;0;0;0;0;0;0;0;0;0;0;0;0;0;7;0;1;1;1;0;0;0;1;0;3;0;0;0;1;5;3;1;7;5;0;3;0;0;1;4;3;1;8;0;0;0;0;0;1;2;0;0;1;0;0;0;0;0;0;0;0;0;0;0;0;0;1;3;0;0;0;0;1;0;4;0;0;0;0;0;1;5
Elaenia flavogaster;Elaenia_flavogaster;Elaenia_flavogaster;2;3;0;6;0;0;0;0;0;3;4;0;8;1;7;0;0;0;0;0;0;0;0;0;0;0;0;0;0;0;0;0;0;0;0;0;0;0;0;0;0;0;0;0;0;0;0;0;0;0;0;0;0;0;0;0;0;0;1;0;2;0;0;9;10;2;9;12;0;2;0;0;0;0;0;0;0;0;0;0;0;0;0;0;0;0
Elanoides forficatus;Elanoides_forficatus;Elanoides_forficatus;0;0;0;0;0;0;0;0;1;0;0;0;0;0;0;0;0;0;0;0;0;0;0;0;0;0;0;0;0;0;0;0;0;0;0;0;0;0;0;0;0;0;0;0;0;0;0;0;0;0;0;0;0;0;0;0;0;0;0;0;0;0;0;0;0;0;0;0;0;0;0;0;0;0;0;1;0;0;0;0;0;0;0;0;0;0
Electron platyrhynchum;Electron_platyrhynchum;Electron_platyrhynchum;0;0;0;2;0;1;0;0;0;0;0;0;0;0;1;0;0;0;0;0;0;4;2;0;1;1;4;1;0;3;0;0;0;1;1;0;6;5;1;1;0;0;0;2;3;0;1;0;0;0;1;0;2;4;0;1;1;0;0;1;0;2;0;0;0;0;0;0;0;0;1;0;0;0;0;0;2;2;0;0;1;0;2;0;0;1
Empidonax alnorum;Empidonax_alnorum;Empidonax_alnorum;0;0;0;0;0;0;0;0;0;0;0;0;0;1;0;0;0;0;0;0;0;0;0;0;0;0;0;0;0;0;0;0;0;0;0;0;1;0;0;0;0;0;0;0;0;0;0;0;0;0;0;0;0;0;0;0;0;0;0;0;0;0;0;0;0;0;0;0;0;0;0;0;0;0;0;0;0;0;0;0;0;0;0;0;0;0
Empidonax virescens;Empidonax_virescens;Empidonax_virescens;0;0;0;2;1;0;0;0;0;0;0;0;0;0;1;0;0;6;1;6;1;1;0;2;0;2;1;0;0;1;1;0;0;0;0;0;1;0;0;0;0;0;0;0;4;0;0;0;1;8;4;3;10;0;4;1;5;5;0;1;2;0;1;0;0;5;0;0;3;0;0;2;3;0;0;0;0;0;0;6;7;0;0;0;2;2
Epinecrophylla fulviventris;Epinecrophylla_fulviventris;Epinecrophylla_fulviventris;0;0;0;0;0;1;0;0;0;0;0;0;0;0;0;0;0;1;1;4;1;1;3;0;2;0;0;0;0;1;3;1;3;2;2;0;1;4;3;0;3;0;4;1;0;1;3;1;0;3;4;2;1;0;2;0;0;1;1;1;0;0;0;0;0;0;0;0;0;0;1;0;2;0;0;0;0;0;0;0;3;0;0;0;1;0
Eubucco bourcierii;Eubucco_bourcierii;Eubucco_bourcierii;0;0;2;0;0;0;1;4;0;0;0;0;1;0;0;0;0;0;0;0;0;0;0;0;0;0;0;1;0;0;0;0;0;0;0;0;0;0;0;0;0;0;0;0;0;0;0;0;0;0;0;0;0;0;0;0;0;0;0;0;0;0;0;0;0;0;0;0;0;0;0;0;0;0;0;1;0;0;0;0;0;0;0;0;0;0
Euchrepomis callinota;Euchrepomis_callinota;Terenura_callinota;0;0;0;0;0;0;0;0;0;0;0;0;0;0;0;0;0;0;0;0;0;0;0;0;0;0;0;0;0;0;0;0;0;0;1;0;0;0;0;0;0;0;0;0;0;0;0;0;0;0;0;0;0;0;0;0;0;0;0;0;0;0;0;0;0;1;0;0;0;0;0;0;0;0;0;0;0;0;0;0;0;0;0;0;0;0
Euphonia fulvicrissa;Euphonia_fulvicrissa;Euphonia_fulvicrissa;0;0;0;0;1;0;0;0;0;1;0;0;0;0;0;0;0;0;0;0;0;0;0;0;0;0;0;0;0;0;0;3;0;6;0;1;0;0;3;0;3;0;3;2;0;0;1;0;0;0;0;1;0;0;0;0;1;0;0;0;0;0;0;0;0;0;0;0;0;0;0;0;0;0;0;0;0;0;1;0;1;0;0;0;0;0
Euphonia laniirostris;Euphonia_laniirostris;Euphonia_laniirostris;11;7;2;5;3;2;5;2;6;8;1;4;15;10;10;2;0;3;0;3;1;6;2;1;1;1;0;0;2;0;0;0;0;0;1;0;1;0;0;0;0;0;0;0;1;0;0;0;3;1;4;3;1;1;0;0;1;1;8;2;4;2;2;6;2;8;9;7;0;2;0;2;7;1;2;1;3;0;0;0;0;1;1;1;1;1
Euphonia minuta;Euphonia_minuta;Euphonia_minuta;0;0;0;0;0;0;0;0;0;0;0;0;0;0;0;0;1;1;0;0;0;0;0;0;1;0;0;0;0;0;0;1;3;0;1;0;0;1;1;0;0;0;1;0;0;0;0;0;1;0;2;0;0;0;0;0;0;0;0;0;0;0;0;0;0;0;0;0;0;0;0;0;0;0;0;0;0;1;0;0;2;0;0;0;0;0
Euphonia saturata;Euphonia_saturata;Euphonia_saturata;1;0;6;1;1;3;2;1;4;0;0;0;2;1;0;0;1;3;0;2;0;5;2;2;4;3;0;0;0;5;2;0;2;0;0;0;0;0;0;1;0;0;0;0;1;0;1;0;7;1;4;2;2;0;0;0;0;1;2;0;0;0;5;0;0;0;0;1;2;0;4;5;2;0;1;0;4;0;3;0;0;4;0;0;0;0
Euphonia xanthogaster;Euphonia_xanthogaster;Euphonia_xanthogaster;0;0;0;1;2;0;2;2;2;0;0;1;0;0;0;3;2;1;3;1;0;3;0;3;4;1;1;1;2;1;0;1;8;5;6;6;5;2;7;3;2;6;3;3;1;4;5;0;3;0;2;5;3;1;0;1;0;2;0;0;0;0;0;0;0;0;0;0;0;0;3;3;0;0;3;1;1;0;4;0;1;5;3;2;5;2
Eutoxeres aquila;Eutoxeres_aquila;Eutoxeres_aquila;0;0;0;0;0;2;0;0;0;0;0;0;0;0;0;0;0;0;0;0;0;0;0;2;0;0;0;0;0;0;0;0;0;0;0;0;0;0;0;0;0;0;0;0;0;0;0;0;0;0;1;0;0;0;0;0;0;0;0;0;0;0;0;0;0;0;0;0;0;0;0;0;0;0;0;0;0;0;0;0;0;0;0;0;0;0
Falco rufigularis;Falco_rufigularis;Falco_rufigularis;0;0;1;0;0;0;0;0;0;0;0;0;0;0;0;0;0;0;0;0;0;0;0;0;0;0;0;0;0;0;0;0;0;0;0;0;0;0;0;0;0;0;0;0;0;0;0;0;0;0;0;0;0;0;0;0;1;0;0;0;0;0;0;0;0;0;0;0;0;0;0;0;0;0;0;0;0;0;0;0;0;0;0;0;0;0
Florisuga mellivora;Florisuga_mellivora;Florisuga_mellivora;0;0;1;0;0;0;0;0;0;0;0;0;0;0;0;0;0;0;0;0;0;0;1;0;0;0;0;0;0;0;0;0;0;0;0;0;0;0;0;0;0;0;0;0;0;0;0;0;0;0;0;0;0;0;0;0;0;0;1;0;0;0;0;0;0;0;0;0;0;0;0;0;0;0;0;0;1;0;1;0;0;0;0;0;0;0
Fluvicola nengeta;Fluvicola_nengeta;Fluvicola_nengeta;3;6;0;0;1;0;0;0;0;0;0;0;1;0;1;0;0;0;0;0;0;0;0;0;0;0;0;0;0;0;0;0;0;0;0;0;0;0;0;0;0;0;0;0;0;0;0;0;0;0;0;0;0;0;0;0;0;0;0;0;0;0;3;0;2;1;1;10;1;0;0;0;0;0;0;0;0;0;0;0;0;0;0;0;0;0
Formicarius nigricapillus;Formicarius_nigricapillus;Formicarius_nigricapillus;0;0;8;0;0;0;0;1;0;0;0;0;0;0;0;0;2;0;0;13;1;0;0;1;0;0;0;0;0;8;0;0;0;0;0;1;0;1;1;0;0;0;0;0;0;0;0;0;0;0;1;0;0;0;0;0;0;1;0;0;0;0;0;0;0;0;0;0;0;0;0;1;0;0;0;0;0;0;0;1;1;0;0;1;4;5
Forpus coelestis;Forpus_coelestis;Forpus_coelestis;1;2;0;0;0;0;0;0;0;0;0;0;0;1;0;0;0;0;0;0;0;0;0;0;0;0;0;0;0;0;0;0;0;0;0;0;0;0;0;0;0;0;0;0;0;0;0;0;0;0;0;0;0;0;0;0;0;0;0;0;0;0;0;0;1;0;0;2;0;0;0;0;0;0;0;0;0;0;0;1;0;0;0;0;0;0
Furnarius leucopus;Furnarius_leucopus;Furnarius_leucopus;6;3;0;1;0;0;0;0;0;2;0;4;10;5;1;1;0;0;0;0;0;0;0;0;0;0;0;0;0;0;0;0;0;0;0;0;0;0;0;0;0;0;0;0;0;0;0;0;2;1;0;2;1;0;0;1;0;0;2;0;0;2;0;2;6;0;2;14;0;0;0;0;0;0;0;0;0;0;1;0;0;0;0;0;0;0
Galbula ruficauda;Galbula_ruficauda;Galbula_ruficauda;0;2;1;0;1;0;1;0;1;2;0;2;0;0;0;0;2;0;1;0;0;1;0;0;0;0;0;1;0;0;0;0;0;0;0;0;0;0;0;0;0;0;0;0;0;0;1;0;5;1;3;1;0;1;1;1;0;0;0;0;0;0;0;0;0;4;3;0;0;4;0;0;4;0;0;4;0;0;0;0;0;0;0;0;0;0
Gallinula galeata;Gallinula_galeata;Gallinula_chloropus;0;0;0;0;0;0;0;0;0;0;0;0;0;0;0;0;0;0;0;0;0;0;0;0;0;0;0;0;0;0;0;0;0;0;0;0;0;0;0;0;0;0;0;0;0;0;0;0;0;0;0;0;0;0;0;0;0;0;0;0;0;0;0;0;1;0;0;0;0;0;0;0;0;0;0;0;0;0;0;0;0;0;0;0;0;0
Geothlypis semiflava;Geothlypis_semiflava;Geothlypis_semiflava;4;9;0;0;0;3;0;0;0;0;0;0;1;0;1;1;0;0;0;0;0;0;0;0;0;0;0;0;0;0;0;0;0;0;0;0;0;0;0;0;0;0;0;0;0;0;0;0;0;0;0;0;0;0;0;0;0;0;2;0;1;3;1;0;12;2;0;0;0;17;0;0;0;0;0;7;0;0;0;0;0;0;0;4;0;0
Geotrygon montana;Geotrygon_montana;Geotrygon_montana;0;0;0;0;0;0;0;0;0;0;0;0;1;0;0;0;0;0;0;0;0;0;0;0;0;1;0;0;0;0;0;0;0;0;0;0;0;5;0;1;0;0;0;0;0;1;0;0;0;0;1;1;0;1;0;0;0;0;0;0;0;0;0;0;0;0;0;0;0;0;0;0;0;0;0;0;0;0;0;0;0;0;0;0;0;0
Geotrygon purpurata;Geotrygon_purpurata;Geotrygon_saphirina;0;0;2;0;0;0;0;2;0;0;0;0;0;0;0;0;1;1;1;0;0;0;0;0;0;0;0;1;0;0;0;0;0;0;0;1;1;0;3;0;0;0;0;0;0;0;0;0;0;0;1;0;0;0;0;0;0;0;0;0;0;0;0;1;1;0;0;0;0;0;0;0;1;0;0;0;0;0;0;0;0;0;0;1;0;1
Geranospiza caerulescens;Geranospiza_caerulescens;Geranospiza_caerulescens;0;0;1;0;0;0;0;0;0;0;0;0;0;0;0;0;0;0;0;0;0;0;0;0;0;0;0;0;0;0;0;0;0;0;0;0;0;0;0;0;0;0;0;0;0;0;0;0;0;0;0;0;0;0;0;0;0;0;0;0;0;0;0;0;0;0;0;0;0;0;0;0;0;0;0;0;0;0;0;0;0;0;0;0;0;0
Glaucidium peruanum;Glaucidium_peruanum;Glaucidium_peruanum;0;1;0;0;0;0;0;0;0;1;0;2;1;2;0;0;0;0;0;0;0;0;0;0;1;0;0;0;0;0;0;0;0;0;0;0;0;0;0;0;0;0;0;0;0;0;0;0;0;0;0;0;0;0;0;0;0;0;0;0;0;0;0;0;1;0;2;1;0;0;0;0;0;0;0;0;0;0;0;0;0;0;0;0;0;0
Glaucis aeneus;Glaucis_aeneus;Glaucis_aeneus;0;0;0;0;0;0;0;0;0;0;0;0;0;0;0;0;0;0;0;1;0;0;0;0;0;1;0;0;0;0;0;0;1;0;0;0;0;0;1;0;1;1;1;1;0;0;0;0;0;1;0;0;1;0;0;0;0;0;0;0;1;0;0;0;0;0;0;0;1;0;0;0;0;1;0;0;0;0;0;0;1;0;0;0;1;1
Glyphorynchus spirurus;Glyphorynchus_spirurus;Glyphorynchus_spirurus;0;0;1;0;0;2;0;1;0;0;0;0;0;0;0;0;1;1;0;1;3;1;1;1;2;2;1;0;2;2;0;3;1;1;0;1;0;2;0;0;4;0;0;2;0;0;4;0;0;1;1;0;0;0;0;0;0;0;0;0;1;1;0;0;0;0;0;0;1;0;0;3;1;0;0;0;8;3;1;0;0;0;0;1;0;1
Grallaria guatimalensis;Grallaria_guatimalensis;Grallaria_guatimalensis;0;0;0;0;0;0;0;0;0;0;0;0;0;0;0;8;0;0;5;1;0;0;0;0;0;0;0;0;0;0;0;0;9;0;1;2;0;0;0;0;0;0;0;0;0;0;0;0;0;0;0;0;0;0;0;0;0;10;0;0;0;0;0;0;0;0;0;0;0;6;7;7;0;1;0;7;0;0;0;0;0;0;0;0;6;0
Gymnopithys bicolor;Gymnopithys_bicolor;Gymnopithys_leucaspis;0;0;0;0;0;0;0;0;0;0;0;0;0;0;0;0;0;1;1;0;0;1;0;3;0;0;0;0;1;2;0;0;1;0;2;0;2;0;0;0;1;0;0;1;0;0;0;0;1;0;0;0;0;0;0;0;0;0;0;0;0;0;0;0;0;0;0;0;0;0;8;0;0;0;0;0;2;5;1;0;1;3;1;0;2;0
Hafferia zeledoni;Hafferia_zeledoni;Myrmeciza_immaculata;0;0;0;0;2;2;0;0;0;0;0;0;0;0;0;2;2;0;2;0;0;0;0;2;0;0;0;1;0;4;1;2;1;1;0;0;1;0;0;0;2;0;3;1;0;0;0;0;0;0;0;2;0;0;1;0;0;2;0;4;1;0;0;0;0;0;0;0;0;0;1;0;0;0;0;0;0;0;1;0;0;3;1;0;0;5
Harpagus bidentatus;Harpagus_bidentatus;Harpagus_bidentatus;0;0;0;0;0;0;0;0;0;0;0;0;0;0;0;0;0;0;0;0;0;0;0;0;0;0;0;0;0;0;0;0;0;0;0;0;0;0;0;0;0;0;0;0;0;0;0;0;0;0;0;0;0;0;0;0;0;0;0;0;0;0;0;0;0;0;0;0;0;0;0;0;0;0;0;0;0;0;0;0;0;1;0;0;0;0
Heliodoxa jacula;Heliodoxa_jacula;Heliodoxa_jacula;0;0;1;0;0;1;0;0;1;0;0;0;0;0;0;0;0;0;0;0;0;0;0;0;0;0;0;0;0;0;0;0;0;0;0;0;0;1;0;0;0;0;0;0;0;0;0;0;0;0;0;0;0;0;0;0;0;0;0;0;0;0;0;0;0;0;0;0;1;0;0;0;0;0;0;0;0;0;0;0;0;0;0;0;0;0
Heliomaster longirostris;Heliomaster_longirostris;Heliomaster_longirostris;0;0;0;0;0;0;0;0;0;0;0;0;0;0;0;0;0;0;0;0;0;0;0;0;0;0;0;0;0;0;0;0;0;0;1;0;0;0;0;0;0;0;0;0;0;0;0;0;0;0;0;0;0;0;0;0;0;0;0;0;0;0;0;0;1;0;0;0;0;0;0;0;0;0;0;0;0;0;0;0;0;1;0;0;0;0
Heliothryx barroti;Heliothryx_barroti;Heliothryx_barroti;0;0;0;0;0;0;0;0;0;0;0;0;0;0;0;0;0;0;0;0;0;0;0;1;0;0;0;0;0;0;0;0;0;0;0;0;0;0;0;0;0;0;0;0;0;0;0;0;0;0;0;0;0;0;0;0;0;0;0;0;0;0;0;0;0;0;0;0;0;0;0;0;0;0;0;0;0;0;0;0;0;0;0;0;0;0
Hemithraupis guira;Hemithraupis_guira;Hemithraupis_guira;0;0;0;0;0;0;0;0;0;0;0;0;0;0;0;0;0;0;0;2;0;0;0;0;0;0;0;0;0;0;0;0;0;0;0;0;0;0;0;0;0;0;0;0;0;0;1;0;0;0;0;0;0;0;0;0;0;0;1;0;0;0;0;0;0;0;0;0;0;0;0;0;0;0;0;2;0;0;0;0;1;0;0;0;0;0
Henicorhina leucosticta;Henicorhina_leucosticta;Henicorhina_leucosticta;0;0;3;0;1;3;0;0;0;0;0;0;0;0;0;0;0;5;0;0;0;3;1;1;1;3;1;0;2;3;0;2;2;3;0;5;0;2;0;1;0;3;1;4;1;1;1;1;2;1;1;2;0;0;0;0;2;1;0;0;1;0;0;0;0;0;0;0;3;0;1;4;2;0;2;1;1;1;1;1;1;0;2;2;3;6
Herpetotheres cachinnans;Herpetotheres_cachinnans;Herpetotheres_cachinnans;0;3;4;0;0;1;0;0;2;0;0;1;0;1;1;1;0;1;2;0;0;0;1;0;1;0;0;0;0;1;0;0;0;0;0;0;0;0;0;1;0;0;0;0;1;0;1;0;1;0;0;0;0;1;0;1;0;0;0;0;0;0;0;1;1;1;1;1;0;1;0;0;0;0;3;0;0;2;0;0;2;0;0;0;0;1
Heterospingus xanthopygius;Heterospingus_xanthopygius;Heterospingus_xanthopygius;0;0;0;0;1;0;0;0;0;0;0;0;0;0;0;0;0;1;1;0;0;0;0;0;0;0;0;0;0;2;0;0;0;0;1;0;1;6;0;0;0;0;0;0;1;1;0;0;1;1;1;0;0;0;0;0;0;0;0;1;0;3;0;0;0;0;0;0;0;0;0;6;0;0;0;0;1;0;0;1;1;0;4;1;0;0
Hylopezus perspicillatus;Hylopezus_perspicillatus;Hylopezus_perspicillatus;0;0;5;0;0;0;1;0;0;0;0;0;0;0;0;0;0;0;6;1;0;0;0;0;2;0;0;3;0;0;0;0;0;1;2;9;0;12;0;5;4;0;0;17;0;0;1;0;0;0;0;0;0;0;0;0;0;0;0;1;0;1;1;0;0;0;0;0;1;0;0;2;0;0;0;0;3;1;0;0;0;0;0;0;0;0
Hylophylax naevioides;Hylophylax_naevioides;Hylophylax_naevioides;0;0;0;0;0;0;0;0;0;0;0;0;0;0;0;0;0;0;0;0;0;0;0;1;0;0;1;0;0;0;0;0;0;0;0;0;0;1;0;1;0;0;0;1;1;0;1;1;0;0;0;0;0;0;0;0;0;0;0;0;0;0;0;0;0;0;0;0;0;0;0;0;0;0;0;0;0;0;0;0;1;1;0;0;0;0
Icterus mesomelas;Icterus_mesomelas;Icterus_mesomelas;0;0;0;0;0;0;0;0;0;0;0;0;0;0;0;0;0;0;0;0;0;0;0;0;0;0;0;0;0;0;0;0;0;0;0;0;0;0;0;0;0;0;0;0;0;0;0;0;0;0;0;0;0;0;0;0;0;0;0;0;0;0;0;0;0;0;0;1;0;0;0;0;0;0;0;0;0;0;0;0;0;0;0;0;0;0
Ictinia plumbea;Ictinia_plumbea;Ictinia_plumbea;0;0;0;0;0;0;0;0;1;0;0;0;0;0;0;0;0;0;0;0;0;0;0;0;0;0;0;0;0;0;0;0;0;0;0;0;0;0;0;0;0;0;0;0;0;0;0;0;1;0;0;0;0;0;0;0;0;0;0;0;0;0;0;0;0;0;0;1;0;0;0;0;0;0;0;0;0;0;0;0;0;0;0;0;0;0
Jacamerops aureus;Jacamerops_aureus;Jacamerops_aureus;0;0;0;0;0;0;0;0;0;0;0;0;0;0;0;0;0;0;0;0;0;0;0;0;0;0;0;0;0;0;0;0;0;0;0;0;0;0;0;0;0;1;0;2;1;2;0;0;0;0;0;0;0;0;0;0;0;0;0;0;0;0;0;0;0;0;0;0;0;0;0;0;0;0;1;0;0;0;0;0;0;0;0;0;0;0
Laterallus albigularis;Laterallus_albigularis;Laterallus_albigularis;0;1;1;0;0;0;0;0;0;0;0;0;0;0;0;0;0;0;0;0;0;0;0;0;0;0;0;0;0;0;0;0;0;0;0;0;0;0;0;0;0;0;0;0;0;0;0;0;0;0;0;0;0;0;0;0;0;0;0;0;0;0;0;1;0;0;2;1;0;0;0;0;0;0;0;4;0;0;0;0;0;0;0;0;0;0
Legatus leucophaius;Legatus_leucophaius;Legatus_leucophaius;1;6;0;18;1;0;4;0;0;1;1;0;0;2;0;0;0;0;0;1;0;0;0;1;0;0;0;0;0;0;0;0;0;0;0;0;2;0;0;0;1;0;0;0;0;0;0;0;7;0;0;0;1;0;0;0;0;1;1;0;5;3;0;11;4;0;1;0;3;0;1;0;0;0;0;2;0;0;0;0;0;1;0;0;0;0
Lepidocolaptes souleyetii;Lepidocolaptes_souleyetii;Lepidocolaptes_souleyetii;5;4;5;3;0;2;1;0;2;4;3;5;7;3;2;0;0;0;0;0;0;2;0;0;0;0;0;0;0;0;0;0;0;0;0;0;0;0;0;0;0;0;0;0;0;0;0;0;6;5;1;0;2;0;1;0;0;0;6;0;0;9;5;6;3;11;10;3;0;0;0;0;1;1;0;0;0;0;0;0;0;0;0;0;0;0
Lepidothrix coronata;Lepidothrix_coronata;Lepidothrix_coronata;0;0;0;0;0;0;0;0;0;0;0;0;0;0;0;0;0;0;1;1;1;1;0;0;1;0;0;0;0;0;1;0;0;1;0;0;0;0;0;5;0;0;0;2;2;0;2;0;0;0;1;1;0;0;1;0;1;0;0;0;0;0;0;0;0;0;0;0;0;0;0;0;1;0;0;0;0;0;0;1;2;1;1;0;0;0
Leptodon cayanensis;Leptodon_cayanensis;Leptodon_cayanensis;0;0;0;1;0;0;0;0;1;0;0;0;0;0;0;0;0;0;0;0;0;0;0;0;0;0;0;0;0;0;0;0;0;0;0;0;0;0;0;0;0;0;0;0;0;0;0;0;0;0;0;0;0;0;0;0;0;0;0;0;0;0;1;0;0;1;0;0;0;0;0;0;0;0;0;0;0;0;0;0;0;0;0;0;0;0
Leptopogon superciliaris;Leptopogon_superciliaris;Leptopogon_superciliaris;0;0;0;0;0;1;0;0;0;0;0;0;0;0;0;0;0;0;0;0;0;1;2;1;0;0;0;0;0;0;0;0;0;0;0;0;0;1;3;1;0;0;1;1;0;0;1;0;0;0;0;0;0;0;0;0;0;0;0;0;1;0;0;0;0;0;0;0;0;0;0;2;0;0;0;0;0;1;0;0;2;1;1;1;0;4
Leptotila pallida;Leptotila_pallida;Leptotila_pallida;0;0;9;6;0;3;2;7;0;0;1;5;4;7;4;1;0;3;0;6;0;7;0;1;1;4;0;0;0;0;10;0;0;0;0;0;0;1;1;0;0;0;0;0;0;0;0;0;15;3;7;5;7;4;3;7;6;2;3;0;0;0;0;2;2;0;2;5;3;0;0;0;1;0;1;0;0;1;2;7;4;1;5;0;0;0
Leptotila verreauxi;Leptotila_verreauxi;Leptotila_verreauxi;8;3;5;7;0;15;4;3;0;4;3;6;8;4;6;0;0;3;0;7;0;4;0;0;0;0;0;0;0;0;0;0;0;0;0;0;0;0;0;0;0;0;0;0;0;0;0;0;0;2;1;2;1;0;0;2;0;0;11;0;2;1;0;7;2;3;5;6;2;0;0;0;4;0;0;1;1;0;5;1;0;2;0;0;0;0
Leptotrygon veraguensis;Leptotrygon_veraguensis;Geotrygon_veraguensis;0;0;0;9;1;0;0;0;0;3;2;2;9;11;8;0;0;2;0;0;0;0;0;0;0;0;0;0;0;0;1;0;0;0;0;0;0;1;0;0;0;0;0;0;0;0;0;0;4;2;2;9;1;0;0;3;3;0;0;0;3;0;0;5;5;3;10;8;0;0;0;0;0;0;0;0;0;0;0;2;0;0;1;2;0;0
Leucopternis semiplumbeus;Leucopternis_semiplumbeus;Leucopternis_semiplumbeus;0;0;0;0;0;0;0;0;0;0;0;0;0;0;0;0;0;0;0;0;0;0;0;0;0;0;0;0;0;0;0;0;0;0;0;0;0;0;1;0;0;0;1;0;0;1;0;0;0;0;0;0;0;0;0;0;0;0;0;0;0;0;0;0;0;0;0;0;0;0;0;0;0;0;0;0;0;0;1;0;0;0;0;0;0;0
Lipaugus unirufus;Lipaugus_unirufus;Lipaugus_unirufus;0;0;0;0;0;0;0;0;0;0;0;0;0;0;0;0;0;0;0;0;0;0;0;1;1;0;0;0;0;0;0;0;0;2;4;1;1;1;0;3;2;0;0;10;4;5;2;0;0;0;0;0;0;0;0;0;0;0;0;0;0;0;0;0;0;0;0;0;0;0;1;0;0;0;1;0;0;0;0;0;0;0;0;0;0;0
Lophotriccus pileatus;Lophotriccus_pileatus;Lophotriccus_pileatus;0;0;3;0;2;2;1;6;8;1;1;2;0;4;0;12;6;2;1;18;7;4;11;19;2;1;0;0;1;4;2;0;1;0;1;0;0;0;1;0;0;0;0;0;1;0;1;0;8;2;12;7;9;1;3;4;12;4;0;9;7;5;2;4;1;7;5;3;4;10;1;0;17;0;15;4;1;8;2;9;15;2;6;4;0;1
Malacoptila panamensis;Malacoptila_panamensis;Malacoptila_panamensis;0;0;0;0;0;0;0;0;0;0;0;0;0;0;0;0;0;0;0;0;0;0;1;0;0;2;0;0;0;2;0;1;1;0;0;0;0;1;0;0;0;0;0;0;0;0;0;0;1;0;0;0;0;0;0;0;0;0;0;0;0;0;0;0;0;0;0;0;0;0;0;0;0;0;0;0;0;0;2;0;0;1;1;0;0;0
Manacus manacus;Manacus_manacus;Manacus_manacus;2;1;0;2;0;3;2;1;6;0;0;0;0;0;0;12;6;2;4;3;1;15;1;5;0;3;1;1;0;1;4;0;0;0;1;0;0;0;0;0;0;0;0;0;2;0;0;0;4;6;7;6;8;0;6;2;8;2;0;2;2;1;3;3;0;3;4;0;12;0;0;0;10;1;12;4;19;5;1;12;11;5;22;2;0;2
Masius chrysopterus;Masius_chrysopterus;Masius_chrysopterus;0;0;0;0;0;0;0;0;0;0;0;0;0;0;0;0;0;0;0;0;0;0;0;0;0;0;0;0;0;0;0;0;1;0;0;0;0;0;0;0;0;0;0;0;0;0;0;0;0;0;0;0;0;0;0;0;0;0;0;0;0;0;0;0;0;0;0;0;0;0;0;0;0;0;0;0;0;0;0;0;0;0;0;0;0;0
Megaceryle torquata;Megaceryle_torquata;Megaceryle_torquata;0;0;0;0;0;0;0;0;0;0;0;0;0;2;0;0;0;0;0;0;0;0;0;0;0;0;0;0;0;0;0;0;0;0;0;0;0;0;0;0;0;0;0;0;0;0;0;0;0;1;0;0;0;0;0;0;0;0;0;0;0;0;0;0;1;0;1;2;0;0;0;0;0;0;0;0;0;0;0;0;0;0;0;0;0;0
Megarynchus pitangua;Megarynchus_pitangua;Megarynchus_pitangua;3;1;1;4;0;2;4;1;3;5;1;3;11;0;1;2;0;2;0;1;0;12;0;0;0;1;0;0;0;0;0;0;0;0;0;0;0;0;0;0;0;0;0;0;0;0;0;0;6;0;1;0;1;0;0;0;2;0;3;6;1;7;4;8;3;1;1;5;0;0;0;0;7;2;0;3;0;0;0;0;0;0;0;5;0;0
Megascops guatemalae;Megascops_guatemalae;Megascops_guatemalae;0;0;0;0;0;0;0;0;0;0;0;0;0;0;0;0;0;0;0;0;0;0;0;1;0;0;0;0;0;0;0;0;0;0;0;0;0;0;0;0;0;0;0;0;0;0;0;0;0;0;0;0;0;0;0;0;0;0;0;0;0;0;0;0;0;0;0;0;0;0;0;0;0;0;0;0;0;0;0;0;0;0;0;0;0;0
Melanerpes pucherani;Melanerpes_pucherani;Melanerpes_pucherani;9;8;10;8;1;9;4;3;4;2;0;1;4;3;2;3;1;1;0;0;1;1;2;0;1;0;3;0;0;0;1;0;0;0;0;0;2;1;0;0;0;0;0;2;0;0;0;0;4;0;0;0;1;0;3;0;0;0;3;8;0;5;7;1;1;0;7;1;1;0;0;0;2;0;1;3;1;0;0;0;1;0;0;2;0;0
Micrastur plumbeus;Micrastur_plumbeus;Micrastur_plumbeus;0;0;0;0;0;0;0;0;0;0;0;0;0;0;0;0;0;0;0;0;0;0;0;0;0;0;0;0;0;0;0;0;0;0;0;0;0;0;0;0;0;1;0;0;0;0;0;0;0;0;0;0;0;0;0;0;0;0;0;0;0;0;0;0;0;0;0;0;0;0;0;0;0;0;0;0;0;0;0;0;0;0;0;0;0;0
Micrastur ruficollis;Micrastur_ruficollis;Micrastur_ruficollis;0;0;0;0;0;0;0;0;0;0;0;0;0;0;0;0;0;0;0;0;0;0;0;0;0;0;0;0;0;0;0;0;0;0;0;0;0;0;0;0;0;0;0;0;0;0;0;0;1;0;1;0;0;0;0;0;0;1;0;0;0;0;0;0;0;0;0;0;0;1;0;0;0;0;0;0;0;0;0;1;0;0;0;0;0;0
Micrastur semitorquatus;Micrastur_semitorquatus;Micrastur_semitorquatus;0;0;0;0;0;0;0;0;0;0;0;0;0;0;0;0;0;0;0;0;0;0;0;0;0;0;0;0;0;0;0;0;0;0;0;0;0;0;0;0;1;0;0;0;0;0;0;0;0;0;0;0;0;0;0;0;0;0;0;0;0;0;0;0;0;0;0;0;0;0;0;0;0;0;0;0;0;0;0;0;0;0;0;0;0;0
Microbates cinereiventris;Microbates_cinereiventris;Microbates_cinereiventris;0;0;0;0;0;0;1;4;0;0;0;0;0;0;0;0;0;2;8;0;12;3;1;2;4;0;0;4;2;4;3;11;6;6;4;5;11;3;2;4;4;1;7;7;8;11;6;4;4;0;3;0;0;1;2;10;0;0;0;1;0;0;0;0;0;0;0;0;2;0;12;1;0;0;0;0;4;2;4;0;2;1;1;2;5;4
Microcerculus marginatus;Microcerculus_marginatus;Microcerculus_marginatus;0;0;4;0;4;2;3;0;4;0;0;0;0;0;0;4;5;9;6;3;3;6;9;8;3;7;3;3;0;9;4;4;2;2;1;0;1;7;5;1;1;4;7;8;5;8;8;5;0;0;3;0;0;0;6;2;0;2;0;3;6;1;2;0;0;0;0;0;2;0;2;2;1;1;6;0;5;7;11;1;3;7;4;7;2;9
Micromonacha lanceolata;Micromonacha_lanceolata;Micromonacha_lanceolata;0;0;0;0;0;0;0;0;0;0;0;0;0;0;0;0;0;0;0;0;0;0;0;0;0;0;0;0;0;0;0;0;0;0;0;0;0;0;0;0;0;0;0;0;0;0;0;0;1;0;0;0;0;0;0;0;0;0;0;0;0;0;0;0;0;0;0;0;0;0;0;0;0;0;0;0;0;0;0;0;0;0;0;0;0;0
Microrhopias quixensis;Microrhopias_quixensis;Microrhopias_quixensis;0;0;1;0;0;1;0;0;0;0;0;0;0;0;1;0;1;1;0;1;0;0;2;0;2;0;0;0;0;0;0;0;1;1;0;0;0;0;0;0;1;0;2;0;1;0;1;0;0;0;3;1;4;0;1;0;0;1;0;0;1;0;0;0;0;0;0;0;1;0;2;0;1;0;0;0;0;1;0;0;3;0;1;0;0;0
Mionectes oleagineus;Mionectes_oleagineus;Mionectes_oleagineus;0;0;1;0;0;2;0;9;3;0;1;0;0;0;0;0;0;0;0;14;0;0;4;3;0;0;0;0;2;0;6;0;0;0;0;0;0;0;0;0;0;0;0;1;0;0;0;0;9;0;2;6;0;0;0;0;0;0;0;0;0;0;0;0;0;0;0;0;8;0;1;1;0;0;0;0;9;0;0;1;1;0;0;0;0;0
Mionectes olivaceus;Mionectes_olivaceus;Mionectes_olivaceus;0;0;0;0;1;0;0;0;0;0;0;0;0;0;0;0;0;0;0;0;0;0;0;0;0;0;0;0;0;0;1;0;0;0;0;1;0;1;0;0;0;0;0;0;1;0;1;0;1;0;1;0;0;0;0;0;10;0;0;0;0;0;0;0;0;0;0;0;1;0;0;0;0;0;0;0;0;0;0;0;1;1;0;0;0;0
Mitrephanes phaeocercus;Mitrephanes_phaeocercus;Mitrephanes_phaeocercus;0;0;0;0;1;0;0;0;0;0;0;0;0;0;0;0;2;0;0;0;1;0;0;3;0;0;0;0;0;0;0;0;0;0;3;0;0;0;0;0;2;0;0;0;0;0;0;0;0;0;0;0;1;0;0;0;0;2;0;0;0;1;0;0;0;0;0;0;0;0;1;1;0;0;0;0;0;0;0;0;0;1;0;0;0;0
Mitrospingus cassinii;Mitrospingus_cassinii;Mitrospingus_cassinii;0;0;0;1;0;1;0;0;0;0;0;0;0;0;0;0;0;0;0;0;0;1;0;0;0;4;1;0;2;2;0;0;0;0;0;0;1;0;0;0;0;0;0;0;0;0;1;0;0;5;1;1;0;0;0;0;1;0;0;0;0;7;0;0;0;0;0;0;0;0;4;0;0;0;6;0;3;0;0;0;0;6;2;2;0;0
Molothrus bonariensis;Molothrus_bonariensis;Molothrus_bonariensis;4;0;0;0;0;0;0;0;0;0;0;0;0;3;0;0;0;0;0;0;0;0;0;0;0;0;0;0;0;0;0;0;0;0;0;0;0;0;0;0;0;0;0;0;0;0;0;0;0;0;0;0;0;0;0;0;0;0;0;0;0;0;1;0;1;0;3;3;0;0;0;0;0;0;0;0;0;0;0;0;0;0;0;0;0;0
Momotus subrufescens;Momotus_subrufescens;Momotus_momota;0;0;0;0;0;0;0;0;0;0;0;0;0;0;0;0;0;0;0;0;0;0;0;0;0;0;0;0;0;0;0;0;0;0;0;0;0;0;0;0;0;0;0;0;0;0;0;0;0;0;0;0;0;0;0;0;0;0;0;0;0;0;0;0;0;0;0;0;0;0;0;0;0;0;0;0;0;0;0;0;0;3;0;0;0;0
Morphnarchus princeps;Morphnarchus_princeps;Leucopternis_princeps;0;0;0;0;0;0;0;0;0;0;0;0;0;0;1;0;1;0;0;0;0;0;0;0;0;0;0;0;0;0;0;0;0;0;0;0;0;0;0;0;0;0;0;0;0;0;0;0;0;0;0;0;0;0;0;0;0;0;0;0;0;0;0;0;0;0;0;0;1;0;0;0;0;0;0;0;0;0;0;0;0;0;0;0;0;0
Myiarchus tuberculifer;Myiarchus_tuberculifer;Myiarchus_tuberculifer;2;0;0;2;5;4;1;0;1;0;0;1;1;1;0;2;0;3;0;3;1;1;0;0;0;3;0;0;0;0;0;0;0;0;0;0;0;0;0;1;0;0;0;0;0;0;0;0;2;0;0;0;0;0;0;0;1;4;1;1;7;2;2;0;0;0;1;0;0;7;0;0;3;0;1;4;0;0;0;1;0;0;0;0;0;0
Myiobius atricaudus;Myiobius_atricaudus;Myiobius_atricaudus;0;0;0;0;0;0;0;0;0;0;0;0;0;0;0;0;0;1;0;0;0;0;0;0;0;0;0;0;0;0;0;0;0;0;1;1;0;0;1;0;0;0;0;0;0;0;0;0;0;0;1;0;0;0;0;0;0;0;0;0;0;0;0;0;0;0;0;0;0;0;0;0;0;0;0;0;0;0;0;0;1;0;0;0;0;0
Myiobius sulphureipygius;Myiobius_sulphureipygius;Myiobius_sulphureipygius;0;0;0;0;0;0;0;0;0;0;0;0;0;0;0;0;0;0;0;0;0;0;0;0;0;0;0;0;1;0;0;0;0;0;0;0;0;1;0;0;0;0;0;0;0;0;0;0;0;0;1;0;0;0;0;0;0;0;0;0;0;1;0;0;0;0;0;0;0;0;0;0;0;0;0;0;0;0;0;0;0;0;1;0;0;0
Myiodynastes maculatus;Myiodynastes_maculatus;Myiodynastes_maculatus;0;0;0;0;0;1;0;0;0;0;0;0;0;0;0;0;0;0;0;0;0;0;0;0;0;0;0;0;0;0;0;0;0;0;0;0;0;0;0;0;0;0;0;0;0;0;0;0;0;0;0;0;0;0;0;0;0;0;0;0;0;0;0;1;0;1;0;0;0;0;0;0;0;0;1;0;0;0;0;2;0;0;0;0;0;0
Myiopagis caniceps;Myiopagis_caniceps;Myiopagis_caniceps;0;0;2;0;0;0;1;0;0;0;0;0;0;0;0;0;0;0;0;0;0;0;1;0;0;0;0;0;0;0;0;0;0;0;0;0;0;0;1;0;1;0;1;0;0;1;0;0;0;0;0;0;0;0;0;0;0;0;0;0;0;2;1;0;0;0;0;0;1;0;1;0;0;0;0;0;0;0;0;0;1;0;1;0;0;1
Myiopagis subplacens;Myiopagis_subplacens;Myiopagis_subplacens;0;0;0;0;0;0;0;0;0;0;0;0;0;0;1;0;0;0;0;0;0;0;0;0;0;0;0;0;0;0;0;0;0;0;0;0;0;0;0;0;0;0;0;0;0;0;0;0;0;0;0;0;0;0;0;0;0;0;0;0;0;0;0;0;0;0;0;0;0;0;0;0;0;0;0;0;0;0;0;0;0;0;0;0;0;0
Myiopagis viridicata;Myiopagis_viridicata;Myiopagis_viridicata;0;0;1;0;0;1;2;0;0;0;0;0;0;0;1;0;0;0;0;0;0;0;1;0;0;0;0;0;0;0;0;0;0;0;0;0;0;1;0;0;0;0;0;0;0;0;0;0;0;0;0;0;1;0;1;0;0;0;1;0;0;2;0;0;1;0;0;0;0;0;0;0;0;0;0;0;0;0;0;0;1;0;0;0;0;0
Myiophobus fasciatus;Myiophobus_fasciatus;Myiophobus_fasciatus;0;2;0;1;0;0;1;0;1;4;0;0;2;0;4;0;0;0;0;0;0;0;0;0;0;0;0;0;0;0;0;0;0;0;0;0;0;0;0;0;0;0;0;0;0;0;0;0;0;0;0;0;0;0;0;0;0;0;0;0;0;0;0;2;2;1;2;2;0;0;0;0;0;0;0;0;0;0;0;0;0;0;0;0;0;0
Myiornis atricapillus;Myiornis_atricapillus;Myiornis_atricapillus;3;0;4;0;1;0;1;1;1;0;0;0;0;0;0;1;1;1;2;2;2;1;0;0;3;2;0;0;0;2;0;2;0;1;3;3;2;2;0;0;3;0;0;1;0;2;1;0;0;0;0;0;2;0;2;0;2;4;1;0;0;2;3;0;0;0;0;0;1;0;1;2;1;0;0;0;0;3;1;0;4;3;1;2;2;1
Myiothlypis chrysogaster;Myiothlypis_chrysogaster;Basileuterus_chrysogaster;0;0;0;0;0;0;0;0;0;0;0;0;0;0;0;0;0;0;0;0;0;0;0;0;0;2;0;0;0;0;0;0;0;0;0;0;0;0;0;0;0;0;0;0;0;0;0;0;0;0;0;0;0;0;0;0;0;0;0;0;0;0;0;0;0;0;0;0;0;0;0;0;0;0;0;0;0;0;0;0;2;0;0;0;0;0
Myiothlypis fulvicauda;Myiothlypis_fulvicauda;Phaeothlypis_fulvicauda;0;0;0;1;0;3;0;1;1;1;0;0;0;2;0;0;0;0;0;3;0;0;0;0;0;0;0;0;0;0;0;0;0;0;0;0;0;0;0;0;0;2;0;2;1;1;0;0;6;9;0;0;0;1;0;1;2;0;0;5;0;7;3;0;0;6;0;4;0;0;0;0;1;0;0;0;0;0;0;0;0;4;0;3;0;0
Myiotriccus ornatus;Myiotriccus_ornatus;Myiotriccus_ornatus;0;0;1;1;0;2;0;2;0;0;0;0;0;0;0;4;0;2;0;0;2;0;2;4;0;6;0;0;0;2;1;0;2;0;0;0;0;0;0;0;0;0;0;0;0;1;1;0;1;1;1;0;2;0;0;0;0;0;0;0;1;1;0;0;0;0;0;0;3;0;3;0;5;0;2;1;0;0;1;0;2;2;2;0;1;4
Myiozetetes cayanensis;Myiozetetes_cayanensis;Myiozetetes_cayanensis;20;23;2;10;13;7;9;0;26;6;8;6;14;8;13;2;2;2;0;4;0;5;0;0;0;0;0;0;0;0;5;0;0;0;0;0;0;0;0;0;0;0;0;0;0;0;0;0;5;1;0;4;2;0;1;0;4;1;19;6;10;7;10;10;8;10;14;24;0;17;0;0;7;6;1;10;0;0;0;5;2;0;0;13;1;0
Myiozetetes granadensis;Myiozetetes_granadensis;Myiozetetes_granadensis;10;16;0;1;0;0;1;0;1;2;0;3;1;1;2;0;0;0;0;0;0;0;0;0;0;0;0;0;1;0;0;0;0;0;0;0;0;0;0;0;0;0;0;0;0;0;0;0;4;1;0;1;1;0;0;0;1;0;22;0;0;0;3;5;0;1;3;1;1;0;0;0;0;0;0;0;0;0;0;0;0;0;0;0;0;0
Myiozetetes similis;Myiozetetes_similis;Myiozetetes_similis;4;4;0;3;5;1;4;0;2;1;0;4;15;1;1;1;0;0;0;1;0;1;0;0;0;0;0;0;0;0;0;0;0;0;0;0;0;0;0;0;0;0;0;0;0;0;0;0;2;0;0;0;0;0;0;0;0;0;6;0;3;6;4;5;4;3;6;8;0;1;0;0;1;7;0;4;0;0;0;0;0;0;0;0;0;0
Myrmotherula axillaris;Myrmotherula_axillaris;Myrmotherula_axillaris;0;0;0;0;0;0;0;0;0;0;0;0;0;0;0;0;1;0;2;3;3;2;6;2;2;0;0;1;0;0;0;1;2;4;0;0;4;7;1;0;1;1;7;3;4;4;2;1;0;1;2;2;2;1;2;0;0;0;0;0;0;0;0;0;0;0;0;0;3;0;1;0;0;0;1;0;2;0;4;0;2;0;2;0;2;1
Myrmotherula ignota;Myrmotherula_ignota;Myrmotherula_ignota;0;0;0;0;0;1;0;2;0;0;0;0;0;0;0;0;0;0;1;0;0;0;0;0;0;0;0;0;1;0;3;0;0;1;0;1;0;2;0;0;0;0;0;0;0;2;3;0;0;0;0;1;0;0;0;0;0;0;0;0;0;0;0;0;0;0;0;0;1;0;0;0;0;0;0;0;0;0;0;0;0;0;0;0;1;0
Myrmotherula pacifica;Myrmotherula_pacifica;Myrmotherula_pacifica;0;4;0;1;4;7;9;0;8;6;1;0;1;3;6;1;0;12;0;0;0;1;0;0;2;0;1;0;0;0;2;0;0;0;0;0;0;0;0;0;0;0;0;0;0;0;0;0;0;0;0;0;0;0;0;0;0;0;1;2;6;5;7;0;0;0;1;5;0;0;0;0;0;0;0;8;0;0;0;2;0;0;0;0;0;1
Myrmotherula schisticolor;Myrmotherula_schisticolor;Myrmotherula_schisticolor;0;0;0;0;0;0;0;0;0;0;0;0;0;0;0;0;0;0;0;2;0;0;0;0;0;0;0;0;0;0;0;1;0;0;0;0;0;0;0;0;0;0;0;1;0;0;1;0;0;0;0;0;0;0;0;0;0;0;0;0;0;0;0;0;0;0;0;0;0;0;0;1;0;0;0;0;0;0;0;0;0;0;0;0;0;0
Neomorphus radiolosus;Neomorphus_radiolosus;Neomorphus_radiolosus;0;0;0;0;0;0;0;0;0;0;0;0;0;0;0;0;0;0;0;0;0;0;0;0;0;0;0;0;0;0;0;0;0;0;0;0;0;0;1;0;0;0;0;0;0;0;0;0;0;0;0;0;0;0;0;0;0;0;0;0;0;0;0;0;0;0;0;0;0;0;0;0;0;0;0;0;0;0;0;0;0;0;0;0;0;0
Notharchus hyperrhynchus;Notharchus_hyperrhynchus;Notharchus_hyperrhynchus;0;0;0;0;0;0;0;0;0;0;0;0;0;0;0;0;0;0;0;0;0;0;0;0;0;0;0;0;0;0;0;0;0;0;0;0;0;0;0;1;0;0;0;0;0;0;0;0;0;0;0;0;0;0;0;0;0;0;0;0;0;0;0;0;0;0;0;0;0;0;0;0;0;0;0;0;0;0;0;0;0;0;0;0;0;0
Notharchus pectoralis;Notharchus_pectoralis;Notharchus_pectoralis;0;0;0;0;0;0;0;0;0;0;0;0;0;0;0;0;0;0;0;0;0;0;0;0;0;0;0;0;0;0;0;0;0;0;0;0;0;0;0;0;0;0;0;0;0;0;0;0;0;0;0;0;0;0;0;0;0;0;0;0;0;0;0;0;0;0;0;0;0;0;0;0;0;0;0;0;0;0;0;0;0;0;1;0;0;0
Notharchus tectus;Notharchus_tectus;Notharchus_tectus;0;0;1;0;0;0;0;0;0;0;0;0;0;0;0;0;0;0;0;0;0;0;0;0;0;0;0;0;0;0;0;0;0;0;0;0;0;0;0;0;0;0;0;0;0;0;0;0;0;0;0;0;0;0;0;0;0;0;0;0;0;0;0;0;0;0;0;0;0;0;0;0;0;0;0;0;0;0;0;0;0;0;0;0;0;0
Nyctibius griseus;Nyctibius_griseus;Nyctibius_griseus;0;0;0;0;0;0;0;0;0;0;0;0;0;0;0;0;0;0;0;0;0;1;0;0;0;0;0;0;0;0;0;0;0;0;0;0;0;0;0;0;0;0;0;0;0;0;0;0;0;0;0;0;0;0;0;0;0;0;0;0;0;0;0;0;0;0;0;0;0;0;0;0;0;0;0;0;0;0;0;0;0;0;0;0;0;0
Nyctidromus albicollis;Nyctidromus_albicollis;Nyctidromus_albicollis;0;0;0;0;1;0;3;0;0;0;0;0;0;0;0;0;0;1;0;1;0;0;0;0;0;0;0;0;0;0;0;0;0;0;0;0;0;0;0;0;0;0;0;0;0;0;0;0;1;0;0;0;0;0;0;0;0;1;0;0;0;0;0;0;1;0;0;0;0;0;0;0;0;0;0;0;0;0;0;0;0;0;0;1;0;0
Nyctiphrynus rosenbergi;Nyctiphrynus_rosenbergi;Nyctiphrynus_rosenbergi;0;0;0;0;0;0;0;0;0;0;0;0;0;0;0;0;0;0;0;0;0;0;0;1;0;0;0;0;0;0;0;0;0;1;0;0;0;0;0;1;1;0;0;0;0;0;0;0;0;0;1;0;0;0;0;2;0;0;0;0;0;0;1;0;0;0;0;0;0;0;0;0;0;0;0;0;0;0;0;0;0;1;0;0;0;0
Nystalus radiatus;Nystalus_radiatus;Nystalus_radiatus;3;0;1;1;0;2;0;2;0;0;0;0;0;0;0;1;0;1;0;1;0;0;0;1;0;0;0;0;0;0;0;0;0;0;0;1;0;0;0;0;0;0;0;0;1;0;0;0;0;0;0;0;0;2;0;1;1;0;0;1;0;1;3;0;0;1;0;1;11;0;0;0;0;0;0;1;0;0;2;0;0;0;0;2;0;0
Odontophorus erythrops;Odontophorus_erythrops;Odontophorus_erythrops;1;6;4;0;2;7;0;2;8;0;0;0;0;0;0;3;0;0;0;2;0;0;0;2;1;1;0;1;0;0;1;2;3;5;1;3;1;0;8;2;1;2;0;3;0;2;0;0;0;0;0;0;1;0;0;0;0;4;2;0;0;3;8;0;0;0;0;0;1;3;1;0;0;0;1;2;0;3;4;1;0;0;0;0;0;0
Odontorchilus branickii;Odontorchilus_branickii;Odontorchilus_branickii;0;0;0;0;0;0;0;0;0;0;0;0;0;0;0;0;0;0;0;0;0;0;0;0;0;0;0;0;0;0;0;0;0;0;2;1;0;0;0;0;1;0;0;0;1;0;0;0;0;0;1;0;0;0;0;0;0;0;0;0;0;0;0;0;0;0;0;0;0;0;0;0;0;0;0;0;0;0;0;0;1;0;0;1;1;0
Ornithion brunneicapillus;Ornithion_brunneicapillus;Ornithion_brunneicapillus;0;0;1;0;0;1;4;0;0;0;0;0;0;0;0;0;2;1;0;2;0;0;0;0;0;1;0;0;0;0;0;1;1;2;0;0;1;0;0;0;0;0;0;0;0;3;0;0;0;0;2;5;0;0;2;0;1;2;2;2;0;2;1;0;0;0;2;0;0;0;1;0;0;0;1;1;0;0;0;1;0;0;0;0;0;3
Ortalis erythroptera;Ortalis_erythroptera;Ortalis_erythroptera;0;0;4;0;0;0;0;0;1;0;0;1;1;0;0;0;0;0;0;0;0;0;0;0;0;0;0;0;0;0;0;0;0;0;0;0;0;0;0;0;0;0;0;0;0;0;0;0;0;0;0;0;0;1;0;0;1;1;1;0;0;0;2;1;1;0;0;0;0;0;0;0;0;0;0;0;0;0;0;1;0;0;0;0;0;0
Pachyramphus albogriseus;Pachyramphus_albogriseus;Pachyramphus_albogriseus;0;0;0;0;0;0;0;0;0;0;0;0;0;1;0;0;0;0;0;0;0;0;0;0;0;0;0;0;0;0;0;0;0;0;1;0;0;0;0;0;1;0;0;0;0;0;0;0;0;0;0;0;0;0;0;0;0;0;0;0;0;0;0;0;0;0;0;0;0;0;0;0;0;0;0;0;0;0;0;0;0;0;0;2;0;0
Pachyramphus cinnamomeus;Pachyramphus_cinnamomeus;Pachyramphus_cinnamomeus;0;3;5;0;0;3;2;0;2;0;0;0;3;5;0;1;0;3;1;1;0;0;1;0;0;0;0;0;0;0;2;0;0;1;0;0;0;0;0;0;0;0;0;0;0;0;0;0;1;0;0;0;0;1;0;0;0;2;7;2;0;4;2;2;2;6;3;1;1;1;0;0;8;0;0;9;0;1;0;0;0;0;0;2;0;2
Pachyramphus homochrous;Pachyramphus_homochrous;Pachyramphus_homochrous;0;0;0;0;0;0;1;0;0;0;0;0;0;0;0;0;0;0;0;0;0;0;0;0;0;0;0;0;0;0;0;0;0;0;0;0;0;0;0;0;0;0;0;0;0;0;0;0;0;0;0;0;0;0;0;0;0;0;0;0;0;0;1;0;0;1;1;0;1;0;0;0;0;0;0;0;0;0;0;0;0;0;0;0;0;0
Pachyramphus spodiurus;Pachyramphus_spodiurus;Pachyramphus_spodiurus;0;0;0;0;0;0;0;0;0;0;0;0;0;0;0;0;0;0;0;0;0;0;0;0;0;0;0;0;0;0;0;0;0;0;0;0;0;0;0;0;0;0;0;0;0;0;0;0;0;0;0;0;0;0;0;0;0;0;1;0;0;0;0;0;0;0;0;0;0;0;0;0;0;0;0;0;0;0;0;0;0;0;0;0;0;0
Pachysylvia decurtata;Pachysylvia_decurtata;Hylophilus_decurtatus;0;0;4;0;1;6;8;4;2;0;0;0;0;0;0;3;0;2;5;10;2;5;7;5;3;0;1;0;3;0;1;1;2;1;0;0;1;2;1;1;1;2;0;0;2;0;1;0;1;5;5;1;7;0;2;3;2;1;5;4;0;4;6;6;0;6;0;1;2;0;5;2;3;0;8;2;2;6;3;0;4;1;5;3;5;4
Panyptila cayennensis;Panyptila_cayennensis;Panyptila_cayennensis;0;0;0;0;0;1;0;0;0;0;0;0;0;0;0;1;0;0;0;0;0;0;0;0;0;0;0;0;0;0;0;0;0;0;0;0;0;0;0;0;0;0;0;0;0;0;0;0;0;0;0;0;0;0;0;0;0;0;0;1;0;0;1;1;0;0;0;0;1;0;0;0;0;0;0;0;0;0;0;0;0;0;0;0;0;0
Passer domesticus;Passer_domesticus;Passer_domesticus;0;0;0;1;0;0;0;0;0;0;0;0;0;0;0;0;0;0;0;0;0;0;0;0;0;0;0;0;0;0;0;0;0;0;0;0;0;0;0;0;0;0;0;0;0;0;0;0;0;0;0;0;0;0;0;0;0;0;0;0;0;0;0;0;0;0;0;0;0;0;0;0;0;0;0;0;0;0;0;0;0;0;0;0;0;0
Patagioenas cayennensis;Patagioenas_cayennensis;Patagioenas_cayennensis;2;0;0;1;0;1;0;0;0;0;0;12;8;2;2;0;0;0;0;0;0;0;0;0;0;0;0;0;0;0;0;0;0;0;0;0;0;0;0;0;0;0;0;0;0;0;0;0;0;0;0;0;0;1;0;0;1;0;0;0;0;0;1;1;3;4;7;6;0;0;0;0;0;0;0;0;0;0;0;0;0;0;0;0;0;0
Patagioenas goodsoni;Patagioenas_goodsoni;Patagioenas_goodsoni;2;0;3;1;1;2;9;2;0;0;0;0;0;1;0;0;0;15;0;1;0;6;5;2;3;3;1;0;0;0;4;1;0;2;0;2;4;2;5;4;0;0;3;2;4;1;4;0;0;0;1;0;1;1;0;3;1;1;1;4;1;5;5;0;0;0;0;0;1;1;2;1;0;0;3;0;2;19;1;3;6;1;5;4;1;0
Patagioenas speciosa;Patagioenas_speciosa;Patagioenas_speciosa;0;0;0;0;0;0;0;0;0;0;0;0;0;0;0;0;0;0;0;0;0;0;0;0;0;0;0;0;0;0;0;0;0;0;0;0;0;0;0;0;0;0;0;0;0;0;0;0;0;0;0;0;0;0;0;0;0;0;0;0;0;0;0;0;0;0;0;0;0;0;0;0;0;0;0;0;0;0;0;0;1;0;0;0;0;0
Patagioenas subvinacea;Patagioenas_subvinacea;Patagioenas_subvinacea;1;10;6;9;4;8;9;1;4;1;1;3;8;3;3;2;4;8;1;9;4;6;4;1;2;1;2;1;0;0;5;0;0;3;3;0;1;1;4;1;2;0;1;0;0;0;2;0;1;1;1;2;3;2;4;2;5;0;9;1;4;5;0;5;5;7;4;4;1;0;1;1;6;6;1;1;1;5;1;3;3;2;1;2;1;0
Penelope ortoni;Penelope_ortoni;Penelope_ortoni;0;0;0;0;0;0;0;0;0;0;0;0;0;0;0;0;0;0;0;0;0;0;0;0;0;0;0;0;0;0;1;0;0;0;0;0;0;0;0;0;0;0;0;0;0;0;0;0;0;0;0;0;1;0;0;0;0;0;0;0;0;0;0;0;0;0;0;0;0;0;0;0;0;0;0;0;2;0;0;0;0;0;0;0;0;0
Penelope purpurascens;Penelope_purpurascens;Penelope_purpurascens;0;0;0;0;0;2;0;0;0;0;0;0;0;0;0;0;0;0;1;0;0;0;0;0;0;0;0;0;1;0;0;1;0;0;1;0;1;0;0;1;0;0;0;0;0;0;0;0;0;0;0;0;0;0;0;0;0;0;0;0;0;0;1;0;0;0;0;0;0;0;0;0;0;0;0;0;0;0;0;0;0;0;0;0;0;0
Phaenostictus mcleannani;Phaenostictus_mcleannani;Phaenostictus_mcleannani;0;0;0;0;0;0;0;0;0;0;0;0;0;0;0;0;0;1;0;0;0;0;0;1;0;0;0;0;0;0;0;0;1;0;0;0;1;2;1;2;1;0;0;2;2;0;1;0;0;0;0;0;0;0;0;0;0;0;0;0;1;0;0;0;0;0;0;0;0;0;0;0;0;0;0;0;0;0;2;0;0;0;0;0;0;0
Phaethornis striigularis;Phaethornis_striigularis;Phaethornis_striigularis;0;0;0;0;1;0;0;1;0;0;0;0;0;0;0;0;0;0;0;0;0;0;0;0;0;0;0;0;0;0;0;0;0;0;0;0;0;0;0;0;0;1;0;1;0;0;0;0;0;0;0;0;0;0;0;0;0;0;0;0;0;0;1;0;0;0;0;0;0;0;0;0;0;1;0;0;0;5;0;0;0;2;0;0;0;0
Phaethornis yaruqui;Phaethornis_yaruqui;Phaethornis_yaruqui;0;0;2;0;0;1;3;0;3;0;0;0;0;0;1;3;1;1;3;4;0;2;24;3;0;0;1;0;0;1;0;2;0;1;1;1;1;1;0;0;1;1;5;2;0;2;3;0;1;4;12;5;4;0;0;1;1;7;0;2;1;0;0;0;0;1;0;0;6;0;4;1;3;0;1;2;1;3;2;1;4;4;2;0;6;2
Phyllomyias griseiceps;Phyllomyias_griseiceps;Phyllomyias_griseiceps;0;3;0;6;3;1;1;0;10;12;6;4;11;5;2;0;0;1;0;1;0;1;0;0;0;0;0;0;0;0;0;0;0;0;0;0;0;0;0;0;0;0;0;0;0;0;0;0;0;0;1;1;0;0;0;0;0;0;14;3;1;2;1;6;10;11;17;3;0;0;0;0;0;0;0;0;0;0;0;1;0;0;0;0;0;0
Piaya cayana;Piaya_cayana;Piaya_cayana;0;0;0;0;0;1;0;0;0;0;0;0;0;0;1;0;0;1;0;0;0;0;0;0;0;0;0;0;0;0;1;0;0;0;0;0;0;0;0;0;0;0;0;0;0;0;0;0;1;0;0;0;0;0;0;0;0;0;0;0;0;0;0;0;1;0;0;0;1;0;0;0;0;0;0;0;0;0;0;0;0;0;0;1;0;2
Piculus litae;Piculus_litae;Piculus_litae;0;0;0;0;0;0;0;0;0;0;0;0;0;0;0;0;0;0;0;0;0;0;0;0;0;0;0;0;0;0;0;0;0;0;0;0;0;0;0;0;0;0;0;0;0;0;1;0;0;0;0;0;0;0;0;0;0;0;0;0;0;0;0;0;0;0;0;0;0;0;0;0;0;0;0;0;0;0;0;0;0;0;0;1;0;0
Picumnus olivaceus;Picumnus_olivaceus;Picumnus_olivaceus;0;1;0;0;4;0;1;0;3;0;0;0;0;0;0;2;0;1;0;1;0;0;1;0;0;1;0;0;0;0;0;0;1;0;1;0;0;0;0;0;0;0;1;0;1;0;2;0;0;2;1;1;0;0;0;0;0;0;0;0;1;0;0;0;0;1;0;0;0;8;1;0;1;0;0;2;0;0;1;0;0;0;1;0;0;0
Pionus chalcopterus;Pionus_chalcopterus;Pionus_chalcopterus;0;1;1;1;1;2;0;2;1;0;0;0;0;1;2;0;0;1;0;1;2;0;1;0;0;0;0;0;2;0;0;0;0;1;0;0;0;0;2;0;0;0;0;1;1;0;2;0;1;0;0;1;6;0;0;1;0;0;0;0;1;0;0;0;1;0;1;0;0;1;0;0;1;0;0;0;0;6;3;0;0;0;1;0;0;0
Pionus menstruus;Pionus_menstruus;Pionus_menstruus;0;0;0;3;3;12;0;0;2;0;0;0;2;0;3;0;0;0;0;0;0;0;0;2;0;0;0;0;0;2;0;0;0;0;0;0;1;0;4;1;0;0;3;4;0;0;1;0;0;0;1;1;1;2;0;0;1;3;0;1;1;1;0;0;0;0;0;0;0;0;1;0;0;1;0;0;0;2;0;0;0;0;0;0;0;0
Piranga rubra;Piranga_rubra;Piranga_rubra;1;1;0;2;0;1;1;0;0;2;0;4;3;0;0;0;0;1;0;0;0;0;0;0;0;0;0;0;0;0;1;0;0;0;0;0;0;0;0;0;0;0;0;0;0;0;0;0;0;0;2;0;0;1;0;0;0;0;1;0;0;0;1;0;0;6;1;0;0;1;0;0;0;0;0;0;0;0;0;1;0;0;0;1;0;0
Pittasoma rufopileatum;Pittasoma_rufopileatum;Pittasoma_rufopileatum;0;0;0;0;0;0;0;0;0;0;0;0;0;0;0;0;0;0;0;0;0;0;0;0;0;0;0;0;0;0;0;0;0;0;0;0;0;0;1;0;0;0;0;0;0;0;1;0;0;0;0;0;0;0;0;0;0;0;0;0;0;0;0;0;0;0;0;0;0;0;0;0;0;0;0;0;0;0;0;0;0;0;0;0;0;0
Platyrinchus coronatus;Platyrinchus_coronatus;Platyrinchus_coronatus;0;0;0;0;0;0;0;0;0;0;0;0;0;0;0;0;0;0;0;0;1;0;4;2;1;1;0;0;0;0;0;1;1;4;1;4;1;6;5;1;5;0;1;0;0;2;1;0;0;1;1;0;0;0;0;0;0;0;0;0;0;0;0;0;0;0;0;0;1;0;1;2;0;0;0;0;0;0;2;0;0;0;0;0;0;0
Platyrinchus mystaceus;Platyrinchus_mystaceus;Platyrinchus_mystaceus;0;0;0;0;1;0;2;0;0;0;0;0;0;0;0;0;0;0;0;1;0;0;0;0;1;0;0;0;1;0;0;0;0;0;0;0;1;0;0;0;0;0;0;0;1;0;0;0;2;0;1;1;0;0;0;0;0;0;0;0;0;0;0;0;0;0;0;0;0;0;0;0;0;0;0;0;0;0;0;0;1;0;0;0;0;0
Poliocrania exsul;Poliocrania_exsul;Myrmeciza_exsul;1;0;10;1;8;5;2;17;0;0;0;0;0;0;0;8;3;11;9;12;6;11;14;13;10;19;10;4;8;17;3;9;2;4;12;2;9;11;5;8;10;1;6;13;8;14;11;2;1;0;3;11;9;11;2;6;4;1;0;11;5;13;2;0;0;0;5;0;10;0;13;4;4;7;13;0;12;12;9;5;6;14;8;1;9;18
Polioptila plumbea;Polioptila_plumbea;Polioptila_plumbea;5;0;0;1;2;1;6;0;1;2;1;1;6;10;3;0;0;0;0;0;0;0;0;0;0;0;0;0;0;0;0;0;0;0;0;0;0;0;0;0;0;0;0;0;0;0;0;0;1;0;0;1;0;0;0;0;0;0;3;1;1;0;1;4;2;7;4;4;0;0;0;0;0;0;0;1;0;0;0;1;0;0;0;0;0;0
Polioptila schistaceigula;Polioptila_schistaceigula;Polioptila_schistaceigula;0;0;0;0;0;0;0;0;0;0;0;0;0;0;0;0;1;0;1;0;0;2;2;0;0;0;0;0;0;0;0;0;0;0;0;1;1;0;1;0;0;0;2;0;1;1;0;0;0;0;0;0;1;0;0;0;0;0;0;1;0;0;0;0;0;0;0;0;2;0;1;0;0;0;0;1;0;0;0;0;2;0;0;1;0;0
Porphyrio martinicus;Porphyrio_martinicus;Porphyrio_martinica;0;0;0;0;0;0;0;0;0;0;0;0;0;0;0;0;0;0;0;0;0;0;0;0;0;0;0;0;0;0;0;0;0;0;0;0;0;0;0;0;0;0;0;0;0;0;0;0;0;0;0;0;0;0;0;0;0;0;0;0;0;0;0;0;0;0;0;1;0;0;0;0;0;0;0;0;0;0;0;0;0;0;0;0;0;0
Premnoplex brunnescens;Premnoplex_brunnescens;Premnoplex_brunnescens;0;0;0;0;0;0;0;0;0;0;0;0;0;0;0;0;0;0;0;0;0;0;0;0;0;0;0;0;0;0;0;0;0;0;0;0;0;0;0;0;0;1;0;0;0;0;0;0;1;0;0;0;0;0;0;0;0;0;0;0;0;0;0;0;0;0;0;0;0;0;0;0;0;0;0;0;0;0;0;0;0;0;0;0;0;0
Progne chalybea;Progne_chalybea;Progne_chalybea;0;0;0;0;0;0;0;0;0;0;0;0;2;1;2;0;0;0;0;0;0;0;0;0;0;0;0;0;0;0;0;0;0;0;0;0;0;0;0;0;0;0;0;0;0;0;0;0;0;0;0;0;0;0;0;0;0;0;0;0;1;0;0;0;1;0;0;4;0;2;0;0;0;0;0;0;0;0;0;1;0;0;0;0;0;0
Psarocolius wagleri;Psarocolius_wagleri;Psarocolius_wagleri;0;0;1;0;0;0;0;0;0;0;0;0;0;0;0;0;0;0;0;0;0;0;0;0;0;0;0;0;0;0;0;0;0;0;1;0;0;0;0;0;0;0;0;0;0;0;0;0;1;0;0;0;0;0;0;0;0;0;3;0;0;0;0;0;0;0;0;0;0;0;0;0;0;0;0;1;0;0;1;0;0;0;0;0;0;0
Psittacara erythrogenys;Psittacara_erythrogenys;Aratinga_erythrogenys;0;0;0;0;0;0;0;0;0;1;0;0;0;2;0;0;0;0;0;0;0;0;0;0;0;0;0;0;0;0;0;0;0;0;0;0;0;0;0;0;0;0;0;0;0;0;0;0;0;0;0;0;0;0;0;0;0;0;0;0;0;0;0;0;0;2;0;0;0;0;0;0;0;0;0;0;0;0;0;1;0;0;0;0;0;0
Pteroglossus torquatus;Pteroglossus_torquatus;Pteroglossus_torquatus;0;0;1;1;0;1;0;0;0;0;0;0;1;0;0;0;0;0;0;1;0;0;2;0;1;0;0;0;0;1;1;1;0;0;0;0;1;0;0;0;1;0;2;0;0;1;0;0;1;0;0;2;3;0;0;0;0;1;0;0;0;0;0;0;0;0;0;0;0;0;0;0;1;0;0;0;0;1;2;0;0;0;0;1;1;1
Pulsatrix perspicillata;Pulsatrix_perspicillata;Pulsatrix_perspicillata;0;0;0;0;0;0;0;0;0;0;0;0;0;1;1;0;0;0;0;0;0;0;0;0;0;0;0;0;0;0;0;0;0;0;0;0;0;0;0;0;0;0;0;0;0;0;0;0;0;0;0;0;0;0;0;0;0;0;0;0;0;1;0;0;0;0;0;0;0;0;0;0;0;0;0;0;0;0;0;0;0;0;0;0;0;0
Pygochelidon cyanoleuca;Pygochelidon_cyanoleuca;Pygochelidon_cyanoleuca;11;9;0;2;3;3;11;0;7;0;0;0;5;2;4;1;0;0;0;0;0;0;0;0;0;0;0;0;0;0;0;0;0;0;0;0;0;0;0;0;0;0;0;0;0;0;0;0;0;0;0;0;0;0;0;0;0;1;0;2;4;8;8;1;2;0;1;8;0;7;1;0;0;0;1;8;0;1;0;0;0;0;0;2;0;0
Pyrilia pulchra;Pyrilia_pulchra;Pyrilia_pulchra;0;0;0;1;0;0;0;0;0;0;0;0;0;0;0;0;1;2;0;0;0;0;0;0;0;0;0;0;0;0;0;1;0;0;0;1;0;0;0;0;0;0;0;0;1;1;1;0;0;0;0;0;1;0;0;0;1;1;0;0;0;0;4;0;0;0;0;0;3;0;0;4;2;0;0;0;0;0;1;0;0;0;2;0;0;0
Pyrocephalus rubinus;Pyrocephalus_rubinus;Pyrocephalus_rubinus;0;0;0;0;0;0;0;0;0;0;0;0;0;0;0;0;0;0;0;0;0;0;0;0;0;0;0;0;0;0;0;0;0;0;0;0;0;0;0;0;0;0;0;0;0;0;0;0;0;0;0;0;0;0;0;0;0;0;0;0;0;0;0;1;0;0;0;0;0;0;0;0;0;0;0;0;0;0;0;0;0;0;0;0;0;0
Pyrrhura melanura;Pyrrhura_melanura;Pyrrhura_melanura;0;2;0;0;0;0;6;0;0;0;0;0;0;0;0;2;0;1;1;0;0;0;2;3;3;2;0;0;1;2;0;0;2;0;0;0;0;1;0;0;0;0;0;2;0;1;0;0;1;0;0;0;0;0;0;0;0;0;1;0;0;5;0;0;0;1;0;0;3;0;7;0;0;0;0;1;1;0;0;0;0;2;2;0;0;1
Querula purpurata;Querula_purpurata;Querula_purpurata;0;0;0;0;0;1;0;6;0;1;0;0;0;0;0;0;0;4;0;0;0;0;3;0;3;0;0;0;0;0;4;0;0;0;0;0;6;0;1;0;0;0;0;0;0;0;0;0;3;0;0;7;1;1;0;1;1;0;0;0;0;0;0;2;0;0;4;0;2;0;0;0;2;0;0;0;25;12;6;0;1;2;0;0;1;0
Ramphastos ambiguus;Ramphastos_ambiguus;Ramphastos_ambiguus;6;6;2;2;7;8;3;2;17;0;0;0;0;0;0;12;1;11;2;3;6;7;8;13;16;3;3;2;2;1;3;8;7;8;4;6;5;10;19;6;9;6;2;5;3;5;7;3;0;1;3;1;4;0;0;4;4;11;4;4;2;3;8;0;0;1;0;0;6;5;4;5;3;4;0;12;11;17;18;5;3;4;6;8;0;8
Ramphastos brevis;Ramphastos_brevis;Ramphastos_brevis;4;0;3;0;2;0;1;2;0;0;0;0;0;0;0;0;0;2;3;1;0;0;1;1;4;3;2;1;0;2;1;0;0;0;1;0;0;8;0;1;1;0;1;0;2;0;3;0;0;0;0;1;0;1;0;1;0;9;0;4;4;1;0;0;0;0;1;0;4;2;1;4;1;1;1;0;4;4;1;2;0;1;1;6;1;0
Ramphocaenus melanurus;Ramphocaenus_melanurus;Ramphocaenus_melanurus;0;0;0;0;0;0;0;0;0;0;0;0;0;0;0;0;0;0;0;0;0;0;0;0;0;0;0;0;0;0;0;0;0;0;0;0;0;0;0;0;0;0;0;0;0;0;0;0;0;0;0;0;0;0;0;0;0;0;0;0;0;0;0;0;0;0;0;0;0;0;0;0;0;0;0;0;1;0;1;0;0;0;0;0;0;0
Ramphocelus flammigerus;Ramphocelus_flammigerus;Ramphocelus_flammigerus;11;13;6;6;9;23;27;1;27;5;1;1;8;10;15;17;0;8;0;11;1;2;0;0;0;4;4;0;0;1;0;0;0;0;0;0;0;0;0;0;0;0;0;0;0;0;0;0;7;6;2;5;1;0;0;1;4;4;7;4;11;21;23;5;3;1;15;16;0;13;1;2;6;1;7;28;2;1;0;13;1;1;3;20;1;1
Rhynchocyclus pacificus;Rhynchocyclus_pacificus;Rhynchocyclus_pacificus;0;0;0;0;0;0;0;0;0;0;0;0;0;0;0;0;0;0;0;0;0;0;0;0;0;0;0;0;0;0;0;0;0;0;0;0;0;0;0;0;0;0;0;0;0;0;0;0;0;0;0;0;0;0;0;0;0;0;0;0;0;0;0;0;0;0;0;0;0;0;0;0;0;0;0;0;0;1;0;0;1;0;0;0;0;0
Rhynchortyx cinctus;Rhynchortyx_cinctus;Rhynchortyx_cinctus;0;0;0;0;0;3;0;0;2;0;0;0;0;0;0;0;0;1;0;0;2;0;0;3;4;0;0;0;0;0;0;4;0;4;0;0;1;1;1;1;3;0;0;2;2;3;1;0;0;0;1;1;0;0;0;0;0;1;0;1;0;0;0;0;0;0;0;0;0;0;1;0;0;0;1;1;1;0;0;0;1;0;0;0;1;0
Rhytipterna holerythra;Rhytipterna_holerythra;Rhytipterna_holerythra;0;0;0;0;0;0;0;1;0;0;0;0;0;0;0;0;0;1;1;7;0;1;3;1;0;0;1;0;0;0;0;0;1;2;2;2;3;3;3;1;1;0;3;1;3;0;4;0;0;0;0;0;0;0;0;0;0;3;0;2;1;0;0;0;0;0;0;0;2;0;0;0;1;0;2;0;0;1;0;1;3;0;5;0;3;0
Rostrhamus sociabilis;Rostrhamus_sociabilis;Rostrhamus_sociabilis;0;0;0;0;0;0;0;0;1;0;0;0;0;0;0;0;0;0;0;0;0;0;0;0;0;0;0;0;0;0;0;0;0;0;0;0;0;0;0;0;0;0;0;0;0;0;0;0;0;0;0;0;0;0;0;0;0;0;0;0;0;0;2;0;0;0;0;0;0;0;0;0;0;0;0;0;0;0;0;0;0;0;0;0;0;0
Rupornis magnirostris;Rupornis_magnirostris;Buteo_magnirostris;0;1;0;0;1;0;0;0;0;2;2;0;4;2;5;0;0;0;0;1;0;0;0;0;0;0;0;0;0;0;0;0;0;0;0;0;0;0;0;0;0;0;0;0;0;0;0;0;4;0;0;0;0;0;0;0;1;0;0;0;3;0;0;6;1;2;1;3;0;0;0;0;1;2;0;0;0;0;0;0;0;0;0;0;0;0
Saltator atripennis;Saltator_atripennis;Saltator_atripennis;1;0;0;2;0;1;0;0;0;0;0;0;0;0;0;0;0;0;0;0;0;1;0;0;0;0;0;0;0;0;0;0;0;1;0;0;0;0;0;0;0;0;0;0;0;0;0;0;1;0;0;0;0;0;0;0;0;0;0;0;0;0;0;0;0;0;0;0;0;2;0;0;0;0;0;0;0;0;0;0;0;0;0;2;0;0
Saltator grossus;Saltator_grossus;Saltator_grossus;0;1;4;0;3;1;6;3;1;0;0;0;0;0;0;3;0;10;0;2;6;3;4;0;2;6;1;1;2;1;7;0;0;6;0;3;6;5;2;5;0;2;0;1;0;2;4;0;3;0;4;3;2;1;1;6;3;5;0;3;2;5;1;3;0;0;1;0;3;1;0;0;4;0;3;8;0;7;2;3;5;1;5;6;1;3
Saltator maximus;Saltator_maximus;Saltator_maximus;3;6;4;5;6;9;2;7;11;1;0;0;4;12;8;9;0;4;1;2;1;4;4;1;2;2;3;0;5;2;1;0;0;1;0;0;0;0;0;1;0;0;0;0;0;0;0;0;10;7;2;6;0;0;0;0;3;2;4;2;7;4;6;5;6;3;12;14;0;4;1;1;11;1;0;11;1;0;0;0;0;1;7;8;0;6
Sapayoa aenigma;Sapayoa_aenigma;Sapayoa_aenigma;0;0;0;0;0;0;0;0;0;0;0;0;0;0;0;0;0;0;0;0;0;0;0;0;0;0;0;0;0;0;0;1;0;0;0;0;0;1;1;1;1;0;1;0;1;0;0;0;0;0;0;0;0;0;0;0;0;0;0;0;0;0;0;0;0;0;0;0;0;0;0;0;0;0;0;0;0;0;0;0;0;0;0;0;0;0
Schiffornis veraepacis;Schiffornis_veraepacis;Schiffornis_turdina;0;0;0;0;0;0;0;0;0;0;0;0;0;0;0;0;0;0;0;0;1;0;0;0;0;0;0;0;0;0;0;0;2;0;0;15;0;1;3;4;3;0;0;3;0;0;0;0;1;0;0;0;0;0;0;0;0;0;0;0;0;0;0;0;0;0;0;0;0;0;2;13;0;0;0;0;0;0;2;0;0;0;1;0;0;0
Sclerurus guatemalensis;Sclerurus_guatemalensis;Sclerurus_guatemalensis;0;0;0;0;0;0;0;0;0;0;0;0;0;0;0;0;0;0;3;0;0;0;0;0;0;0;0;0;0;0;0;0;0;0;0;0;1;3;0;0;0;0;0;1;1;1;3;0;1;0;0;0;0;0;0;0;0;0;0;0;0;0;0;0;0;0;0;0;0;0;0;0;0;0;0;0;0;0;0;0;1;0;0;0;0;0
Sclerurus mexicanus;Sclerurus_mexicanus;Sclerurus_mexicanus;0;0;0;0;0;0;0;0;0;0;0;0;0;0;0;0;0;0;0;0;0;0;0;0;0;0;0;0;0;0;0;0;0;0;0;0;1;0;0;0;0;0;0;0;1;0;0;1;0;0;0;0;0;0;0;0;0;2;0;0;0;0;0;0;0;0;0;0;0;0;0;0;0;0;0;0;0;0;0;0;0;0;0;0;0;0
Scytalopus chocoensis;Scytalopus_chocoensis;Scytalopus_chocoensis;0;0;0;0;0;0;0;0;0;0;0;0;0;0;0;0;0;0;0;0;0;0;0;0;0;0;0;0;0;0;0;0;0;0;0;0;0;0;0;0;0;0;0;0;0;0;0;0;0;0;0;0;0;0;0;0;0;1;0;0;0;0;0;0;0;0;0;0;0;0;0;0;0;0;0;0;0;0;0;0;0;0;0;0;0;0
Setophaga pitiayumi;Setophaga_pitiayumi;Parula_pitiayumi;0;0;0;0;0;1;0;0;0;0;0;0;0;0;0;0;0;0;0;0;0;0;0;2;0;0;0;0;0;1;0;0;0;1;1;0;0;0;0;1;0;0;0;0;0;0;0;0;0;0;0;0;0;0;0;0;1;1;0;0;0;1;1;0;0;0;0;0;0;0;0;1;0;0;1;0;1;0;0;0;0;0;0;0;0;0
Sipia berlepschi;Sipia_berlepschi;Myrmeciza_berlepschi;0;0;0;0;0;0;0;0;0;0;0;0;0;0;0;0;0;0;0;0;0;0;0;0;0;0;0;0;1;0;0;0;0;1;0;0;0;0;0;0;0;0;0;0;1;0;0;0;1;0;0;0;0;0;0;0;0;0;0;0;0;0;0;0;0;0;0;0;0;0;0;0;0;0;0;0;0;0;0;0;0;0;0;0;0;0
Sipia nigricauda;Sipia_nigricauda;Myrmeciza_nigricauda;0;0;0;0;0;0;0;0;0;0;0;0;0;0;0;0;0;0;0;0;0;0;0;0;0;0;0;0;0;0;0;0;0;0;0;0;0;0;0;0;0;0;0;0;0;0;0;0;0;0;0;0;0;0;0;0;0;0;0;0;1;0;0;0;0;0;0;0;0;0;0;0;0;0;0;0;0;0;0;0;1;0;0;0;2;0
Sirystes albogriseus;Sirystes_albogriseus;Sirystes_albogriseus;0;0;0;0;0;0;0;0;0;0;0;0;0;0;0;0;0;0;0;0;0;0;0;0;0;0;0;0;0;0;0;0;0;0;0;0;1;0;0;0;1;0;0;0;0;0;0;0;1;0;0;2;0;0;0;0;0;0;0;1;1;0;0;0;0;0;0;0;0;0;0;0;0;0;0;0;0;0;0;0;0;0;0;0;0;0
Sittasomus griseicapillus;Sittasomus_griseicapillus;Sittasomus_griseicapillus;0;0;0;0;0;0;0;0;0;0;0;0;0;0;0;0;0;0;0;0;0;0;0;0;0;0;0;0;0;0;0;0;0;0;0;0;0;0;0;0;0;0;0;0;0;0;0;0;0;0;0;0;0;0;0;0;0;0;0;0;0;0;0;0;0;2;0;0;0;0;0;0;0;0;0;0;0;0;0;0;1;0;0;0;0;0
Spinus xanthogastrus;Spinus_xanthogastrus;Carduelis_xanthogastra;0;0;0;1;3;0;0;0;0;0;0;0;0;0;0;0;0;0;0;0;0;0;0;0;0;0;0;0;0;0;0;0;0;0;0;0;0;0;0;0;0;0;0;0;0;0;0;0;0;0;0;0;0;0;0;0;0;2;0;1;0;0;0;0;0;0;0;1;0;2;0;0;0;0;0;0;0;0;0;0;0;0;0;1;0;0
Spizaetus ornatus;Spizaetus_ornatus;Spizaetus_ornatus;0;0;0;1;0;0;0;0;0;0;0;0;0;0;0;0;0;0;0;0;0;0;0;0;0;0;0;0;1;0;0;0;0;0;0;0;0;0;0;1;0;0;0;0;0;0;0;0;0;0;0;0;0;0;0;0;0;0;0;0;0;0;0;0;0;0;0;0;0;0;0;0;0;0;0;0;0;0;0;0;0;0;0;0;0;0
Spizaetus tyrannus;Spizaetus_tyrannus;Spizaetus_tyrannus;0;0;0;0;0;0;0;0;0;0;0;0;0;0;1;0;0;0;0;1;1;0;0;0;0;0;0;0;0;0;0;0;0;0;0;0;0;0;0;0;0;0;0;0;0;0;0;0;0;0;0;0;0;0;0;0;0;0;0;0;0;0;0;0;0;0;1;0;0;0;0;0;0;0;0;0;0;0;0;0;0;0;0;0;0;0
Sporophila angolensis;Sporophila_angolensis;Oryzoborus_angolensis;0;0;0;0;0;0;0;0;0;0;0;0;0;0;0;0;0;0;0;0;0;0;0;0;0;0;0;0;0;0;0;0;0;0;0;0;0;0;0;0;0;0;0;0;0;0;0;0;0;0;0;0;0;0;0;0;0;0;0;0;1;0;0;0;0;0;0;0;0;0;0;0;0;1;0;0;0;0;0;0;0;0;0;0;0;0
Sporophila corvina;Sporophila_corvina;Sporophila_corvina;11;6;0;5;5;0;0;0;0;0;0;0;7;5;7;0;0;1;1;0;0;0;0;0;0;0;0;0;0;0;0;0;0;0;0;0;0;0;0;0;0;0;0;0;0;0;0;0;0;1;0;0;0;0;0;0;0;0;1;3;0;0;0;6;6;6;5;9;0;7;0;0;0;2;0;2;0;0;0;1;0;0;0;4;0;0
Sporophila crassirostris;Sporophila_crassirostris;Oryzoborus_crassirostris;0;0;0;0;0;0;0;0;0;0;0;0;0;0;3;0;0;0;0;0;0;0;0;0;0;0;0;0;0;0;0;0;0;0;0;0;0;0;0;0;0;0;0;0;0;0;0;0;0;0;0;0;0;0;0;0;0;0;0;0;0;0;0;0;0;0;0;0;0;2;0;0;0;0;0;0;0;0;0;0;0;0;0;0;0;0
Sporophila funerea;Sporophila_funerea;Oryzoborus_funereus;9;12;0;4;3;2;0;0;2;0;0;5;2;0;0;1;0;1;0;0;0;0;0;0;0;0;0;0;0;0;0;0;0;0;0;0;0;0;0;0;0;0;0;0;0;0;0;0;0;0;0;0;0;0;0;0;0;2;4;2;6;1;1;0;5;6;3;3;0;4;0;0;0;2;0;1;0;0;0;1;0;0;0;5;0;0
Sporophila nigricollis;Sporophila_nigricollis;Sporophila_nigricollis;5;0;0;1;2;1;1;0;0;1;0;0;1;3;1;0;0;0;0;0;0;0;0;0;0;0;0;0;0;0;0;0;0;0;0;0;0;0;0;0;0;0;0;0;0;0;0;0;0;0;0;1;0;0;0;0;0;1;1;0;2;0;0;0;1;0;0;4;0;1;0;0;1;0;0;1;0;0;0;0;0;0;0;1;0;0
Stelgidopteryx ruficollis;Stelgidopteryx_ruficollis;Stelgidopteryx_ruficollis;21;17;0;4;6;0;1;0;7;1;2;0;6;6;6;0;0;0;0;1;0;0;0;0;0;0;0;0;0;0;0;0;0;0;0;0;0;0;0;0;0;0;0;0;0;0;0;0;1;0;1;0;0;0;0;0;0;0;4;3;2;1;5;11;4;7;14;7;0;5;0;0;0;0;0;2;0;0;0;0;0;0;0;0;0;0
Streptoprocne zonaris;Streptoprocne_zonaris;Streptoprocne_zonaris;0;0;0;0;0;0;0;0;0;0;0;0;0;0;0;0;0;0;0;0;0;0;0;0;0;0;0;0;0;0;0;0;0;0;0;0;0;0;0;0;0;0;0;0;0;0;0;0;0;0;0;0;0;0;0;0;0;0;0;0;1;0;0;0;0;0;0;0;0;0;0;0;0;0;0;0;0;0;0;0;0;0;0;0;0;0
Synallaxis brachyura;Synallaxis_brachyura;Synallaxis_brachyura;1;2;0;0;0;0;1;0;0;2;0;0;0;0;0;0;0;0;0;0;0;0;0;0;0;0;0;0;0;0;0;0;0;0;0;0;0;0;0;0;0;0;0;0;0;0;0;0;0;0;0;0;0;0;0;0;0;0;1;2;0;0;0;0;5;0;1;1;0;6;0;0;0;0;0;4;0;0;0;0;0;0;0;0;0;0
Tachyphonus delatrii;Chrysocorypha_delatrii;Tachyphonus_delatrii;0;0;0;0;0;0;0;0;0;0;0;0;0;0;0;0;0;0;0;4;0;4;0;4;1;8;0;0;1;2;0;0;6;2;5;0;5;3;4;5;2;0;2;6;4;0;3;2;2;2;3;1;0;0;0;0;2;0;0;0;0;0;0;0;0;0;0;0;0;0;4;2;5;0;2;0;2;10;1;0;5;14;6;1;3;2
Tachyphonus luctuosus;Islerothraupis_luctuosa;Tachyphonus_luctuosus;0;0;0;0;1;0;0;3;0;0;0;0;0;0;0;0;0;3;0;5;3;0;4;2;0;0;0;0;0;3;0;0;0;0;0;0;0;0;0;0;0;0;1;4;1;0;3;0;1;1;2;1;1;0;0;0;0;0;0;1;0;0;0;0;0;0;0;0;5;0;1;3;2;0;5;3;3;0;2;0;4;2;2;1;0;1
Tachyphonus rufus;Tachyphonus_rufus;Tachyphonus_rufus;0;1;0;0;0;0;0;0;0;0;0;0;0;0;0;0;0;0;0;0;0;0;0;0;0;0;0;0;0;0;0;0;0;0;0;0;0;0;0;0;0;0;0;0;0;0;0;0;0;0;0;0;0;0;0;0;0;0;0;0;0;0;0;0;0;0;0;0;0;1;0;0;0;0;0;0;0;0;0;0;0;0;0;0;0;0
Tangara cyanicollis;Tangara_cyanicollis;Tangara_cyanicollis;1;1;7;5;1;3;3;0;5;0;0;0;4;3;1;2;1;1;0;0;0;1;0;1;0;0;0;0;0;0;0;0;0;0;0;0;2;0;0;0;0;0;0;0;1;0;0;1;3;2;0;3;0;0;0;0;1;2;3;0;1;2;7;1;0;1;1;3;1;1;0;0;0;0;1;2;1;0;0;1;1;1;0;4;1;2
Tangara florida;Tangara_florida;Tangara_florida;0;0;0;0;0;2;0;0;0;0;0;0;0;0;0;0;0;0;0;0;0;0;0;0;0;0;0;0;0;2;0;2;1;0;2;1;0;0;0;0;0;0;1;1;0;1;0;0;0;0;0;0;0;0;0;0;0;0;0;0;0;0;0;0;0;0;0;0;0;0;1;0;0;0;0;0;0;0;0;1;0;0;0;1;1;3
Tangara gyrola;Tangara_gyrola;Tangara_gyrola;0;0;4;0;1;0;1;0;0;0;0;0;0;0;0;2;0;0;1;1;0;0;1;0;0;0;0;0;0;1;0;0;0;0;0;0;0;0;0;0;0;0;0;0;0;0;0;0;1;0;1;1;0;0;0;0;0;0;0;0;0;0;1;0;0;0;0;1;0;0;0;0;0;0;0;0;1;0;0;0;1;0;0;2;0;0
Tangara icterocephala;Tangara_icterocephala;Tangara_icterocephala;0;0;2;0;0;0;0;0;0;0;0;0;0;0;0;0;0;0;0;1;0;0;0;1;0;0;0;0;0;1;0;0;0;0;0;0;0;0;0;0;0;0;0;0;0;0;0;0;0;0;0;0;0;0;0;0;0;0;0;0;0;0;0;0;0;0;0;0;0;0;0;0;0;0;0;0;0;0;0;0;0;0;0;0;0;2
Tangara johannae;Tangara_johannae;Tangara_johannae;0;0;0;0;1;0;0;0;0;0;0;0;0;0;0;0;1;0;0;0;0;0;0;0;0;0;0;0;0;0;0;0;2;2;0;3;0;0;3;0;6;0;2;0;0;0;2;0;0;0;1;0;0;0;0;0;0;0;0;1;0;0;0;0;0;0;0;0;0;0;0;0;0;0;0;0;0;0;0;0;0;0;0;2;0;0
Tangara larvata;Tangara_larvata;Tangara_larvata;4;0;8;7;1;2;3;0;13;0;0;0;0;1;0;1;1;3;0;2;0;2;2;0;0;0;0;0;0;1;0;0;0;0;3;0;0;0;0;0;2;0;0;2;0;0;1;0;1;0;0;0;0;0;0;0;0;1;0;0;0;0;2;0;0;3;1;2;2;0;2;0;2;1;0;0;0;2;2;2;0;0;0;3;1;1
Tangara lavinia;Tangara_lavinia;Tangara_lavinia;0;0;0;0;0;1;0;0;2;0;0;0;0;0;0;0;0;2;2;0;0;0;0;0;0;0;0;0;0;0;0;0;0;0;1;3;1;0;2;2;1;1;0;1;1;2;1;0;1;0;2;0;2;0;2;0;1;0;0;1;0;0;0;0;0;0;0;0;0;0;3;2;0;0;0;0;0;0;0;0;1;0;0;0;1;0
Tangara palmeri;Tangara_palmeri;Tangara_palmeri;0;0;4;0;0;0;0;0;3;0;0;0;0;0;0;0;0;2;0;0;0;1;0;4;0;0;0;0;0;0;1;1;0;0;0;0;0;0;1;3;3;0;2;1;1;0;1;0;1;0;0;0;1;0;0;0;0;1;0;0;0;1;0;0;0;0;0;0;0;0;0;0;3;0;0;0;2;0;0;1;0;0;0;0;1;0
Tapera naevia;Tapera_naevia;Tapera_naevia;0;0;0;0;0;2;0;0;0;0;0;7;2;0;0;0;0;0;0;0;0;0;0;0;0;0;0;0;0;0;0;0;0;0;0;0;0;0;0;0;0;0;0;0;0;0;0;0;0;0;0;1;0;0;0;0;0;0;3;0;0;0;0;4;6;1;0;2;0;2;0;0;0;0;0;1;0;0;0;0;0;0;0;1;0;0
Taraba major;Taraba_major;Taraba_major;0;11;0;0;0;1;0;0;0;0;2;0;0;0;0;0;0;0;0;0;0;0;0;0;0;0;0;0;0;0;0;0;0;0;0;0;0;0;0;0;0;0;0;0;0;0;0;0;0;0;0;0;0;0;0;0;0;1;1;0;0;0;0;0;0;0;2;1;0;0;0;0;0;0;0;0;0;0;0;0;0;0;0;0;0;0
Terenotriccus erythrurus;Terenotriccus_erythrurus;Terenotriccus_erythrurus;0;0;0;0;0;0;0;0;0;0;0;0;0;0;0;0;0;1;0;0;0;0;0;1;0;0;0;0;0;0;0;0;0;0;0;0;2;0;0;0;0;0;0;0;1;1;1;0;0;0;1;0;0;0;0;0;0;0;0;0;0;0;0;0;0;0;0;0;0;0;0;0;1;0;0;0;0;0;0;0;0;0;0;0;0;0
Tersina viridis;Tersina_viridis;Tersina_viridis;0;1;0;0;1;3;1;1;0;0;0;0;1;0;0;0;0;2;0;0;0;0;0;3;0;0;0;0;0;0;0;0;0;0;0;0;0;0;0;0;0;0;0;0;0;0;0;0;0;0;0;0;1;0;0;0;0;0;1;0;2;2;3;0;0;0;1;1;0;0;0;0;0;0;0;2;0;1;0;0;0;0;0;2;0;0
Thalurania colombica;Thalurania_colombica;Thalurania_colombica;0;0;0;0;0;0;0;0;0;0;0;0;0;0;0;0;0;0;0;1;1;0;0;0;0;0;0;0;0;0;0;0;0;0;1;0;0;1;0;1;0;0;0;2;0;0;0;0;1;0;0;0;0;1;0;0;0;0;0;0;0;0;0;0;0;0;0;0;2;0;0;0;1;0;0;0;0;0;1;0;2;0;0;1;0;0
Thamnistes anabatinus;Thamnistes_anabatinus;Thamnistes_anabatinus;0;0;0;0;0;0;0;0;0;0;0;0;0;0;0;0;1;0;0;0;1;0;0;0;0;0;0;0;0;0;0;0;0;0;0;0;0;0;0;0;0;0;0;0;0;0;0;0;0;0;0;0;0;0;0;1;0;0;0;0;0;0;0;0;0;0;0;0;0;0;0;0;0;0;0;0;0;0;0;0;0;0;0;0;1;0
Thamnophilus atrinucha;Thamnophilus_atrinucha;Thamnophilus_atrinucha;1;1;4;1;1;3;0;2;1;0;0;0;0;1;0;0;0;2;1;5;5;0;5;5;0;3;0;0;3;0;1;0;0;0;0;0;1;6;1;0;0;0;0;0;0;0;0;0;0;0;5;2;4;0;0;0;1;1;0;2;1;0;0;0;2;1;2;1;8;0;0;0;4;0;3;1;0;2;0;2;6;1;12;1;0;0
Thraupis episcopus;Tangara_episcopus;Thraupis_episcopus;19;7;6;14;4;7;12;0;13;6;0;3;8;10;5;3;1;1;0;4;2;2;0;2;0;0;0;0;1;0;0;0;0;0;0;0;0;0;0;0;0;0;0;0;0;0;0;0;6;1;0;3;1;0;0;0;1;5;3;4;5;9;8;3;4;6;8;11;5;4;0;0;2;0;1;6;3;0;1;2;0;0;0;3;0;1
Thraupis palmarum;Tangara_palmarum;Thraupis_palmarum;10;7;4;4;2;5;9;0;5;4;0;1;12;14;5;4;0;2;0;2;0;0;0;0;1;0;0;0;0;0;0;0;0;0;1;0;0;0;0;0;0;0;0;0;0;0;0;0;2;1;0;3;1;0;0;0;1;1;1;2;1;4;5;3;3;1;7;8;0;1;0;1;1;0;0;3;0;0;0;1;0;0;0;1;0;0
Threnetes ruckeri;Threnetes_ruckeri;Threnetes_ruckeri;0;0;1;0;1;4;0;1;0;0;1;0;0;0;0;1;1;3;1;1;14;3;1;2;1;0;0;0;0;1;0;0;2;0;2;1;1;0;1;1;0;0;0;0;2;1;2;0;1;0;2;0;4;0;0;0;0;1;0;1;0;0;0;0;0;0;0;0;3;0;4;2;3;0;1;0;3;0;2;1;2;1;3;0;0;1
Tiaris obscurus;Asemospiza_obscura;Tiaris_obscurus;0;0;0;1;0;0;0;0;0;1;0;0;0;0;0;0;0;0;0;0;0;0;0;0;0;0;0;0;0;0;0;0;0;0;0;0;0;0;0;0;0;0;0;0;0;0;0;0;0;0;0;0;0;0;0;0;0;0;0;0;0;0;0;0;0;0;1;0;0;0;0;0;0;0;0;0;0;0;0;0;0;0;0;0;0;0
Tiaris olivacea;Tiaris_olivaceus;Tiaris_olivaceus;0;0;1;0;0;0;0;0;0;0;0;0;0;0;0;0;0;0;0;0;0;0;0;0;0;0;0;0;0;0;0;0;0;0;0;0;0;0;0;0;0;0;0;0;0;0;0;0;0;0;0;0;0;0;0;0;0;0;0;0;0;0;0;0;0;0;0;0;0;0;0;0;0;0;0;0;0;0;0;0;0;0;0;0;0;0
Tinamus major;Tinamus_major;Tinamus_major;0;0;0;1;3;1;0;2;1;0;0;0;0;0;0;5;1;7;2;3;1;2;4;6;3;2;1;1;2;0;3;3;7;8;3;4;3;4;11;10;5;0;1;7;5;14;1;0;0;0;1;0;0;0;2;0;0;2;0;5;2;0;0;0;0;0;0;0;3;1;1;2;0;0;0;2;4;5;10;3;5;1;4;3;0;8
Tityra inquisitor;Tityra_inquisitor;Tityra_inquisitor;0;0;0;0;1;0;0;0;0;0;0;0;0;0;0;0;0;0;0;0;0;0;0;0;0;0;0;0;0;0;0;0;0;0;0;0;0;0;0;0;0;0;0;0;0;0;0;0;0;0;0;0;0;0;0;0;0;0;0;0;0;0;0;0;0;0;0;0;0;0;0;0;0;0;0;0;0;0;0;0;0;0;0;0;0;0
Tityra semifasciata;Tityra_semifasciata;Tityra_semifasciata;0;0;3;2;0;0;0;0;0;0;0;0;0;0;0;0;0;0;0;1;0;0;0;0;0;1;0;0;0;0;0;0;0;0;0;0;0;0;0;0;0;0;0;0;0;0;0;0;1;1;0;0;0;0;0;0;0;1;0;0;0;0;1;2;0;1;1;0;0;1;0;0;0;0;0;0;0;0;0;0;0;0;0;0;0;0
Todirostrum cinereum;Todirostrum_cinereum;Todirostrum_cinereum;12;23;1;4;6;3;5;0;13;10;0;8;15;17;11;0;0;1;0;1;0;0;0;0;0;0;0;0;0;0;0;0;0;0;0;0;0;0;0;0;0;0;0;0;0;0;0;0;1;0;1;1;0;0;0;0;0;0;19;2;8;10;4;21;8;9;19;19;0;4;0;0;0;3;0;16;0;1;0;0;0;0;0;4;0;0
Todirostrum nigriceps;Todirostrum_nigriceps;Todirostrum_nigriceps;0;0;2;0;0;1;2;0;0;0;0;0;0;0;0;0;4;1;0;0;0;3;2;1;0;1;0;2;1;0;2;1;0;0;0;0;2;0;0;0;0;0;0;0;0;0;1;0;0;0;2;0;2;2;0;0;0;4;2;1;0;0;0;0;0;0;0;0;0;0;0;1;2;0;1;0;0;3;0;1;0;0;0;1;2;1
Tolmomyias assimilis;Tolmomyias_assimilis;Tolmomyias_assimilis;0;0;0;0;0;0;1;0;1;0;0;0;0;0;0;0;0;0;1;0;0;0;0;0;0;0;0;0;0;0;0;0;0;0;0;0;2;0;0;2;0;0;0;0;0;0;0;0;1;2;1;1;1;0;0;0;2;0;0;0;0;0;0;0;0;0;0;0;0;0;0;0;0;0;0;0;0;0;0;0;4;0;0;1;1;2
Touit dilectissimus;Touit_dilectissimus;Touit_dilectissimus;0;0;0;0;0;0;0;0;0;0;0;0;0;0;1;0;0;0;0;0;0;0;0;0;0;0;0;0;0;0;0;0;0;0;0;0;0;0;0;0;0;0;0;0;0;0;1;0;0;0;1;0;0;0;0;0;0;0;0;0;0;0;0;0;0;0;0;0;0;0;0;0;0;0;0;0;0;0;0;0;0;0;0;0;0;0
Troglodytes aedon;Troglodytes_aedon;Troglodytes_aedon;16;14;0;6;11;7;3;0;3;1;0;8;18;8;19;0;0;0;0;0;0;0;0;0;0;0;0;0;0;0;0;0;0;0;0;0;0;0;0;0;0;0;0;0;0;0;0;0;2;0;0;1;0;0;0;0;0;1;18;3;4;13;11;4;7;3;19;20;0;3;0;0;1;0;0;0;0;0;0;0;0;0;0;2;0;0
Trogon caligatus;Trogon_violaceus;Trogon_caligatus;0;0;2;0;1;5;0;0;0;0;0;0;1;1;0;0;0;0;0;1;0;0;0;0;1;0;0;0;0;1;0;0;0;0;0;0;1;0;0;0;0;0;0;0;0;0;0;0;1;0;0;0;3;0;0;0;1;0;0;2;0;1;1;1;0;0;5;0;0;0;0;0;0;0;0;0;0;1;0;0;3;0;0;0;0;0
Trogon chionurus;Trogon_chionurus;Trogon_chionurus;1;0;2;2;0;1;1;1;0;0;0;0;0;0;0;0;0;0;0;4;0;4;4;2;1;0;0;0;0;0;2;0;0;0;0;0;4;1;1;1;0;0;0;3;3;0;5;0;0;0;1;1;1;1;0;0;2;0;0;0;0;3;0;4;0;5;1;1;0;1;0;0;0;0;1;0;1;4;0;1;0;0;1;0;0;1
Trogon collaris;Trogon_collaris;Trogon_collaris;0;0;2;0;0;0;0;0;0;0;0;0;0;0;0;0;0;0;0;0;0;0;0;0;2;0;0;0;2;0;0;4;2;1;4;6;1;0;0;0;0;0;0;1;0;1;0;0;0;0;0;0;2;0;0;1;0;0;0;0;0;0;0;0;0;0;0;0;0;1;2;3;0;0;0;0;1;0;1;0;0;1;0;0;1;0
Trogon comptus;Trogon_comptus;Trogon_comptus;0;0;0;0;1;2;1;0;0;0;0;0;0;0;0;0;0;1;0;0;0;1;0;1;0;0;0;1;1;2;0;0;0;1;1;0;3;0;0;1;4;0;2;0;3;3;1;0;0;0;1;0;0;0;0;0;0;1;0;0;1;1;0;0;0;0;0;0;0;1;0;5;0;0;0;1;2;0;1;0;0;4;0;0;1;4
Trogon massena;Trogon_massena;Trogon_massena;0;0;0;0;0;0;0;0;0;0;0;0;0;0;0;0;0;0;0;0;0;0;0;0;0;0;0;0;0;0;0;0;0;0;0;0;0;0;2;0;1;0;0;1;0;0;0;0;0;0;0;0;0;0;0;0;0;0;0;0;0;0;0;0;0;0;0;0;0;0;0;0;0;0;0;0;0;0;0;0;0;0;0;0;0;0
Trogon rufus;Trogon_rufus;Trogon_rufus;0;0;2;0;0;0;0;1;0;0;0;0;0;0;0;1;0;1;0;1;0;3;3;2;0;0;0;0;0;3;1;0;0;0;1;0;1;6;0;2;0;0;2;1;1;0;1;0;0;0;0;0;0;4;0;0;0;0;0;3;0;0;0;0;0;0;0;0;0;0;0;0;0;0;2;0;0;0;0;0;0;1;1;0;1;5
Tunchiornis ochraceiceps;Tunchiornis_ochraceiceps;Hylophilus_ochraceiceps;0;0;0;0;0;0;0;0;0;0;0;0;0;0;0;0;1;2;0;0;0;0;0;1;1;0;0;0;0;0;0;2;1;1;1;0;3;3;0;2;5;0;1;0;2;0;2;0;0;0;0;1;0;0;0;0;0;0;0;0;0;0;0;0;0;0;0;0;0;0;1;1;0;0;0;0;2;2;0;0;0;0;0;0;0;0
Turdus assimilis;Turdus_assimilis;Turdus_assimilis;0;0;0;0;0;0;0;0;0;0;0;0;0;0;0;0;0;0;0;0;0;0;0;1;0;0;0;0;0;0;0;1;1;0;0;2;1;0;0;1;1;0;0;2;2;1;0;0;0;0;0;0;0;0;0;0;0;0;0;0;0;0;0;0;0;0;0;0;0;0;0;0;0;0;0;1;0;0;0;0;0;0;0;0;1;0
Turdus maculirostris;Turdus_maculirostris;Turdus_maculirostris;7;2;2;2;1;3;5;1;3;4;0;2;8;5;4;3;0;0;0;1;0;0;0;0;0;0;0;0;1;0;0;0;0;0;0;0;0;0;0;0;0;0;0;0;1;0;0;0;8;2;2;1;8;0;0;0;2;0;4;1;1;1;1;2;1;6;4;10;2;0;0;0;3;0;1;0;0;0;0;3;1;0;0;0;1;0
Turdus obsoletus;Turdus_obsoletus;Turdus_obsoletus;0;0;0;0;0;0;0;0;0;0;0;0;0;0;0;0;0;0;0;1;0;0;0;0;0;0;0;0;0;0;0;0;0;0;0;0;0;0;0;0;0;0;0;0;0;0;0;0;1;0;0;0;3;0;0;0;1;0;0;0;1;0;0;0;0;0;0;0;0;0;0;0;0;0;0;0;0;0;0;0;0;0;0;0;0;0
Tyrannulus elatus;Tyrannulus_elatus;Tyrannulus_elatus;23;12;13;15;5;10;5;0;22;5;6;7;12;7;4;0;0;8;0;16;2;11;3;1;0;0;0;0;0;1;6;0;0;0;0;0;0;1;1;0;0;0;0;0;0;0;1;0;0;0;0;0;0;0;0;0;0;0;26;3;10;3;22;8;7;21;14;7;14;2;0;0;6;4;7;4;2;10;0;4;1;0;0;2;0;0
Tyrannus melancholicus;Tyrannus_melancholicus;Tyrannus_melancholicus;8;7;0;5;7;2;13;0;1;4;2;9;13;19;14;0;0;1;0;0;0;1;0;0;0;0;0;0;0;0;1;0;0;0;0;0;0;0;0;0;0;0;0;0;0;0;0;0;4;2;1;2;0;0;0;0;2;2;9;1;5;0;3;8;8;7;26;23;2;7;0;1;1;1;0;1;0;0;0;1;0;0;0;2;0;0
Tyrannus niveigularis;Tyrannus_niveigularis;Tyrannus_niveigularis;0;0;0;5;0;0;4;0;0;0;0;2;1;3;0;0;0;0;0;0;0;0;0;0;0;0;0;0;0;0;0;0;0;0;1;0;0;0;0;0;0;0;0;0;0;0;0;0;0;0;0;0;0;0;0;0;0;0;0;0;1;0;0;0;0;3;0;1;0;0;0;0;0;0;0;0;0;0;0;0;0;0;0;0;0;0
Vanellus chilensis;Vanellus_chilensis;Vanellus_chilensis;0;0;0;0;0;0;0;0;0;0;0;0;1;0;1;0;0;0;0;0;0;0;0;0;0;0;0;0;0;0;0;0;0;0;0;0;0;0;0;0;0;0;0;0;0;0;0;0;0;0;0;0;0;0;0;0;0;0;0;0;0;0;0;0;0;0;0;4;0;0;0;0;0;0;0;0;0;0;0;0;0;0;0;0;0;0
Veniliornis callonotus;Veniliornis_callonotus;Veniliornis_callonotus;0;2;0;0;0;0;0;0;0;0;0;0;0;0;0;0;0;0;0;0;0;0;0;0;0;0;0;0;0;0;0;0;0;0;0;0;0;0;0;0;0;0;0;0;0;0;0;0;0;0;0;0;0;0;0;0;0;0;1;0;0;0;0;0;0;0;0;0;0;0;0;0;0;0;0;0;0;0;0;0;0;0;0;1;0;0
Veniliornis kirkii;Veniliornis_kirkii;Veniliornis_kirkii;0;1;0;0;0;2;3;0;3;0;0;0;0;0;0;0;0;0;0;1;0;0;0;0;0;0;0;0;0;0;0;0;0;0;0;0;0;0;0;0;0;0;0;0;0;0;3;0;1;0;1;0;0;0;0;0;0;0;0;2;2;1;4;0;0;0;0;0;0;0;1;0;1;0;0;0;0;0;0;0;0;0;0;0;1;0
Vireo olivaceus;Vireo_olivaceus;Vireo_olivaceus;0;0;0;0;0;1;1;0;0;0;0;0;1;0;0;0;0;0;0;0;0;0;0;0;0;0;0;0;0;0;0;0;0;0;0;0;0;0;0;0;0;0;0;0;0;0;0;0;2;0;0;0;0;0;0;1;0;0;0;0;0;0;0;1;1;3;1;1;0;0;0;0;1;0;0;0;1;0;0;1;0;0;0;1;0;0
Vireolanius leucotis;Vireolanius_leucotis;Vireolanius_leucotis;0;0;1;0;2;0;0;0;0;0;0;0;0;0;0;1;0;0;0;0;0;0;0;1;1;1;0;0;2;2;0;5;0;6;0;0;1;0;1;0;0;0;0;1;0;0;0;0;1;0;0;0;0;1;0;0;0;1;0;0;1;0;0;0;0;0;0;0;0;1;0;3;0;0;0;0;2;1;1;0;5;0;0;1;0;2
Volatinia jacarina;Volatinia_jacarina;Volatinia_jacarina;20;5;0;7;2;0;2;0;0;0;0;0;9;0;3;0;0;0;0;0;0;0;0;0;0;0;0;0;0;0;0;0;0;0;0;0;0;0;0;0;0;0;0;0;0;0;0;0;1;0;0;0;0;0;0;0;0;0;0;1;0;11;0;4;2;1;1;5;0;0;0;0;0;0;0;0;0;0;0;0;0;0;0;1;0;0
Xenerpestes minlosi;Xenerpestes_minlosi;Xenerpestes_minlosi;0;0;0;0;0;0;0;0;0;0;0;0;0;0;0;0;0;0;0;0;0;0;0;0;0;0;0;0;0;0;0;0;0;0;0;1;0;0;0;0;0;0;0;0;0;0;0;0;0;0;0;0;0;0;0;0;0;0;0;0;0;0;0;0;0;0;0;0;0;0;0;0;0;0;0;0;0;0;0;0;1;0;0;0;0;0
Xenops minutus;Xenops_minutus;Xenops_minutus;0;0;0;0;0;1;0;0;0;0;0;0;0;0;0;0;0;0;0;1;0;1;3;0;0;0;0;0;0;0;1;0;0;0;1;0;1;0;0;0;0;0;0;0;0;1;1;0;1;0;1;0;1;1;0;0;0;0;0;0;0;0;0;0;0;0;0;0;0;0;1;0;0;0;1;0;0;0;0;1;2;0;0;1;1;0
Xenops rutilans;Xenops_rutilus;Xenops_rutilans;0;0;0;0;0;0;0;0;0;0;0;0;0;0;0;0;0;0;0;4;0;1;1;0;0;0;0;0;0;0;0;0;0;0;0;0;1;1;0;1;0;0;1;0;0;0;2;0;1;0;1;0;2;0;1;0;0;0;0;0;0;1;0;0;0;0;0;0;0;0;0;0;0;0;0;0;0;0;0;0;0;0;1;0;0;0
Xiphorhynchus erythropygius;Xiphorhynchus_erythropygius;Xiphorhynchus_erythropygius;0;0;1;1;0;0;0;1;0;0;0;0;0;0;1;0;1;1;6;1;0;2;1;0;2;0;0;0;0;2;0;1;0;0;3;0;3;1;1;2;0;1;7;1;1;0;2;0;0;0;1;0;1;0;1;0;0;0;0;0;0;1;0;0;0;0;0;0;0;0;2;0;0;0;0;1;1;1;0;0;0;2;0;0;6;2
Xiphorhynchus lachrymosus;Xiphorhynchus_lachrymosus;Xiphorhynchus_lachrymosus;0;1;6;0;0;3;0;0;0;0;0;0;0;0;0;0;0;4;0;1;2;0;6;0;3;0;3;0;1;0;9;0;0;0;1;2;6;2;9;2;5;0;1;2;4;5;6;0;0;0;2;6;0;2;0;0;0;0;1;0;1;1;4;0;0;2;8;0;1;0;1;0;0;0;2;0;2;7;1;0;0;0;1;2;0;1
Zimmerius albigularis;Zimmerius_albigularis;Zimmerius_albigularis;1;0;6;0;5;5;1;4;3;6;1;3;0;9;3;1;4;4;5;5;5;6;5;5;5;11;5;0;0;1;1;10;0;3;10;1;6;2;2;0;10;0;2;3;0;1;9;0;0;3;1;1;2;0;3;0;3;7;4;7;3;4;2;4;2;13;3;0;1;2;10;4;6;4;9;0;1;1;1;1;5;11;1;4;0;4
Zimmerius chrysops;Zimmerius_chrysops;Zimmerius_chrysops;0;0;0;0;0;0;0;0;0;0;0;0;0;0;0;0;0;1;0;0;0;0;0;0;0;0;0;0;0;0;0;0;0;0;0;0;0;0;0;0;0;0;0;0;0;0;0;0;0;0;0;0;0;0;0;0;0;0;0;1;1;0;0;0;0;0;0;0;0;0;0;0;0;0;0;0;0;0;0;0;0;0;0;0;0;0
Zonotrichia capensis;Zonotrichia_capensis;Zonotrichia_capensis;0;0;0;0;0;0;0;0;0;0;0;0;0;0;0;0;0;0;0;0;0;0;0;0;0;0;0;0;0;0;0;0;0;0;0;0;0;0;0;0;0;0;0;0;0;0;0;0;0;0;0;0;0;0;0;0;0;0;1;0;0;0;0;0;0;0;0;0;0;0;0;0;0;0;0;0;0;0;0;0;0;0;0;0;0;0
