Avonet_Latin;Name Phylogeny Latin;Family1;Order1;AvibaseID1;Totalindividuals;Female;Male;Unknown;Completemeasures;BeakLength_Culmen;BeakLength_Nares;BeakWidth;BeakDepth;TarsusLength;WingLength;KippsDistance;Secondary1;Hand-WingIndex;TailLength;Mass;MassSource;MassRefsOther;Inference;Traitsinferred;Referencespecies;Habitat;HabitatDensity;Migration;TrophicLevel;TrophicNiche;PrimaryLifestyle;MinLatitude;MaxLatitude;CentroidLatitude;CentroidLongitude;RangeSize
Aburria_aburri;Aburria_aburri;Cracidae;Galliformes;AVIBASE-50A42775;12;6;6;0;4;37,1;16,6;9,3;10,2;65,8;337,2;52,5;283,1;15,7;290,4;1405,1;Dunning;NA;NO;NA;NA;Forest;1;1;Herbivore;Frugivore;Insessorial;-13,43;11,15;-2,79;-75,23;139314,36
Accipiter_bicolor;Accipiter_bicolor;Accipitridae;Accipitriformes;AVIBASE-ADBE44E1;11;4;5;2;8;25;13,7;8,6;12,7;58,1;229,6;56,6;174,8;24,6;186,3;287,5;Dunning;NA;NO;NA;NA;Woodland;2;2;Carnivore;Vertivore;Generalist;-55,72;23,73;-10,1;-59,96;14309701,27
Amazilia_amabilis;Amazilia_amabilis;Trochilidae;Caprimulgiformes;AVIBASE-98B261C6;22;3;14;5;6;21,3;16,4;2;1,9;4,3;52,3;32,8;18,3;64,2;29,2;4,3;Dunning;NA;NO;NA;NA;Forest;2;1;Herbivore;Nectarivore;Aerial;-3,98;14,18;6,51;-78,67;298612,12
Amazilia_franciae;Amazilia_franciae;Trochilidae;Caprimulgiformes;AVIBASE-3FFAFC07;39;3;35;1;4;24,9;20,4;2,6;2;5,8;53,4;33,1;21,1;60,9;33,9;5,0;Dunning;NA;NO;NA;NA;Forest;1;1;Herbivore;Nectarivore;Aerial;-9,28;7,63;-0,39;-77,06;247257,85
Amazilia_julie;Damophila_julie;Trochilidae;Caprimulgiformes;AVIBASE-F730C44E;7;2;4;1;5;16;12,1;1,2;1,6;4,1;43,1;13;30,0;30,4;26;3,3;Dunning;NA;NO;NA;NA;Forest;1;1;Herbivore;Nectarivore;Aerial;-4,06;11,31;6,13;-76,33;289656,61
Amazilia_rosenbergi;Amazilia_rosenbergi;Trochilidae;Caprimulgiformes;AVIBASE-2F2D76A4;5;1;4;0;3;23,9;19,2;2,2;2;6,2;52,8;33,6;18,6;64,5;30;3,7;Dunning;NA;NO;NA;NA;Forest;1;1;Herbivore;Nectarivore;Aerial;0,13;6,81;3,74;-77,49;67269,18
Amazilia_tzacatl;Amazilia_tzacatl;Trochilidae;Caprimulgiformes;AVIBASE-7739D5A5;106;4;33;69;4;21,9;18,9;3,1;2,4;5,7;56,4;34,4;21,3;61,7;34,2;4,8;Dunning;NA;NO;NA;NA;Forest;1;1;Herbivore;Nectarivore;Aerial;-4,19;19,92;10,7;-81,8;1019992,01
Amazona_autumnalis;Amazona_autumnalis;Psittacidae;Psittaciformes;AVIBASE-56EC9CA9;7;2;2;3;4;39,1;30,1;16,4;29,6;22,1;201,7;62,6;139,0;31;117,4;416,0;Dunning;NA;NO;NA;NA;Forest;2;1;Herbivore;Frugivore;Insessorial;-0,59;23,83;12,93;-84,94;902004,22
Amazona_farinosa;Amazona_farinosa;Psittacidae;Psittaciformes;AVIBASE-77721E6B;11;4;5;2;6;42,3;35,6;20,5;35,4;26,6;244,9;68,7;177,2;27,9;135;626,0;Dunning;NA;NO;NA;NA;Forest;1;1;Herbivore;Omnivore;Insessorial;-25,28;12,46;-3,6;-63,4;6793599,57
Amblycercus_holosericeus;Amblycercus_holosericeus;Icteridae;Passeriformes;AVIBASE-8DAADD7F;27;4;10;13;9;30,3;21,3;7;9,8;31,5;94,6;9,7;82,4;10,6;97,5;70,4;Dunning;NA;NO;NA;NA;Forest;1;1;Carnivore;Invertivore;Insessorial;-18,35;23,75;9,78;-84,39;1152587,02
Ampelioides_tschudii;Ampelioides_tschudii;Cotingidae;Passeriformes;AVIBASE-4D9E317C;11;4;7;0;4;22,6;10,8;7,1;6,2;20,8;100,5;23,9;76,2;23,9;65,5;78,4;Dunning;NA;NO;NA;NA;Forest;1;1;Omnivore;Frugivore;Insessorial;-15,8;10,79;-4,88;-74,95;201035,43
Anabacerthia_variegaticeps;Anabacerthia_variegaticeps;Furnariidae;Passeriformes;AVIBASE-C9861D7F;12;1;9;2;4;17;10,9;3,6;5,1;19,4;85,2;15,6;69,2;18,4;70,6;27,8;Dunning;NA;NO;NA;NA;Forest;1;1;Carnivore;Invertivore;Insessorial;-4,1;18,71;11,78;-87,48;215334,52
Androdon_aequatorialis;Androdon_aequatorialis;Trochilidae;Caprimulgiformes;AVIBASE-E82816C6;5;3;2;0;4;39,9;35,5;3,1;3,2;5,7;68;40,9;26,1;61,1;41,4;7,3;Dunning;NA;NO;NA;NA;Forest;1;1;Herbivore;Nectarivore;Aerial;-0,26;8,31;4,5;-77,3;113195,04
Anthracothorax_nigricollis;Anthracothorax_nigricollis;Trochilidae;Caprimulgiformes;AVIBASE-BC459FEC;27;10;13;4;6;25,7;20,8;2,4;2,4;4,5;66,3;41,2;23,0;64,1;37,2;7,0;Dunning;NA;NO;NA;NA;Shrubland;2;1;Herbivore;Nectarivore;Aerial;-32,17;12,46;-9,16;-59,03;9808667,81
Ara_ambiguus;Ara_ambiguus;Psittacidae;Psittaciformes;AVIBASE-8C233878;5;1;3;1;4;75;71,3;32,3;74;37;400;157,6;243,9;39,2;445,2;1300,0;Dunning;NA;NO;NA;NA;Forest;1;1;Herbivore;Granivore;Insessorial;-2,23;15,83;8,44;-79,83;108291,56
Ara_severus;Ara_severus;Psittacidae;Psittaciformes;AVIBASE-25BE1729;15;4;7;4;8;39,7;36,1;20,5;36,9;20,7;239,4;86,3;153,3;35,9;242,6;343,0;Dunning;NA;NO;NA;NA;Forest;1;1;Herbivore;Omnivore;Insessorial;-17,01;10,99;-4,21;-64,83;5824492,61
Aramides_wolfi;Aramides_wolfi;Rallidae;Gruiformes;AVIBASE-56FEE337;6;2;1;3;6;54;28,2;5;10,9;72,7;164,8;19,5;145,3;11,8;49,5;454,0;Dunning;NA;NO;NA;NA;Woodland;1;1;Omnivore;Omnivore;Terrestrial;-3,77;6,28;1,29;-78,58;119660,54
Arremon_aurantiirostris;Arremon_aurantiirostris;Passerellidae;Passeriformes;AVIBASE-DDB56D82;33;6;22;5;9;16;10,9;6,6;8,5;25,5;72,7;8,3;65,1;11,3;66,4;34,5;Dunning;NA;NO;NA;NA;Forest;1;1;Herbivore;Omnivore;Insessorial;-9,41;18,08;6,04;-81,21;693974,17
Arremonops_conirostris;Arremonops_conirostris;Passerellidae;Passeriformes;AVIBASE-BF9F34F5;20;7;11;2;8;18;11,7;6,2;8,5;28,1;73,7;6,3;70,1;8,2;67,6;35,9;Dunning;NA;NO;NA;NA;Forest;2;1;Omnivore;Omnivore;Terrestrial;-4,15;15,59;7,33;-71,38;1132799,46
Asemospiza_obscura;Tiaris_obscurus;Thraupidae;Passeriformes;AVIBASE-E83C7E46;11;2;5;4;4;10,4;5,4;4,8;5,8;17,3;52,4;7,9;46,0;14,7;42,3;11,2;Dunning;NA;NO;NA;NA;Shrubland;2;2;Herbivore;Granivore;Terrestrial;-25,74;11,69;-6,35;-72,97;1000344,6
Atticora_tibialis;Neochelidon_tibialis;Hirundinidae;Passeriformes;AVIBASE-40A08189;5;2;2;1;4;7,4;3,9;3,4;2,4;9,7;88,2;38;49,5;43,1;53;10,6;Dunning;NA;NO;NA;NA;Forest;1;1;Carnivore;Invertivore;Aerial;-24,71;9,64;-4,64;-64,67;4182240,09
Attila_spadiceus;Attila_spadiceus;Tyrannidae;Passeriformes;AVIBASE-BA09A296;27;9;9;9;9;22,3;15,8;7,3;6,5;24,9;85,6;12,3;70,9;14,8;67,8;39,1;Dunning;NA;NO;NA;NA;Forest;1;1;Carnivore;Invertivore;Insessorial;-23,01;27,05;-1,44;-65,43;8099963,72
Attila_torridus;Attila_torridus;Tyrannidae;Passeriformes;AVIBASE-2896E1DB;4;0;2;2;4;26,9;17,6;7,7;6,5;25,3;93,5;16,1;77,3;17,2;76,8;46,0;Dunning;NA;NO;NA;NA;Forest;1;1;Omnivore;Invertivore;Insessorial;-4,14;1,19;-1,67;-79,65;5579,78
Aulacorhynchus_haematopygus;Aulacorhynchus_haematopygus;Ramphastidae;Piciformes;AVIBASE-23DB8356;13;4;5;4;5;94;88,3;22,8;28,2;35,7;134,5;20,7;117,7;15;155;194,4;Dunning;NA;NO;NA;NA;Forest;1;1;Herbivore;Frugivore;Insessorial;-4,54;10,82;3,35;-76;179236,71
Automolus_ochrolaemus;Automolus_ochrolaemus;Furnariidae;Passeriformes;AVIBASE-C1DCEE2E;47;8;17;22;15;22,7;15;4,8;6,4;23,5;87,1;15,1;72,0;17,4;74,8;40,2;Dunning;NA;NO;NA;NA;Forest;1;1;Carnivore;Invertivore;Insessorial;-17,68;18,88;-2,68;-65,48;6428902,26
Automolus_subulatus;Hyloctistes_subulatus;Furnariidae;Passeriformes;AVIBASE-E9BB1550;25;1;17;7;4;25,4;15,6;4,5;5,7;20;79,6;16;65,0;20,1;68,3;28,8;Dunning;NA;NO;NA;NA;Forest;1;1;Carnivore;Invertivore;Insessorial;-16,11;7,66;-4,61;-67,66;3284717,79
Bangsia_flavovirens;Chlorospingus_flavovirens;Thraupidae;Passeriformes;AVIBASE-0D919D11;4;1;2;1;4;14,7;8,7;5,3;6,9;20,4;78,2;17,6;60,6;22,5;57,5;25,0;Dunning;NA;NO;NA;NA;Forest;1;1;Herbivore;Frugivore;Insessorial;0,02;3,63;1,54;-78,06;735,84
Baryphthengus_martii;Baryphthengus_martii;Momotidae;Coraciiformes;AVIBASE-435AB47D;22;10;5;7;7;49,3;33,5;11,7;14;32,6;150,7;24,3;126,6;16,1;250,8;165,0;Dunning;NA;NO;NA;NA;Forest;1;1;Carnivore;Omnivore;Insessorial;-18,13;15,3;-6,17;-68,88;3234290,46
Bubulcus_ibis;Bubulcus_ibis;Ardeidae;Pelecaniformes;AVIBASE-6CCDAC53;14;7;7;0;10;63,3;43,5;8,6;11,5;76,8;244,4;73;171,2;29,9;90,9;366,0;Dunning;NA;NO;NA;NA;Human Modified;3;2;Carnivore;Omnivore;Terrestrial;-55,98;58,29;5,1;-2,69;62451101,72
Buteo_brachyurus;Buteo_brachyurus;Accipitridae;Accipitriformes;AVIBASE-81463CC0;5;1;4;0;4;31,1;17;10,4;14,9;53,8;307,6;90;213,3;29,7;171;496,0;Dunning;NA;NO;NA;NA;Forest;1;1;Carnivore;Vertivore;Aerial;-30,69;29,85;-5,09;-62,04;14372802,04
Buteo_nitidus;Buteo_nitidus;Accipitridae;Accipitriformes;AVIBASE-4ECE179D;10;3;7;0;2;30,3;18,5;11,2;15,3;64,6;247,3;71,9;189,5;27,5;170,6;519,0;Dunning;NA;NO;NA;NA;Forest;1;1;Carnivore;Vertivore;Insessorial;-27,61;12,46;-6,6;-57,82;10412658,23
Cacicus_cela;Cacicus_cela;Icteridae;Passeriformes;AVIBASE-5EFA0D83;12;4;7;1;4;33,7;24;7,9;11,8;29,8;145,3;39,5;104,1;27,2;97,8;85,5;Dunning;NA;NO;NA;NA;Forest;1;1;Omnivore;Omnivore;Insessorial;-19,67;12,46;-4,5;-61,25;8569297,31
Cacicus_uropygialis;Cacicus_uropygialis;Icteridae;Passeriformes;AVIBASE-BD9FCAA1;14;5;4;5;7;31,3;19,7;7,5;9,5;30,6;140,2;31,8;107,5;23;111,8;61,2;Dunning;NA;NO;NA;NA;Forest;1;1;Omnivore;Invertivore;Insessorial;-12,93;11,12;-1,55;-75,96;137670,6
Campephilus_gayaquilensis;Campephilus_gayaquilensis;Picidae;Piciformes;AVIBASE-D0DF9B45;4;3;1;0;4;46,3;35,2;12,3;12,1;32,2;178,2;39,1;139,1;22;122,2;241,2;Dunning;NA;NO;NA;NA;Woodland;1;1;Carnivore;Invertivore;Insessorial;-7,1;2,7;-1,82;-79,66;125111,24
Campephilus_haematogaster;Campephilus_haematogaster;Picidae;Piciformes;AVIBASE-C38B9F80;5;2;3;0;4;46,7;35,6;11,9;12,4;36,1;182,2;24,2;155,3;13,5;117,6;237,0;Dunning;NA;NO;NA;NA;Forest;1;1;Carnivore;Invertivore;Insessorial;-13,73;6,58;-6,22;-75,68;305393,43
Camptostoma_obsoletum;Camptostoma_obsoletum;Tyrannidae;Passeriformes;AVIBASE-FE36D76B;37;10;16;11;15;9,8;5,8;3,2;3,1;13,9;52,3;8,7;43,6;16,5;40,9;8,1;Dunning;NA;NO;NA;NA;Shrubland;2;1;Carnivore;Invertivore;Insessorial;-34,98;12,46;-9,88;-58,73;14428561,74
Campylorhamphus_pusillus;Campylorhamphus_pusillus;Furnariidae;Passeriformes;AVIBASE-D285B68F;15;4;8;3;4;55;49,2;4,2;5,7;20,8;95,6;15,5;80,0;16,2;95;40,5;Dunning;NA;NO;NA;NA;Forest;1;1;Carnivore;Invertivore;Insessorial;-6,95;10,86;2,28;-78,21;177568,93
Campylorhamphus_trochilirostris;Campylorhamphus_trochilirostris;Furnariidae;Passeriformes;AVIBASE-D5961A8E;42;8;27;7;10;60,7;56;4,4;5,5;21,5;98,5;14,9;84,6;15,1;91,9;40,8;Dunning;NA;NO;NA;NA;Forest;1;1;Carnivore;Invertivore;Insessorial;-30,72;12,46;-10,07;-58,92;7392722,43
Campylorhynchus_zonatus;Campylorhynchus_zonatus;Troglodytidae;Passeriformes;AVIBASE-DA03B16F;5;2;3;0;4;24;14,4;3,9;4,6;25,1;78,4;9,7;67,3;12,6;82;34,6;Dunning;NA;NO;NA;NA;Forest;1;1;Carnivore;Invertivore;Insessorial;-0,91;21,15;13,05;-85,8;552668,86
Cantorchilus_leucopogon;Thryothorus_leucopogon;Troglodytidae;Passeriformes;AVIBASE-6CD673F3;8;2;6;0;3;18;11,8;3,8;3,8;19,2;54,9;6,2;47,5;11,5;40;19,1;EltonTraits_GenAvg;NA;NO;NA;NA;Forest;2;1;Carnivore;Invertivore;Insessorial;-2,74;9,46;4,89;-77,44;140102,27
Cantorchilus_nigricapillus;Thryothorus_nigricapillus;Troglodytidae;Passeriformes;AVIBASE-8F45CD3F;38;15;17;6;4;19,2;12,8;4,2;4,3;24,9;65,8;6,3;58,2;9,8;54,3;23,9;Dunning;NA;NO;NA;NA;Forest;1;1;Carnivore;Invertivore;Insessorial;-3,77;14,71;6,28;-78,95;300564,01
Capito_squamatus;Capito_squamatus;Capitonidae;Piciformes;AVIBASE-5A6490E2;4;1;2;1;4;22,9;16,2;8,3;10,4;22,4;81,9;15,8;66,0;19,4;56,8;59,3;Dunning;NA;NO;NA;NA;Forest;1;1;Herbivore;Frugivore;Insessorial;-3,58;2,06;-0,2;-79,21;63414,19
Capsiempis_flaveola;Capsiempis_flaveola;Tyrannidae;Passeriformes;AVIBASE-C4D2BEC1;13;5;6;2;4;10,8;6,3;4;3,1;16;49;6,1;41,0;12,9;48,5;7,7;Dunning;NA;NO;NA;NA;Forest;1;1;Carnivore;Invertivore;Insessorial;-28,14;12,46;-5,98;-57,99;5724076,64
Cardellina_canadensis;Wilsonia_canadensis;Parulidae;Passeriformes;AVIBASE-F2D675AF;51;15;24;12;4;13;7,2;4;3,6;19,2;62,5;16,5;47,3;25,9;52,7;10,0;Dunning;NA;NO;NA;NA;Forest;1;3;Carnivore;Invertivore;Insessorial;34,65;60,45;49,78;-87,55;2768373,43
Catharus_ustulatus;Catharus_ustulatus;Turdidae;Passeriformes;AVIBASE-AC269ED8;31;5;5;21;6;16,6;9,5;4,4;4,1;29,6;96,8;29,7;67,2;30,6;67,1;30,3;Dunning;NA;NO;NA;NA;Forest;1;3;Omnivore;Invertivore;Insessorial;32,94;59,64;49,34;-125,97;489246,29
Celeus_loricatus;Celeus_loricatus;Picidae;Piciformes;AVIBASE-9556A2DB;9;5;4;0;5;24,4;17,1;7;6,6;20,3;118,8;28,3;91,4;23,7;69,6;76,6;Dunning;NA;NO;NA;NA;Forest;1;1;Carnivore;Invertivore;Insessorial;-2,66;11,48;6,51;-77,17;297945,59
Cephalopterus_penduliger;Cephalopterus_penduliger;Cotingidae;Passeriformes;AVIBASE-7171CA71;5;2;3;0;4;39,9;33,3;18,4;17,2;45,2;249,6;35,4;211,6;14,4;138,6;338,0;Dunning;NA;NO;NA;NA;Forest;1;1;Herbivore;Frugivore;Insessorial;-3,66;4,05;0,72;-78,83;69374,2
Ceratopipra_mentalis;Pipra_mentalis;Pipridae;Passeriformes;AVIBASE-AB0B75D8;8;3;5;0;4;12,1;6,7;4,4;4;14,7;58,5;9,8;49,2;16,5;28;15,0;Dunning;NA;NO;NA;NA;Forest;1;1;Herbivore;Frugivore;Insessorial;-4,14;21,35;12,96;-86,21;558740,47
Cercomacroides_tyrannina;Cercomacra_tyrannina;Thamnophilidae;Passeriformes;AVIBASE-7064BD02;39;12;27;0;10;18,2;10,6;4,9;4,5;22,4;62,7;5,6;56,0;9,3;60,4;16,3;Dunning;NA;NO;NA;NA;Forest;1;1;Carnivore;Invertivore;Insessorial;-4,02;18,52;4,18;-66,68;3170819,2
Chaetura_cinereiventris;Chaetura_cinereiventris;Apodidae;Caprimulgiformes;AVIBASE-0F898234;5;0;0;5;4;8,1;2,9;3;2,2;10,8;104,4;70,1;34,4;67;41,4;13,9;Dunning;NA;NO;NA;NA;Forest;1;1;Carnivore;Invertivore;Aerial;-30,16;15,93;-6,25;-64,38;6102705,51
Chaetura_spinicaudus;Chaetura_spinicaudus;Apodidae;Caprimulgiformes;AVIBASE-AEFB8157;9;4;4;1;8;7,9;3,5;3,1;2,1;10,3;103,7;67,1;36,3;64,9;40,7;15,7;Dunning;NA;NO;NA;NA;Forest;1;1;Carnivore;Invertivore;Aerial;-10,45;11,36;1,2;-60;3138608,09
Chlorophanes_spiza;Chlorophanes_spiza;Thraupidae;Passeriformes;AVIBASE-64E4030B;39;15;23;1;5;15,9;11,4;4,5;4,6;18,9;68,3;16,7;50,9;24,7;48,2;19,0;Dunning;NA;NO;NA;NA;Forest;1;1;Herbivore;Frugivore;Insessorial;-29,45;18,56;-3,78;-63;7921066,07
Chlorophonia_flavirostris;Chlorophonia_flavirostris;Fringillidae;Passeriformes;AVIBASE-C6D30C38;4;2;2;0;3;8,6;4,9;4,5;4,1;13,9;57,2;15,9;41,4;27,8;28,5;11,0;Dunning;NA;NO;NA;NA;Forest;1;2;Herbivore;Frugivore;Insessorial;-0,26;8,03;2,95;-77,32;21348,22
Chlorospingus_canigularis;Chlorospingus_canigularis;Passerellidae;Passeriformes;AVIBASE-C6F07B0B;11;6;4;1;5;14,5;7,7;4,1;5,1;18,9;69,2;13,9;56,5;19,8;55,6;18,0;Dunning;NA;NO;NA;NA;Forest;1;1;Omnivore;Frugivore;Insessorial;-13,27;10,36;-1,81;-76,05;165238,27
Chlorospingus_flavigularis;Chlorospingus_flavigularis;Passerellidae;Passeriformes;AVIBASE-111F1E7D;11;2;3;6;9;16,5;9,3;5,1;6,1;21,3;79,3;14,1;65,2;17,8;61,6;25,6;Dunning;NA;NO;NA;NA;Forest;1;1;Herbivore;Frugivore;Insessorial;-13,86;8,35;-4,38;-76,2;200407,23
Chondrohierax_uncinatus;Chondrohierax_uncinatus;Accipitridae;Accipitriformes;AVIBASE-DCB3560C;7;3;3;1;4;36,2;27;12,4;18,4;33,6;285,3;59,8;224,2;21;197,6;286,1;Dunning;NA;NO;NA;NA;Forest;2;2;Carnivore;Invertivore;Insessorial;-27,24;26,3;-2,71;-64,2;9787616,08
Chrysocorypha_delatrii;Tachyphonus_delatrii;Thraupidae;Passeriformes;AVIBASE-D145C517;16;8;8;0;4;15,2;9,8;4,9;5,9;19,2;71,4;11;59,2;15,6;58,1;18,0;Dunning;NA;NO;NA;NA;Forest;1;1;Omnivore;Invertivore;Insessorial;-2,24;15,81;7,16;-79,39;196748,24
Chrysothlypis_salmoni;Chrysothlypis_salmoni;Thraupidae;Passeriformes;AVIBASE-D11A3B3E;5;1;4;0;5;14,7;9,6;3,9;4,5;16,1;63,4;11,2;52,2;17,5;45,8;12,5;Dunning;NA;NO;NA;NA;Human Modified;1;1;Omnivore;Frugivore;Insessorial;-0,02;7,68;4,53;-77,14;75321,25
Ciccaba_nigrolineata;Strix_nigrolineata;Strigidae;Strigiformes;AVIBASE-557C100E;4;0;1;3;4;36,6;18,4;9;16;47,4;255;72,4;182,6;28,5;165,2;457,9;Dunning;NA;NO;NA;NA;Forest;1;1;Carnivore;Invertivore;Insessorial;-4,74;21,45;11,59;-82,88;991396,19
Ciccaba_virgata;Strix_virgata;Strigidae;Strigiformes;AVIBASE-192FC14D;5;2;0;3;4;33;17,2;9;16,1;40,6;240,6;50,3;190,3;20,8;149,1;284,0;Dunning;NA;NO;NA;NA;Forest;2;1;Carnivore;Vertivore;Insessorial;-30,13;28,88;-2,47;-64,89;10135669,69
Claravis_pretiosa;Claravis_pretiosa;Columbidae;Columbiformes;AVIBASE-C4C9F313;13;5;7;1;8;16,6;9,8;3,2;3,6;16,3;110,8;29,5;81,4;26,7;76,1;68,2;Dunning;NA;NO;NA;NA;Forest;1;2;Herbivore;Granivore;Generalist;-28,02;23,8;-6,4;-59,59;12977823,95
Clibanornis_rubiginosus;Automolus_rubiginosus;Furnariidae;Passeriformes;AVIBASE-B8BC2370;57;14;37;6;5;26,4;16,4;4,7;6,8;25,4;85,8;9,4;76,6;10,9;76,8;39,8;Dunning;NA;NO;NA;NA;Forest;1;1;Carnivore;Invertivore;Insessorial;-14,88;21,53;0,18;-68,68;2137031,2
Cnipodectes_subbrunneus;Cnipodectes_subbrunneus;Tyrannidae;Passeriformes;AVIBASE-8D786D76;6;0;1;5;3;16,8;11,1;6,5;5;18,9;85,4;13,7;76,3;14,9;75,2;23,2;Dunning;NA;NO;NA;NA;Forest;1;1;Carnivore;Invertivore;Insessorial;-11,52;9,62;-3,33;-70,79;1950473,59
Coereba_flaveola;Coereba_flaveola;Thraupidae;Passeriformes;AVIBASE-B78F2D6F;111;17;34;60;12;13,2;9,9;3,6;3,9;16,9;54,6;11;45,9;19,2;34,1;10,0;Dunning;NA;NO;NA;NA;Shrubland;2;1;Herbivore;Nectarivore;Insessorial;-33,01;27,23;-6,67;-60,02;10806908,19
Colaptes_rubiginosus;Colaptes_rubiginosus;Picidae;Piciformes;AVIBASE-2257DD17;21;11;9;1;4;27;18;7,1;7,4;22;123,7;30,1;94,7;24,1;76,3;55,8;Dunning;NA;NO;NA;NA;Forest;2;1;Carnivore;Invertivore;Insessorial;-29,38;21,61;4,1;-73,18;2243128,49
Colonia_colonus;Colonia_colonus;Tyrannidae;Passeriformes;AVIBASE-3EB54C47;10;5;4;1;4;12,4;6,2;5,3;3,4;15,1;80,8;15;65,0;18,9;159,7;18,3;Dunning;NA;NO;NA;NA;Forest;1;1;Carnivore;Invertivore;Insessorial;-28,69;14,94;-11,66;-55,67;6767109,68
Columbina_buckleyi;Columbina_buckleyi;Columbidae;Columbiformes;AVIBASE-19BFB346;4;3;1;0;4;14,8;8,4;2,5;2,9;16,3;84,8;18,8;66,0;22,2;66;57,5;Dunning;NA;NO;NA;NA;Woodland;2;1;Herbivore;Granivore;Terrestrial;-7,03;1,3;-1,85;-79,79;82687,64
Conopias_albovittatus;Conopias_albovittatus;Tyrannidae;Passeriformes;AVIBASE-FEE77420;2;1;1;0;2;19,8;13,8;7,8;5,8;17,4;81,7;17,8;63,9;21,6;65,8;24,4;Dunning;NA;NO;NA;NA;Forest;1;1;Carnivore;Invertivore;Insessorial;0,06;15,88;8,41;-80,62;198320,46
Contopus_cooperi;Contopus_cooperi;Tyrannidae;Passeriformes;AVIBASE-951C150C;8;3;4;1;4;19,9;12,2;8,5;6,5;14,7;104,7;38,5;63,2;37,9;68,8;32,1;Dunning;NA;NO;NA;NA;Forest;1;3;Carnivore;Invertivore;Insessorial;29,44;68,45;51,88;-110,87;9652028,65
Contopus_sordidulus;Contopus_sordidulus;Tyrannidae;Passeriformes;AVIBASE-F6CA75F0;14;5;5;4;4;16,4;9,2;6,4;4,1;13,8;82,6;29;57,7;33,5;60,2;13,1;Dunning;NA;NO;NA;NA;Forest;1;3;Carnivore;Invertivore;Insessorial;7,31;67,81;45,91;-116,12;6939803,44
Contopus_virens;Contopus_virens;Tyrannidae;Passeriformes;AVIBASE-9891BF73;19;3;7;9;4;14,3;10;6,3;4;14,2;81;25,6;57,0;31;62,7;13,9;Dunning;NA;NO;NA;NA;Forest;1;3;Carnivore;Invertivore;Insessorial;27,9;50,6;40,17;-86,94;4080253,15
Coragyps_atratus;Coragyps_atratus;Cathartidae;Cathartiformes;AVIBASE-4FF7DE80;8;0;3;5;4;60;35;14,8;16,1;76,1;410,1;58,4;352,6;14,3;180;1881,7;Dunning;NA;NO;NA;NA;Human Modified;3;2;Omnivore;Scavenger;Terrestrial;-50,31;41,66;-4,79;-67,36;21173636,93
Cranioleuca_erythrops;Cranioleuca_erythrops;Furnariidae;Passeriformes;AVIBASE-6D00ECAF;20;5;15;0;4;14,6;9,5;3,2;3,7;18,6;64,8;11;55,2;16,6;71,4;16,9;Dunning;NA;NO;NA;NA;Forest;1;1;Carnivore;Invertivore;Insessorial;-2,92;11,01;4,76;-78,7;76469,87
Crax_rubra;Crax_rubra;Cracidae;Galliformes;AVIBASE-BA8A14D2;4;2;1;1;4;53;24,5;11,9;20,2;106,8;381,2;35,6;345,6;9,3;340,2;4133,0;Dunning;NA;NO;NA;NA;Forest;1;1;Herbivore;Frugivore;Terrestrial;-2,35;24,04;14,01;-87,76;662063,72
Crotophaga_ani;Crotophaga_ani;Cuculidae;Cuculiformes;AVIBASE-469BC7B8;22;9;7;6;8;30,6;18,4;9,9;21,1;35,8;144;35,5;107,3;24,8;180,6;110,1;Dunning;NA;NO;NA;NA;Human Modified;3;1;Carnivore;Omnivore;Insessorial;-33,47;28,67;-8,83;-58,65;14110810,9
Cryptoleucopteryx_plumbea;Leucopternis_plumbeus;Accipitridae;Accipitriformes;AVIBASE-A6775D0C;5;2;3;0;4;32,1;21;11,2;16,7;58,9;238;74,2;164,8;31;145,4;482,0;Dunning;NA;NO;NA;NA;Forest;1;1;Carnivore;Vertivore;Insessorial;-4,13;9,63;4,34;-77,68;162116,76
Cryptopipo_holochlora;Xenopipo_holochlora;Pipridae;Passeriformes;AVIBASE-A0E54EB9;7;3;4;0;4;14,5;7,3;3,8;3,8;15,4;72,1;14;58,1;19,4;44,4;14,9;Dunning;NA;NO;NA;NA;Forest;1;1;Omnivore;Frugivore;Insessorial;-14,01;4,38;-5,58;-75,87;336141,32
Crypturellus_berlepschi;Crypturellus_berlepschi;Tinamidae;Struthioniformes;AVIBASE-9B036853;5;2;1;2;4;27,9;10,5;5,3;6,5;53,4;164,6;38,1;126,5;23,3;54,2;516,8;Dunning;NA;NO;NA;NA;Forest;1;1;Herbivore;Omnivore;Terrestrial;-0,44;7,33;3,4;-77,77;59534,34
Crypturellus_soui;Crypturellus_soui;Tinamidae;Struthioniformes;AVIBASE-39DD9DD7;18;8;7;3;5;24,2;8;4,2;3,9;36,4;127,5;32,9;96,4;25,4;47,9;216,2;Dunning;NA;NO;NA;NA;Forest;1;1;Herbivore;Omnivore;Terrestrial;-22,54;19,13;-4,47;-60,51;11151222,76
Cyanerpes_caeruleus;Cyanerpes_caeruleus;Thraupidae;Passeriformes;AVIBASE-A0A7D1B2;16;6;10;0;4;19,5;14,7;3,4;3,3;13,8;56,7;14,4;42,4;25,5;32,1;12,0;Dunning;NA;NO;NA;NA;Forest;1;1;Omnivore;Omnivore;Insessorial;-17,67;11,43;-2,76;-63,48;6673757,38
Cyanoloxia_cyanoides;Cyanocompsa_cyanoides;Cardinalidae;Passeriformes;AVIBASE-BD833C24;35;13;21;1;6;19,6;14,9;10,2;13,9;21,1;79,6;10,8;67,2;13,8;66,8;32,5;Dunning;NA;NO;NA;NA;Forest;1;1;Herbivore;Granivore;Insessorial;-4,77;19,27;11,17;-81,14;877385,2
Cymbilaimus_lineatus;Cymbilaimus_lineatus;Thamnophilidae;Passeriformes;AVIBASE-86C7F489;9;3;6;0;4;24,7;14,6;8,5;8,9;25,8;75,8;7,7;68,9;10,1;71,5;35,8;Dunning;NA;NO;NA;NA;Forest;1;1;Carnivore;Invertivore;Insessorial;-16,16;15,88;-3,45;-63,49;6643566,16
Cyphorhinus_phaeocephalus;Cyphorhinus_phaeocephalus;Troglodytidae;Passeriformes;AVIBASE-AC56BC49;25;3;8;14;15;19,5;13,2;3,5;5,3;23,7;63,1;6,7;56,6;10,6;32,6;24,6;Dunning;NA;NO;NA;NA;Forest;1;1;Carnivore;Invertivore;Terrestrial;-3,64;15,32;6,82;-79,26;318922,64
Dacnis_berlepschi;Dacnis_berlepschi;Thraupidae;Passeriformes;AVIBASE-38EDD766;4;2;2;0;4;14;8,7;3,6;4,3;15,2;63;12;51,0;19,1;46,8;12,8;EltonTraits_GenAvg;NA;NO;NA;NA;Forest;1;1;Herbivore;Frugivore;Insessorial;-0,59;1,42;0,47;-78,88;11710,39
Dacnis_cayana;Dacnis_cayana;Thraupidae;Passeriformes;AVIBASE-C72B6A62;30;9;20;1;4;13,7;8;3,7;4,2;15,5;61,8;15,5;47,3;24,7;43,9;13,0;Dunning;NA;NO;NA;NA;Forest;2;1;Herbivore;Frugivore;Insessorial;-30,88;15,88;-7,09;-58,05;12058770,43
Dacnis_lineata;Dacnis_lineata;Thraupidae;Passeriformes;AVIBASE-8DF4C731;10;5;5;0;5;13;7,5;3,5;3,5;14,1;58;14,8;43,0;25,6;40,6;11,0;Dunning;NA;NO;NA;NA;Forest;2;1;Herbivore;Frugivore;Insessorial;-17,6;8,08;-3,93;-63,23;6051189,29
Dacnis_venusta;Dacnis_venusta;Thraupidae;Passeriformes;AVIBASE-223EB3AD;16;7;9;0;4;13,1;8,9;3,8;3,9;14,8;64,6;15,9;44,5;26,3;38,8;16,1;Dunning;NA;NO;NA;NA;Forest;2;1;Herbivore;Frugivore;Insessorial;-0,64;13,83;6,33;-79,08;203133,56
Dendrocincla_fuliginosa;Dendrocincla_fuliginosa;Furnariidae;Passeriformes;AVIBASE-757E2994;44;8;17;19;11;29,9;20;6,4;6,6;24,7;104,9;18,9;84,1;18,3;86,7;38,7;Dunning;NA;NO;NA;NA;Forest;1;1;Carnivore;Invertivore;Insessorial;-17,42;15,75;-3,3;-62,98;8483632,64
Dendrocolaptes_sanctithomae;Dendrocolaptes_sanctithomae;Furnariidae;Passeriformes;AVIBASE-2C13F92A;19;2;7;10;1;38,8;27,6;8,8;8,3;29,5;125,8;25,8;99,5;20,6;113,5;66,9;Dunning;NA;NO;NA;NA;Forest;1;1;Carnivore;Invertivore;Insessorial;-1,89;21,29;13,55;-86,38;591394,87
Dives_warczewiczi;Dives_warszewiczi;Icteridae;Passeriformes;AVIBASE-6C3773C7;11;5;6;0;4;29,3;21,3;7;9,9;36,9;128,1;13,6;99,8;12;121,8;73,3;Dunning;NA;NO;NA;NA;Shrubland;2;1;Omnivore;Omnivore;Terrestrial;-14,53;3;-6,04;-78,82;238870,26
Dysithamnus_mentalis;Dysithamnus_mentalis;Thamnophilidae;Passeriformes;AVIBASE-90AD65F2;66;18;43;5;9;15,8;9,2;4,2;4,6;19;59,8;6,7;54,0;11,1;42,6;14,9;Dunning;NA;NO;NA;NA;Forest;1;1;Carnivore;Invertivore;Insessorial;-29,77;18,19;-11,55;-56,53;4153057,29
Dysithamnus_puncticeps;Dysithamnus_puncticeps;Thamnophilidae;Passeriformes;AVIBASE-D8D88AC0;9;6;3;0;4;18;10,6;4,9;5,1;20,3;57,8;8,2;51,1;13,8;37,1;14,9;Dunning;NA;NO;NA;NA;Forest;1;1;Carnivore;Invertivore;Insessorial;-0,81;9,75;4,96;-78,13;127823,89
Elaenia_flavogaster;Elaenia_flavogaster;Tyrannidae;Passeriformes;AVIBASE-B655AA73;80;19;16;45;12;12,7;7,2;5;4;21,4;77,4;12,7;64,5;16,4;70,6;24,8;Dunning;NA;NO;NA;NA;Woodland;3;1;Omnivore;Invertivore;Insessorial;-31;21,61;-6,86;-58,37;10327940,88
Elanoides_forficatus;Elanoides_forficatus;Accipitridae;Accipitriformes;AVIBASE-1BAC6645;5;2;3;0;4;29,4;19;10,2;12,3;33,5;412,8;189,1;214,7;46,9;279,2;416,2;Dunning;NA;NO;NA;NA;Forest;2;3;Carnivore;Invertivore;Generalist;-36,81;47,17;-5,62;-60,19;13295665,49
Electron_platyrhynchum;Electron_platyrhynchum;Momotidae;Coraciiformes;AVIBASE-87A54177;6;0;3;3;4;43,5;31,7;14,8;11,8;17,9;116,3;21,2;98,3;17,7;185,3;73,0;Dunning;NA;NO;NA;NA;Forest;1;1;Carnivore;Invertivore;Insessorial;-17,8;16,03;-5,85;-67,7;2864115,61
Empidonax_alnorum;Empidonax_alnorum;Tyrannidae;Passeriformes;AVIBASE-33808812;34;7;3;24;3;15,2;8,5;5,8;4;17,3;68,4;12,4;52,2;19,2;56,1;12,7;Dunning;NA;NO;NA;NA;Shrubland;1;3;Carnivore;Invertivore;Insessorial;34,11;68,27;54,6;-104,41;7110677,02
Empidonax_virescens;Empidonax_virescens;Tyrannidae;Passeriformes;AVIBASE-2778A3F4;48;5;8;35;5;13,3;9,1;6,1;4;17,1;71;19,9;52,1;27,5;58,8;12,6;Dunning;NA;NO;NA;NA;Forest;2;3;Carnivore;Invertivore;Insessorial;26,59;45,34;36,73;-87,99;3006134,68
Epinecrophylla_fulviventris;Epinecrophylla_fulviventris;Thamnophilidae;Passeriformes;AVIBASE-CB6DE0FA;27;12;15;0;11;15;9,7;4,1;4,4;16,5;50,9;5,9;44,9;11,5;33,2;10,4;Dunning;NA;NO;NA;NA;Forest;1;1;Carnivore;Invertivore;Insessorial;-3,61;15,88;7,84;-79,82;281139,81
Eubucco_bourcierii;Eubucco_bourcierii;Capitonidae;Piciformes;AVIBASE-81825EC2;9;4;5;0;4;20,6;14,8;5,8;8,6;20,9;72;10,6;60,9;14,8;52,4;37,0;Dunning;NA;NO;NA;NA;Forest;1;1;Herbivore;Frugivore;Insessorial;-5,24;10,49;3,22;-77,26;234502,7
Euchrepomis_callinota;Terenura_callinota;Thamnophilidae;Passeriformes;AVIBASE-3F65C962;6;1;3;2;3;15,8;8,3;2,9;3,1;14,2;52,7;6,5;46,7;12,1;41,3;7,0;Dunning;NA;NO;NA;NA;Forest;1;1;Carnivore;Invertivore;Insessorial;-13;10,54;-1,98;-76,32;227242,25
Euphonia_fulvicrissa;Euphonia_fulvicrissa;Fringillidae;Passeriformes;AVIBASE-0676F27A;6;2;4;0;5;10,1;6,5;4,7;4,9;14,5;51,2;10,3;40,5;20,2;26,7;11,0;Dunning;NA;NO;NA;NA;Forest;2;1;Herbivore;Frugivore;Insessorial;-0,12;9,64;5,95;-76,68;198414,88
Euphonia_laniirostris;Euphonia_laniirostris;Fringillidae;Passeriformes;AVIBASE-F1D2C345;91;34;51;6;9;10,1;6,5;5,6;5,7;17,3;61;14;45,9;23,4;37,1;15,0;Dunning;NA;NO;NA;NA;Forest;2;1;Herbivore;Frugivore;Insessorial;-19,51;11,52;-5,66;-67,05;4464958,75
Euphonia_minuta;Euphonia_minuta;Fringillidae;Passeriformes;AVIBASE-A243C1D2;9;4;5;0;4;10,6;5,7;4,1;3,6;12,4;51,4;11,8;39,5;22,9;27,7;10,0;Dunning;NA;NO;NA;NA;Forest;1;1;Herbivore;Frugivore;Insessorial;-17,64;17,34;-2,79;-66,78;5149944,3
Euphonia_saturata;Euphonia_saturata;Fringillidae;Passeriformes;AVIBASE-692B43A6;6;3;3;0;4;10;5,5;3,9;3,6;13;57,7;12,5;44,0;22,2;32,3;13,3;EltonTraits_GenAvg;NA;NO;NA;NA;Forest;2;1;Herbivore;Frugivore;Insessorial;-4,61;5,64;-0,31;-79,2;95078,53
Euphonia_xanthogaster;Euphonia_xanthogaster;Fringillidae;Passeriformes;AVIBASE-2D1A6C0F;35;13;17;5;16;10,7;6;4,8;4,8;16,4;61,4;13,7;47,7;22,4;36;13,0;Dunning;NA;NO;NA;NA;Forest;2;1;Herbivore;Frugivore;Insessorial;-22,99;10,91;-4,78;-67,31;3715684,5
Eutoxeres_aquila;Eutoxeres_aquila;Trochilidae;Caprimulgiformes;AVIBASE-656474D9;11;4;6;1;4;27,5;23,1;3,6;2,9;6,8;70,5;42,9;27,8;60,7;54;10,6;Dunning;NA;NO;NA;NA;Forest;1;1;Herbivore;Nectarivore;Insessorial;-8,52;10,74;1,91;-77,73;306610,24
Falco_rufigularis;Falco_rufigularis;Falconidae;Falconiformes;AVIBASE-EF9568DE;8;6;2;0;8;19,6;12;9,7;11;32,8;198,8;80;118,7;40,3;108;163,6;Dunning;NA;NO;NA;NA;Forest;2;1;Carnivore;Vertivore;Aerial;-27,05;28,05;-5,35;-61,19;13377698,05
Florisuga_mellivora;Florisuga_mellivora;Trochilidae;Caprimulgiformes;AVIBASE-80DA0464;46;12;25;9;9;23,6;16,7;2,6;2,7;5;67,8;43,8;22,6;66,1;36,8;7,4;Dunning;NA;NO;NA;NA;Forest;1;1;Herbivore;Nectarivore;Aerial;-18,57;18,72;-2;-64,64;8105538,69
Fluvicola_nengeta;Fluvicola_nengeta;Tyrannidae;Passeriformes;AVIBASE-4EB649D2;8;3;2;3;4;17,8;11,5;4,9;3,7;22,1;70,5;11,5;58,9;16,4;64;21,0;Dunning;NA;NO;NA;NA;Wetland;3;2;Carnivore;Invertivore;Terrestrial;-29,3;1,84;-14,57;-46,63;3642098,17
Formicarius_nigricapillus;Formicarius_nigricapillus;Formicariidae;Passeriformes;AVIBASE-7E82BA92;6;2;4;0;4;24,7;14,8;5,8;6,7;31,3;85,6;10,7;74,5;12,6;49,8;56,2;Dunning;NA;NO;NA;NA;Forest;1;1;Carnivore;Invertivore;Terrestrial;-2,29;11,02;3,11;-78,65;108463,37
Forpus_coelestis;Forpus_coelestis;Psittacidae;Psittaciformes;AVIBASE-2A07367C;5;2;3;0;4;16,6;13,1;9,4;14,7;10,6;76,8;26,7;50,5;34,5;39,4;26,1;Dunning;NA;NO;NA;NA;Shrubland;2;1;Herbivore;Omnivore;Generalist;-8,24;1,45;-3,77;-79,9;147204,19
Furnarius_leucopus;Furnarius_leucopus;Furnariidae;Passeriformes;AVIBASE-71B6E38F;33;10;19;4;5;23,3;16,3;4;4,8;29,9;89,2;14,7;74,4;16,4;61,8;54,8;Dunning;NA;NO;NA;NA;Shrubland;2;1;Carnivore;Invertivore;Terrestrial;-20,96;4,4;-9,74;-56,49;4783071,89
Galbula_ruficauda;Galbula_ruficauda;Galbulidae;Piciformes;AVIBASE-2EE639E9;14;5;6;3;4;53,8;46,8;5,4;7;11,3;78,3;16,6;62,2;21,1;100,9;26,5;Dunning;NA;NO;NA;NA;Forest;2;1;Carnivore;Invertivore;Insessorial;-23,62;19,06;-8,28;-54,99;7606947,12
Gallinula_galeata;Gallinula_chloropus;Rallidae;Gruiformes;AVIBASE-3EF081A8;7;4;3;0;4;31,4;15,8;5,4;9,8;51,1;176,1;57,9;120,5;32,4;74,9;339,6;DataFromSplit;NA;NO;NA;NA;Wetland;3;1;Omnivore;Omnivore;Terrestrial;-37,12;48,06;5,81;-71,22;13770097,15
Geothlypis_semiflava;Geothlypis_semiflava;Parulidae;Passeriformes;AVIBASE-C5FF44F9;3;1;2;0;3;14,7;8,8;3,3;4,3;21,9;59,7;8;51,6;13,5;52,7;17,2;Dunning;NA;NO;NA;NA;Shrubland;2;1;Carnivore;Invertivore;Insessorial;-3,96;6,23;1,26;-78,49;115622,87
Geotrygon_montana;Geotrygon_montana;Columbidae;Columbiformes;AVIBASE-4817EC01;37;11;23;3;12;19,5;9;3,5;4,4;26,9;136,5;36,7;99,2;27,1;76,3;133,9;Dunning;NA;NO;NA;NA;Forest;1;1;Herbivore;Omnivore;Terrestrial;-32,04;24,36;-5,71;-59,94;13251114,74
Geotrygon_purpurata;Geotrygon_saphirina;Columbidae;Columbiformes;AVIBASE-B18C3C10;4;2;2;0;4;20,6;10,1;3,2;4,2;35,7;134,2;35,2;99,0;26,3;65;129,0;Updated_literature;Dunning (2021);NO;NA;NA;Forest;1;1;Omnivore;Omnivore;Terrestrial;-0,13;5,76;2,23;-77,89;57184,69
Geranospiza_caerulescens;Geranospiza_caerulescens;Accipitridae;Accipitriformes;AVIBASE-25266E29;9;5;4;0;4;25,9;16,5;9,6;12,9;71,7;269,1;65,1;205,4;24,4;211,4;302,5;Dunning;NA;NO;NA;NA;Woodland;2;1;Carnivore;Vertivore;Insessorial;-33,91;28,85;-6,64;-60,96;14333669,12
Glaucidium_peruanum;Glaucidium_peruanum;Strigidae;Strigiformes;AVIBASE-7C26D709;4;3;1;0;4;15,3;10,6;6,5;10,3;21,9;94,2;18,8;75,5;19,9;63,8;62,4;Dunning;NA;NO;NA;NA;Shrubland;2;1;Carnivore;Omnivore;Insessorial;-20,54;0,02;-9,64;-76,87;334618,81
Glaucis_aeneus;Glaucis_aeneus;Trochilidae;Caprimulgiformes;AVIBASE-2ABFB40A;4;1;2;1;4;31,4;25,9;2,2;2,6;4,8;52,5;31,8;20,7;60,6;33,2;4,8;Dunning;NA;NO;NA;NA;Forest;1;1;Herbivore;Nectarivore;Aerial;-0,72;15,98;8,77;-81,78;170965
Glyphorynchus_spirurus;Glyphorynchus_spirurus;Furnariidae;Passeriformes;AVIBASE-B7517CD1;112;7;30;75;21;13,7;9,7;4,4;4,2;16,5;68,7;16,4;52,3;23,9;66;14,6;Dunning;NA;NO;NA;NA;Forest;1;1;Carnivore;Invertivore;Insessorial;-19,49;18,66;-2,41;-64,51;7368285,07
Grallaria_guatimalensis;Grallaria_guatimalensis;Grallariidae;Passeriformes;AVIBASE-2DCEE578;60;12;39;9;4;30,8;16,1;7;8,9;45,2;105,8;18,1;85,3;17,8;43,7;94,2;Dunning;NA;NO;NA;NA;Forest;1;1;Carnivore;Invertivore;Terrestrial;-19,07;21,37;5,39;-78,44;1176165,53
Gymnopithys_bicolor;Gymnopithys_leucaspis;Thamnophilidae;Passeriformes;AVIBASE-0351F4F2;10;2;4;4;3;18,5;11,9;5,1;4,9;27,6;75,3;7;67,7;9,4;46,6;31,1;Updated_literature;Dunning (2021);NO;NA;NA;Forest;1;1;Carnivore;Invertivore;Insessorial;-3,61;16,03;8,17;-79,87;367237,83
Habia_olivacea;Chlorothraupis_olivacea;Cardinalidae;Passeriformes;AVIBASE-A66397C6;5;0;3;2;4;21;13,2;8,2;9,2;22,3;90,5;16,6;73,9;18,3;66,2;39,0;Dunning;NA;NO;NA;NA;Forest;1;1;Carnivore;Invertivore;Insessorial;0,46;8,25;5,08;-77,14;92811,92
Habia_stolzmanni;Chlorothraupis_stolzmanni;Cardinalidae;Passeriformes;AVIBASE-F035F1F9;10;4;5;1;4;21,9;13,6;8,3;9,3;23,2;89,6;15,6;74,0;17,4;64,8;38,8;Dunning;NA;NO;NA;NA;Forest;1;1;Herbivore;Frugivore;Insessorial;-3,66;5,75;1,81;-77,89;50027,82
Hafferia_zeledoni;Myrmeciza_immaculata;Thamnophilidae;Passeriformes;AVIBASE-7B3A4DDB;19;3;16;0;5;24,6;13,3;5,4;6,7;35,5;82,8;5,5;76,9;6,5;82,7;47,1;DataFromSplit;NA;NO;NA;NA;Forest;1;1;Carnivore;Invertivore;Insessorial;-4;11,1;3,48;-78,34;163041,74
Harpagus_bidentatus;Harpagus_bidentatus;Accipitridae;Accipitriformes;AVIBASE-E640A953;11;6;5;0;4;23,7;14,6;11,3;13,5;43,1;210,3;64,6;153,7;29,6;161,1;215,3;Dunning;NA;NO;NA;NA;Forest;2;1;Carnivore;Invertivore;Insessorial;-23,38;21,29;-2,54;-63,34;8976331,27
Heliodoxa_jacula;Heliodoxa_jacula;Trochilidae;Caprimulgiformes;AVIBASE-826BF290;17;8;9;0;4;26,4;19,1;2,5;2,8;6,3;70,3;45,7;25,6;64,1;44,2;8,1;Dunning;NA;NO;NA;NA;Forest;1;1;Herbivore;Nectarivore;Aerial;-3,64;10,98;3,67;-79,41;63656,63
Heliomaster_longirostris;Heliomaster_longirostris;Trochilidae;Caprimulgiformes;AVIBASE-7DB659EF;16;4;6;6;8;35;29;2,7;2,7;4,4;58,4;37;19,7;65,3;30,7;6,6;Dunning;NA;NO;NA;NA;Forest;1;1;Herbivore;Nectarivore;Aerial;-17,07;18,73;-2,32;-64,89;8290213,63
Heliothryx_barroti;Heliothryx_barroti;Trochilidae;Caprimulgiformes;AVIBASE-B70BC2CB;4;1;3;0;3;21,9;16,2;2,2;2,2;4,5;63,8;43,4;20,4;68;57;5,5;Dunning;NA;NO;NA;NA;Forest;1;1;Herbivore;Nectarivore;Aerial;-3,99;17,72;9,57;-81,72;491040,04
Hemithraupis_guira;Hemithraupis_guira;Thraupidae;Passeriformes;AVIBASE-0C58C65E;21;8;12;1;4;13,5;8,4;4,1;4,8;16;63,5;13,7;49,7;21,4;52,2;12,0;Dunning;NA;NO;NA;NA;Forest;1;1;Carnivore;Invertivore;Insessorial;-30,4;11,53;-8,87;-57,39;9380161,99
Henicorhina_leucosticta;Henicorhina_leucosticta;Troglodytidae;Passeriformes;AVIBASE-3563183F;95;41;44;10;4;17,3;11;3,5;3,6;22,5;54,2;5,5;50,4;9,9;30,9;14,2;Dunning;NA;NO;NA;NA;Forest;1;1;Carnivore;Invertivore;Generalist;-10,13;21,93;4,2;-70,6;2745877,94
Herpetotheres_cachinnans;Herpetotheres_cachinnans;Falconidae;Falconiformes;AVIBASE-24C90C1A;9;3;6;0;8;33,2;18,3;12,6;20,7;58,9;272,4;51;217,8;18,9;219;623,6;Dunning;NA;NO;NA;NA;Forest;2;1;Carnivore;Vertivore;Insessorial;-29,26;28,93;-5,54;-60,9;13330796,59
Heterospingus_xanthopygius;Heterospingus_xanthopygius;Thraupidae;Passeriformes;AVIBASE-D9B6353E;7;2;3;2;4;20,9;13,4;6,4;7,7;20,4;86,9;17,4;68,6;20,3;63,4;38,8;Dunning;NA;NO;NA;NA;Forest;1;1;Omnivore;Omnivore;Insessorial;-2,24;8,1;4,56;-76,84;153049,12
Hylatomus_lineatus;Dryocopus_lineatus;Picidae;Piciformes;AVIBASE-37C7AB16;30;11;18;1;12;41,6;30,8;11;10,2;28,5;185,9;40,9;146,9;21,7;123,6;183,2;Dunning;NA;NO;NA;NA;Forest;2;1;Carnivore;Invertivore;Insessorial;-32,17;29,68;-5,73;-60,98;13770543,52
Hylopezus_perspicillatus;Hylopezus_perspicillatus;Grallariidae;Passeriformes;AVIBASE-FC8137F0;180;68;97;15;9;19,4;12,6;5,5;5,9;34,8;79,5;12,4;69,2;15,3;32,1;43,0;Dunning;NA;NO;NA;NA;Forest;1;1;Carnivore;Invertivore;Terrestrial;0,44;15,88;8,41;-79,57;279909,57
Hylophylax_naevioides;Hylophylax_naevioides;Thamnophilidae;Passeriformes;AVIBASE-87EC4643;20;5;14;1;8;16,6;10,3;4,8;4,3;22,1;62,2;8,4;54,2;13,6;37,5;17,8;Dunning;NA;NO;NA;NA;Forest;1;1;Carnivore;Invertivore;Insessorial;-2,89;16,03;7,85;-79,49;372510,89
Icterus_mesomelas;Icterus_mesomelas;Icteridae;Passeriformes;AVIBASE-2E74AF7D;8;2;2;4;4;25,9;16,3;5,8;8,1;29,4;96,2;14,1;82,2;14,6;104,5;39,9;Dunning;NA;NO;NA;NA;Woodland;2;1;Omnivore;Invertivore;Insessorial;-9,21;21,91;11,07;-82,84;995703,98
Ictinia_plumbea;Ictinia_plumbea;Accipitridae;Accipitriformes;AVIBASE-5A97BF27;5;2;2;1;4;23,9;15,1;10,8;13,4;33,2;285,6;117,8;164,9;41,8;134,8;249,9;Dunning;NA;NO;NA;NA;Forest;2;1;Carnivore;Invertivore;Generalist;-29,27;23,69;-7,01;-60,39;12719722,18
Islerothraupis_luctuosa;Tachyphonus_luctuosus;Thraupidae;Passeriformes;AVIBASE-47CB5669;22;5;17;0;4;14;9,9;4,9;5,5;17,3;62,1;10,8;50,5;17,6;54;13,0;Dunning;NA;NO;NA;NA;Forest;1;1;Carnivore;Invertivore;Insessorial;-18,63;16,03;-4,22;-62,85;7144190,04
Jacamerops_aureus;Jacamerops_aureus;Galbulidae;Piciformes;AVIBASE-268D9909;5;1;4;0;4;54,9;41,9;12,3;12,7;13,8;114,6;29,8;83,9;26,3;130,8;62,9;Dunning;NA;NO;NA;NA;Forest;1;1;Carnivore;Invertivore;Insessorial;-13,85;15,25;-2,34;-63,89;5748994,39
Laterallus_albigularis;Laterallus_albigularis;Rallidae;Gruiformes;AVIBASE-011EB942;10;3;5;2;4;21,2;10;2,9;5,3;26,7;73,9;12;60,2;16,6;26,3;47,3;Dunning;NA;NO;NA;NA;Wetland;2;1;Omnivore;Omnivore;Terrestrial;-3,85;15,79;7,83;-78,9;484181,36
Legatus_leucophaius;Legatus_leucophaius;Tyrannidae;Passeriformes;AVIBASE-9971C83E;16;8;6;2;6;13;8,3;6,3;4,6;15,1;78,5;20,1;59,2;25,5;55,2;22,2;Dunning;NA;NO;NA;NA;Forest;1;1;Herbivore;Frugivore;Insessorial;-29,7;21,59;-6,02;-61,43;11371457,31
Lepidocolaptes_souleyetii;Lepidocolaptes_souleyetii;Furnariidae;Passeriformes;AVIBASE-65EA1A08;34;8;14;12;4;32,7;23,6;4,1;5,4;19,5;92,3;19,2;71,7;21,1;84,5;25,7;Dunning;NA;NO;NA;NA;Woodland;2;1;Carnivore;Invertivore;Insessorial;-7,24;18,86;9,31;-75,61;1484080,31
Lepidothrix_coronata;Lepidothrix_coronata;Pipridae;Passeriformes;AVIBASE-E44EC9A5;29;14;9;6;5;10,9;6,5;3,7;3,4;14,2;56,8;10,2;47,0;17,9;26,6;8,3;Dunning;NA;NO;NA;NA;Forest;1;1;Herbivore;Frugivore;Insessorial;-17,39;9,77;-3,54;-69,63;3221211,22
Leptodon_cayanensis;Leptodon_cayanensis;Accipitridae;Accipitriformes;AVIBASE-C2A2B363;4;2;2;0;4;33,9;22,4;11,5;16;38,5;302,8;57;245,8;18,8;221,8;474,0;Dunning;NA;NO;NA;NA;Forest;2;1;Carnivore;Omnivore;Insessorial;-28,62;21,61;-6,35;-60,36;12071802,08
Leptopogon_superciliaris;Leptopogon_superciliaris;Tyrannidae;Passeriformes;AVIBASE-C84D2C06;17;2;6;9;1;13,4;8,9;4;3,9;16,1;64,6;12,1;54,6;18,1;58,4;11,7;Dunning;NA;NO;NA;NA;Forest;1;1;Carnivore;Invertivore;Insessorial;-13,61;10,88;1,36;-75,5;474222,71
Leptotila_pallida;Leptotila_pallida;Columbidae;Columbiformes;AVIBASE-D4CDB0EA;4;2;1;1;4;20,4;10,9;3,4;3,9;30,3;136,2;34,1;102,1;25,1;93;122,8;Dunning;NA;NO;NA;NA;Forest;1;1;Herbivore;Granivore;Terrestrial;-4,06;5,8;0,8;-78,81;117295,45
Leptotila_verreauxi;Leptotila_verreauxi;Columbidae;Columbiformes;AVIBASE-6141E8C8;38;14;12;12;8;19,5;10;3,6;4;27,7;136,7;29,8;104,6;22,1;102,1;146,9;Dunning;NA;NO;NA;NA;Shrubland;1;1;Herbivore;Granivore;Terrestrial;-36,95;30,78;-7,54;-61,63;15542979,81
Leptotrygon_veraguensis;Geotrygon_veraguensis;Columbidae;Columbiformes;AVIBASE-BB65071B;5;2;2;1;4;20,1;6,8;2,6;3,9;35,4;132,2;35,7;95,8;27,1;69,8;155,0;Dunning;NA;NO;NA;NA;Forest;1;1;Herbivore;Omnivore;Insessorial;0,84;11,01;6,57;-78,08;127743,93
Leucopternis_semiplumbeus;Leucopternis_semiplumbeus;Accipitridae;Accipitriformes;AVIBASE-B4B9A3B4;5;2;3;0;4;28,8;17,1;9,7;14,9;53,8;191;47,7;146,5;24,6;123,8;285,0;Dunning;NA;NO;NA;NA;Forest;1;1;Carnivore;Vertivore;Insessorial;-0,54;14,87;8,38;-79,78;236308,06
Lipaugus_unirufus;Lipaugus_unirufus;Cotingidae;Passeriformes;AVIBASE-EF5C2BE1;5;2;3;0;4;24;15;7,2;8,1;21,2;132,4;26,8;103,9;20,4;112;82,1;Dunning;NA;NO;NA;NA;Forest;1;1;Omnivore;Frugivore;Insessorial;0,07;18,45;11,43;-83,42;462431,54
Lophotriccus_pileatus;Lophotriccus_pileatus;Tyrannidae;Passeriformes;AVIBASE-ACC831CF;7;0;2;5;5;13,2;6,6;3,6;2,8;15,1;48,9;7,6;41,3;15,7;39,3;7,5;Dunning;NA;NO;NA;NA;Forest;1;1;Carnivore;Invertivore;Insessorial;-14,45;15,64;-1,34;-75,64;475468,12
Malacoptila_panamensis;Malacoptila_panamensis;Bucconidae;Piciformes;AVIBASE-46451CCE;8;4;4;0;7;29,3;22,8;9,5;9,8;18,1;87,4;19,9;68,0;22,5;71,8;42,6;Dunning;NA;NO;NA;NA;Forest;1;1;Carnivore;Invertivore;Insessorial;-3,67;17,83;9,44;-81,94;516560,6
Manacus_manacus;Manacus_manacus;Pipridae;Passeriformes;AVIBASE-091F833E;74;24;43;7;12;11,5;6,8;4,4;4,2;20,9;52,2;8,4;44,5;15,9;32,8;16,7;Dunning;NA;NO;NA;NA;Forest;1;1;Herbivore;Frugivore;Insessorial;-28,87;12,46;-4,94;-60,3;7524946,19
Masius_chrysopterus;Masius_chrysopterus;Pipridae;Passeriformes;AVIBASE-2F4691A7;9;4;5;0;4;10,3;5,2;3,8;3,6;17;59;8;54,0;12,8;42,1;11,5;Dunning;NA;NO;NA;NA;Forest;1;1;Omnivore;Frugivore;Insessorial;-6,29;9,69;1,38;-76,35;176828,86
Megaceryle_torquata;Megaceryle_torquata;Alcedinidae;Coraciiformes;AVIBASE-5EFB075F;22;12;9;1;4;83,6;65,2;14,9;21,1;14,3;191,3;46,5;143,0;24,5;120,2;317,0;Dunning;NA;NO;NA;NA;Riverine;3;1;Carnivore;Aquatic predator;Insessorial;-55,98;27,12;-12,31;-61,64;16295521,19
Megarynchus_pitangua;Megarynchus_pitangua;Tyrannidae;Passeriformes;AVIBASE-8118C647;42;13;15;14;7;33,7;24,7;13,9;10,4;19,2;113,5;26,6;87,5;23,3;85,8;69,9;Dunning;NA;NO;NA;NA;Woodland;2;1;Carnivore;Invertivore;Insessorial;-30,09;24,06;-6,11;-60,2;13243099,5
Megascops_guatemalae;Megascops_guatemalae;Strigidae;Strigiformes;AVIBASE-60622A87;4;1;3;0;1;23,8;12,6;6,5;10,4;26,1;157;45,2;111,8;28,8;77,2;118,0;Dunning;NA;NO;NA;NA;Forest;1;1;Carnivore;Invertivore;Insessorial;12,83;29,24;19,37;-95,18;660793,49
Melanerpes_pucherani;Melanerpes_pucherani;Picidae;Piciformes;AVIBASE-8078C2CF;15;7;8;0;4;26;19;6,6;6,6;19,4;110,6;27,3;80,5;25,3;57,6;62,4;Dunning;NA;NO;NA;NA;Forest;1;1;Omnivore;Invertivore;Insessorial;-3,99;18,71;10,74;-84,11;486437,57
Micrastur_plumbeus;Micrastur_plumbeus;Falconidae;Falconiformes;AVIBASE-97461F73;3;1;2;0;0;23,8;12,8;8,7;13,1;61,9;173;26,7;146,3;15,4;125,3;185,4;Dunning;NA;NO;NA;NA;Forest;1;1;Carnivore;Omnivore;Insessorial;-0,18;5,83;2,87;-77,6;61914,79
Micrastur_ruficollis;Micrastur_ruficollis;Falconidae;Falconiformes;AVIBASE-846E1C25;14;6;8;0;5;21,4;11,8;8,2;12,2;58,4;167,1;35,9;129,3;21,8;166,6;177,6;Dunning;NA;NO;NA;NA;Forest;1;1;Carnivore;Vertivore;Generalist;-32,22;21,47;-7,39;-58,89;12486169,39
Micrastur_semitorquatus;Micrastur_semitorquatus;Falconidae;Falconiformes;AVIBASE-8217BC4F;11;5;4;2;4;32;18,7;10,8;18,7;82,7;267,7;53,4;220,8;19,4;279,8;621,7;Dunning;NA;NO;NA;NA;Forest;1;1;Carnivore;Vertivore;Generalist;-29,77;24,22;-6,85;-59,77;13182553,54
Microbates_cinereiventris;Microbates_cinereiventris;Polioptilidae;Passeriformes;AVIBASE-0AA19250;6;2;4;0;5;20;12,6;3,4;3,1;23,1;53;6,2;46,6;11,8;27,2;11,9;Dunning;NA;NO;NA;NA;Forest;2;1;Carnivore;Invertivore;Generalist;-15,24;11,49;-0,5;-76,76;551552,19
Microcerculus_marginatus;Microcerculus_marginatus;Troglodytidae;Passeriformes;AVIBASE-A7667D10;24;2;4;18;6;19,2;12,2;3,4;3,6;23,5;58,7;6,8;51,5;11,6;24,2;18,2;Dunning;NA;NO;NA;NA;Forest;1;1;Carnivore;Invertivore;Generalist;-17,19;11,45;-5,05;-65,66;4781168,47
Micromonacha_lanceolata;Micromonacha_lanceolata;Bucconidae;Piciformes;AVIBASE-BF431930;8;2;2;4;4;23,1;16,2;6,2;7,1;12,9;62,9;15,3;48,1;23,5;41,8;19,8;Dunning;NA;NO;NA;NA;Forest;1;1;Carnivore;Invertivore;Insessorial;-17,16;10,41;-4,8;-72,34;1651230,16
Microrhopias_quixensis;Microrhopias_quixensis;Thamnophilidae;Passeriformes;AVIBASE-49D57DF3;26;6;20;0;6;15,6;9,6;4,1;3,8;16,5;53;9,2;44,7;17,8;52,7;7,9;Dunning;NA;NO;NA;NA;Forest;1;1;Carnivore;Invertivore;Insessorial;-16,11;18,62;-3,56;-66,36;4104536,42
Mionectes_oleagineus;Mionectes_oleagineus;Tyrannidae;Passeriformes;AVIBASE-0EFCDBB8;202;17;25;160;22;11,8;8,2;4,2;3,4;16;60,5;10,5;50,8;17,1;48,2;11,2;Dunning;NA;NO;NA;NA;Forest;1;1;Herbivore;Frugivore;Insessorial;-22,99;21,4;-2,23;-64,38;8947569,12
Mionectes_olivaceus;Mionectes_olivaceus;Tyrannidae;Passeriformes;AVIBASE-5396E3F3;1;0;1;0;0;13,7;8,9;4,1;3,4;18,2;69;11,2;54,7;17;40;15,3;Dunning;NA;YES;"Beak Nares; Kipp's Distance; Secondary1; Hand-Wing Index";Mionectes galbinus;Forest;1;1;Herbivore;Frugivore;Insessorial;8,02;10,97;9,39;-83,31;39754,75
Mitrephanes_phaeocercus;Mitrephanes_phaeocercus;Tyrannidae;Passeriformes;AVIBASE-806301B3;6;2;4;0;4;12,1;6,4;4,4;2,6;12,6;70;17,4;51,4;25,3;63;8,6;Dunning;NA;NO;NA;NA;Forest;1;1;Carnivore;Invertivore;Insessorial;0,59;30,09;18,48;-96,92;599510,84
Mitrospingus_cassinii;Mitrospingus_cassinii;Mitrospingidae;Passeriformes;AVIBASE-D59309B6;6;2;3;1;4;21,6;12,8;5,4;6,9;25,4;83,5;10,3;71,9;12,6;73,2;40,4;Dunning;NA;NO;NA;NA;Forest;2;1;Omnivore;Omnivore;Insessorial;-2,66;10,88;5,56;-78,04;167653,28
Molothrus_bonariensis;Molothrus_bonariensis;Icteridae;Passeriformes;AVIBASE-AA779804;25;10;14;1;4;19,7;12,5;6,5;8,3;25,5;109,9;29,5;78,2;27,3;82,7;41,5;Dunning;NA;NO;NA;NA;Woodland;2;1;Omnivore;Invertivore;Terrestrial;-44,17;28,13;-10,72;-59,54;13210499,69
Momotus_subrufescens;Momotus_momota;Momotidae;Coraciiformes;AVIBASE-0DB8CE98;6;2;2;2;4;41,1;28,3;9,3;11,4;28,2;124,3;22,3;100,1;18,2;215;97,1;Updated_literature;Dunning (2021);NO;NA;NA;Forest;1;1;Carnivore;Omnivore;Insessorial;-6,6;12,33;6,25;-75,58;341747,75
Morphnarchus_princeps;Leucopternis_princeps;Accipitridae;Accipitriformes;AVIBASE-C39D115A;3;0;1;2;3;43,5;28,6;13,8;20,4;86,5;364,7;107,4;257,2;29,5;192,7;1000,0;Dunning;NA;NO;NA;NA;Forest;1;1;Carnivore;Vertivore;Insessorial;-4,51;10,99;3,02;-78,75;113390,9
Myiarchus_tuberculifer;Myiarchus_tuberculifer;Tyrannidae;Passeriformes;AVIBASE-3D57A982;49;10;17;22;10;21,1;12,9;7,1;5,2;20,1;80,4;15,5;66,8;18,8;76,5;17,7;Dunning;NA;NO;NA;NA;Forest;1;1;Carnivore;Invertivore;Insessorial;-26,87;34,88;-0,3;-68,52;10588401,3
Myiobius_atricaudus;Myiobius_atricaudus;Tityridae;Passeriformes;AVIBASE-608B8260;11;4;5;2;5;12,7;7;4,3;3,2;15,8;59,6;7,8;51,8;13;59,4;10,0;Dunning;NA;NO;NA;NA;Forest;1;1;Carnivore;Invertivore;Insessorial;-24,82;11,68;-6,64;-57,45;4897288,43
Myiobius_sulphureipygius;Myiobius_sulphureipygius;Tityridae;Passeriformes;AVIBASE-40F33966;4;2;2;0;4;14,6;7,6;4,2;3,3;16,9;66,4;10,9;55,5;16,4;56,2;11,6;Dunning;NA;NO;NA;NA;Forest;1;1;Carnivore;Invertivore;Insessorial;-4,11;21,44;12,24;-84,75;640104,92
Myiodynastes_maculatus;Myiodynastes_maculatus;Tyrannidae;Passeriformes;AVIBASE-C9B114BE;10;0;7;3;5;25,6;18,4;10,5;8,4;19,5;107,9;21,8;85,0;20,3;79;43,2;Dunning;NA;NO;NA;NA;Forest;2;3;Carnivore;Invertivore;Insessorial;-6,02;23,38;3,7;-67,6;4626474,72
Myiopagis_caniceps;Myiopagis_caniceps;Tyrannidae;Passeriformes;AVIBASE-EA9AA95C;5;3;2;0;4;11,2;6,3;3,4;3,1;16;59,4;11,1;48,3;18,7;52,7;10,5;Dunning;NA;NO;NA;NA;Forest;1;1;Carnivore;Invertivore;Insessorial;-28,81;-2,37;-17,61;-48,65;2653719,82
Myiopagis_subplacens;Myiopagis_subplacens;Tyrannidae;Passeriformes;AVIBASE-31842F4A;4;0;1;3;4;13,2;7,2;3,9;3,5;19,4;68,5;11,1;57,3;16,3;65,5;15,9;Dunning;NA;NO;NA;NA;Woodland;2;1;Carnivore;Invertivore;Insessorial;-7,14;1,09;-3,39;-80,13;109447,79
Myiopagis_viridicata;Myiopagis_viridicata;Tyrannidae;Passeriformes;AVIBASE-F219499B;18;7;8;3;8;11,8;7,1;3,8;3,6;16,9;60;11,3;47,8;19;55,3;11,5;Dunning;NA;NO;NA;NA;Forest;2;3;Omnivore;Invertivore;Insessorial;-30,62;23,88;-6,66;-61,24;7389845,28
Myiophobus_fasciatus;Myiophobus_fasciatus;Tyrannidae;Passeriformes;AVIBASE-0402B179;34;10;10;14;4;13,5;7,4;5;3,6;16,5;58,9;11;48,1;18,7;54,1;9,9;Dunning;NA;NO;NA;NA;Shrubland;2;3;Carnivore;Invertivore;Insessorial;-37,25;11,43;-14,72;-56,05;10017556,29
Myiornis_atricapillus;Myiornis_atricapillus;Tyrannidae;Passeriformes;AVIBASE-F238A131;4;1;3;0;4;11,7;7,2;3,8;2,9;12,8;34,5;5,2;29,3;14,9;16,1;5,7;Dunning;NA;NO;NA;NA;Forest;1;1;Carnivore;Invertivore;Insessorial;-0,11;10,73;6,2;-77,73;184278,95
Myiothlypis_chrysogaster;Basileuterus_chrysogaster;Parulidae;Passeriformes;AVIBASE-661FFC6F;9;0;2;7;9;14,6;7,9;3,9;3,8;19,6;61,2;10;51,3;16,3;56,2;11,2;Dunning;NA;NO;NA;NA;Forest;1;1;Carnivore;Invertivore;Insessorial;-14,87;-6,86;-11,98;-72,63;42961,21
Myiothlypis_fulvicauda;Phaeothlypis_fulvicauda;Parulidae;Passeriformes;AVIBASE-0232E9DC;19;4;4;11;4;14,3;8,6;4,5;3,9;22,5;63,3;9,8;54,5;15,3;49,7;14,9;Dunning;NA;NO;NA;NA;Forest;1;1;Carnivore;Invertivore;Terrestrial;-13,81;16,03;-3,5;-72,19;2473113,96
Myiotriccus_ornatus;Myiotriccus_ornatus;Tyrannidae;Passeriformes;AVIBASE-8E5852C1;5;2;3;0;0;13,2;6,7;5,4;3,6;14,3;59,6;11,5;46,8;19,8;41,2;9,9;Dunning;NA;YES;Beak Nares;Myiotriccus phoenicurus;Forest;1;1;Carnivore;Invertivore;Insessorial;-3,66;8,42;3,85;-76,2;149294,03
Myiozetetes_cayanensis;Myiozetetes_cayanensis;Tyrannidae;Passeriformes;AVIBASE-B384278C;21;4;7;10;4;14,4;9,8;5,4;4,6;20,4;84,1;12,8;70,0;15,4;71,4;25,9;Dunning;NA;NO;NA;NA;Shrubland;2;1;Carnivore;Invertivore;Insessorial;-23,1;12,46;-4,9;-58,04;7536061,77
Myiozetetes_granadensis;Myiozetetes_granadensis;Tyrannidae;Passeriformes;AVIBASE-DCCFF7D4;14;6;5;3;4;17,8;9,8;5,7;5,1;17,8;86,6;14,2;73,8;16,2;66,8;29,3;Dunning;NA;NO;NA;NA;Forest;2;1;Omnivore;Invertivore;Insessorial;-17,98;15,88;-3,2;-70,69;3322072,64
Myiozetetes_similis;Myiozetetes_similis;Tyrannidae;Passeriformes;AVIBASE-468B520C;34;11;12;11;4;17,4;9,7;5,5;4,9;19,6;87;14,5;73,8;16,4;69,1;28,0;Dunning;NA;NO;NA;NA;Shrubland;2;2;Carnivore;Invertivore;Insessorial;-27,92;27,34;-4,5;-62,23;10242322,01
Myrmotherula_axillaris;Myrmotherula_axillaris;Thamnophilidae;Passeriformes;AVIBASE-10BC73B2;57;25;32;0;5;15;9;3,4;3,7;15,4;50,9;7,5;43,9;14,8;36,5;8,1;Dunning;NA;NO;NA;NA;Forest;1;1;Carnivore;Invertivore;Insessorial;-17,54;15,88;-3,47;-63,12;7734412,17
Myrmotherula_ignota;Myrmotherula_ignota;Thamnophilidae;Passeriformes;AVIBASE-20E51271;8;4;4;0;4;12,7;8;3,1;3;15,8;42,1;4,4;38,3;9,9;18,2;7,1;Dunning;NA;NO;NA;NA;Forest;1;1;Carnivore;Invertivore;Insessorial;-10,47;9,64;-1,56;-72,13;1558811,94
Myrmotherula_pacifica;Myrmotherula_pacifica;Thamnophilidae;Passeriformes;AVIBASE-9E1460BD;10;4;6;0;4;15,3;9,7;3,6;3,2;17,5;50,6;5,4;46,1;10,7;28;10,1;Dunning;NA;NO;NA;NA;Shrubland;2;1;Carnivore;Invertivore;Insessorial;-2,81;9,62;5,75;-76,77;236644,01
Myrmotherula_schisticolor;Myrmotherula_schisticolor;Thamnophilidae;Passeriformes;AVIBASE-CF8A3394;12;6;6;0;5;15,5;8,2;3,3;3,4;15,6;54,9;7,3;48,7;13,4;36,9;9,6;Dunning;NA;NO;NA;NA;Forest;1;1;Carnivore;Invertivore;Insessorial;-13,9;17,22;4,8;-78,01;534175,27
Neomorphus_radiolosus;Neomorphus_radiolosus;Cuculidae;Cuculiformes;AVIBASE-AD3195D1;1;0;0;1;0;48,2;31,1;11,9;18,8;71,3;152;9;161,5;5,2;234;399,0;Dunning;NA;YES;"Kipp's Distance; Secondary1; Hand-Wing Index";Neomorphus rufipennis;Forest;1;1;Carnivore;Invertivore;Terrestrial;-0,68;3,99;1,47;-78,04;18046,74
Notharchus_hyperrhynchus;Notharchus_hyperrhynchus;Bucconidae;Piciformes;AVIBASE-6CC108F6;10;3;5;2;7;50,2;40;16,4;17,3;19,9;114,7;30,1;83,8;26,3;89,3;95,9;Dunning;NA;NO;NA;NA;Forest;2;1;Carnivore;Invertivore;Insessorial;-17,81;21,3;-2,76;-67,16;5241316,91
Notharchus_pectoralis;Notharchus_pectoralis;Bucconidae;Piciformes;AVIBASE-E2F43007;4;0;3;1;4;35;25,6;11,9;13;16,5;97,5;28,4;69,1;29,1;83,8;69,1;Dunning;NA;NO;NA;NA;Forest;1;1;Carnivore;Invertivore;Insessorial;0,88;9,64;6,62;-76,15;197997,21
Notharchus_tectus;Notharchus_tectus;Bucconidae;Piciformes;AVIBASE-53879CD7;5;2;2;1;4;26,5;19;9;10,1;13,2;74,6;20,2;54,2;27,2;52,6;26,8;Dunning;NA;NO;NA;NA;Forest;2;1;Carnivore;Invertivore;Insessorial;-15,09;8,35;-2,93;-59,48;5067701,36
Nyctibius_griseus;Nyctibius_griseus;Nyctibiidae;Caprimulgiformes;AVIBASE-7333ADB3;9;4;2;3;4;28,6;11,9;5,1;6,3;10,4;256,4;111;143,0;43,8;181,8;172,0;Dunning;NA;NO;NA;NA;Forest;1;1;Carnivore;Invertivore;Insessorial;-33,43;13,96;-9,17;-58,43;13806169,86
Nyctidromus_albicollis;Nyctidromus_albicollis;Caprimulgidae;Caprimulgiformes;AVIBASE-F2CB69EC;26;8;15;3;8;16,2;7,2;5;3,5;22,1;150,9;53;95,6;35,8;136,2;57,8;Dunning;NA;NO;NA;NA;Woodland;2;1;Carnivore;Invertivore;Insessorial;-31,43;27,65;-5,71;-60,92;13748689,24
Nyctiphrynus_rosenbergi;Nyctiphrynus_rosenbergi;Caprimulgidae;Caprimulgiformes;AVIBASE-A7CDF961;4;2;2;0;3;14;6,2;5,4;3,6;17,5;123,8;41,5;82,3;33,4;94,5;52,0;Dunning;NA;NO;NA;NA;Forest;1;1;Carnivore;Invertivore;Aerial;0,01;7,81;3,62;-77,74;57920,21
Nystalus_radiatus;Nystalus_radiatus;Bucconidae;Piciformes;AVIBASE-4B154EA6;5;3;1;1;4;30,4;23,8;10,6;12,3;16,9;91,6;20,4;69,3;22,8;78,2;61,0;Dunning;NA;NO;NA;NA;Forest;1;1;Carnivore;Invertivore;Insessorial;-3,55;9,64;5,08;-76,79;236336,29
Odontophorus_erythrops;Odontophorus_erythrops;Odontophoridae;Galliformes;AVIBASE-DCE5A946;5;0;0;5;4;21;11,6;8,9;12,9;41,6;143;38,2;103,0;27;58;335,0;Dunning;NA;NO;NA;NA;Forest;1;1;Herbivore;Omnivore;Terrestrial;-3,96;9;3,74;-77,49;164035,67
Odontorchilus_branickii;Odontorchilus_branickii;Troglodytidae;Passeriformes;AVIBASE-E59FF7D2;5;2;3;0;4;14,5;9,1;3;3;16,1;58,2;8;50,2;13,7;52,6;9,6;Dunning;NA;NO;NA;NA;Forest;1;1;Carnivore;Invertivore;Insessorial;-15,39;3,65;-6,3;-75,58;155452,65
Ornithion_brunneicapillus;Ornithion_brunneicapillus;Tyrannidae;Passeriformes;AVIBASE-BF566659;4;0;2;2;4;9,3;5,3;3;3,7;12,9;43,5;5,5;38,0;12,6;27,1;7,1;Dunning;NA;NO;NA;NA;Forest;1;1;Carnivore;Invertivore;Insessorial;-3,56;11,4;6,5;-76,32;282994,63
Ortalis_erythroptera;Ortalis_erythroptera;Cracidae;Galliformes;AVIBASE-7B8E0E0F;4;2;1;1;4;32,3;15;9,4;10,2;71,9;219,2;26,8;192,4;12,3;259,2;632,0;Dunning;NA;NO;NA;NA;Forest;1;1;Herbivore;Frugivore;Insessorial;-4,58;1,83;-1,56;-79,83;74565,61
Pachyramphus_albogriseus;Pachyramphus_albogriseus;Tityridae;Passeriformes;AVIBASE-0F9B6F63;4;2;2;0;4;15,6;9,9;7,1;5,5;17,7;71,2;18,3;52,9;25,7;54;17,3;Dunning;NA;NO;NA;NA;Forest;1;1;Omnivore;Omnivore;Insessorial;-12,53;11,19;-0,74;-76,74;341646,91
Pachyramphus_cinnamomeus;Pachyramphus_cinnamomeus;Tityridae;Passeriformes;AVIBASE-BBABBA53;21;5;11;5;4;16,8;10,6;7,6;5,6;19,7;77;16,1;61,5;20,7;59,4;20,3;Dunning;NA;NO;NA;NA;Forest;1;1;Carnivore;Invertivore;Insessorial;-3,73;17,81;9,82;-80,11;701563,57
Pachyramphus_homochrous;Pachyramphus_homochrous;Tityridae;Passeriformes;AVIBASE-5B66BF7C;4;2;2;0;4;19,4;13,3;7,7;7,4;20,6;87,5;18;69,5;20,6;71,2;37,3;Dunning;NA;NO;NA;NA;Forest;1;2;Omnivore;Omnivore;Insessorial;-4,82;11,49;5,68;-76,34;370203,78
Pachyramphus_spodiurus;Pachyramphus_spodiurus;Tityridae;Passeriformes;AVIBASE-FECCFDAF;5;2;2;1;4;15,9;10,7;6,9;5,5;18,9;75,2;16,8;58,8;22,2;59;18,2;Dunning;NA;NO;NA;NA;Woodland;2;1;Carnivore;Invertivore;Insessorial;-5,74;1,27;-1,94;-79,76;40652,05
Pachysylvia_decurtata;Hylophilus_decurtatus;Vireonidae;Passeriformes;AVIBASE-58274D5F;34;8;20;6;5;14,6;8,4;3,5;3,7;16,9;52,5;6,8;46,7;12,8;36;8,5;Dunning;NA;NO;NA;NA;Forest;2;1;Carnivore;Invertivore;Insessorial;-4,29;21,58;12,53;-85,99;856443,06
Panyptila_cayennensis;Panyptila_cayennensis;Apodidae;Caprimulgiformes;AVIBASE-9E39F33E;9;1;2;6;5;8,2;3,8;3;2,1;7,8;118,8;81,2;37,3;68,5;52,4;21,1;Dunning;NA;NO;NA;NA;Forest;1;1;Carnivore;Invertivore;Aerial;-26,82;18,89;-2,79;-63,47;8548025,44
Passer_domesticus;Passer_domesticus;Passeridae;Passeriformes;AVIBASE-240E3390;25;12;13;0;8;13,5;9,1;6,3;7,4;17,9;74,9;20,4;54,4;27,3;57,2;26,5;Dunning;NA;NO;NA;NA;Human Modified;3;1;Herbivore;Granivore;Terrestrial;5,91;71,19;46,32;61,68;34407867,59
Patagioenas_cayennensis;Patagioenas_cayennensis;Columbidae;Columbiformes;AVIBASE-A8908194;13;5;8;0;6;24,5;12,1;4,6;5,5;23,4;180,3;62,8;115,9;35,1;112,7;229,0;Dunning;NA;NO;NA;NA;Forest;3;1;Herbivore;Frugivore;Insessorial;-32,2;20,43;-7,62;-59,02;13517479,29
Patagioenas_goodsoni;Patagioenas_goodsoni;Columbidae;Columbiformes;AVIBASE-A057002F;6;4;2;0;6;17;9,1;4;5,2;20;148,7;50,9;97,8;34,2;99,6;176,0;Inferred;NA;YES;Body Mass;Patagioenas nigrirostris;Forest;2;1;Herbivore;Frugivore;Insessorial;-1,08;7,13;2,97;-77,98;87027,2
Patagioenas_speciosa;Patagioenas_speciosa;Columbidae;Columbiformes;AVIBASE-3EAF0903;6;1;5;0;4;24,5;12,3;4,8;6;23,7;184,7;65,5;114,0;36,5;98,3;258,5;Dunning;NA;NO;NA;NA;Forest;1;1;Herbivore;Frugivore;Insessorial;-27,14;21,36;-4,09;-63,71;7713359,51
Patagioenas_subvinacea;Patagioenas_subvinacea;Columbidae;Columbiformes;AVIBASE-F4F72BD9;8;3;5;0;4;18,8;9,8;3,8;4,1;20,8;156,3;53,6;102,7;34,3;114,4;162,5;Dunning;NA;NO;NA;NA;Forest;2;1;Herbivore;Frugivore;Insessorial;-18,3;11,06;-2,21;-64,55;6899058,97
Penelope_ortoni;Penelope_ortoni;Cracidae;Galliformes;AVIBASE-BA3D0CC1;4;2;2;0;4;35,7;16,5;8,7;10,3;56,2;267,5;32,8;234,7;12,2;267,5;872,0;Updated_literature;Dunning (2021);NO;NA;NA;Forest;1;1;Herbivore;Frugivore;Insessorial;-0,02;7,43;3,16;-77,71;77623,51
Penelope_purpurascens;Penelope_purpurascens;Cracidae;Galliformes;AVIBASE-01A38979;7;3;1;3;6;45,8;18,2;10,1;11,2;83,5;379,7;45,7;337,6;12;368,6;2060,0;Dunning;NA;NO;NA;NA;Forest;1;1;Herbivore;Frugivore;Insessorial;-4,22;24,46;13,31;-85,92;1269425,48
Phaenostictus_mcleannani;Phaenostictus_mcleannani;Thamnophilidae;Passeriformes;AVIBASE-C2AB74DB;8;4;4;0;4;23,4;13,9;5,1;6,9;32,2;89,8;12,5;79,1;13,7;83,2;51,1;Dunning;NA;NO;NA;NA;Forest;1;1;Carnivore;Invertivore;Insessorial;-0,02;16,03;9,04;-81,1;254363,89
Phaethornis_striigularis;Phaethornis_striigularis;Trochilidae;Caprimulgiformes;AVIBASE-2FF56FC2;47;2;2;43;4;23,7;19,6;2,4;2;4;39,1;25,4;13,1;66,2;36,4;3,0;Dunning;NA;NO;NA;NA;Forest;1;1;Herbivore;Nectarivore;Aerial;-3,56;19,34;10,6;-82,36;764879,78
Phaethornis_yaruqui;Phaethornis_yaruqui;Trochilidae;Caprimulgiformes;AVIBASE-0D34BFF1;5;2;3;0;4;45,6;39,8;2,6;2,7;5;59,5;37,8;21,7;63,5;53,8;5,4;Dunning;NA;NO;NA;NA;Forest;1;1;Herbivore;Nectarivore;Aerial;-3,69;7,87;2,89;-78;119931,58
Phyllomyias_griseiceps;Phyllomyias_griseiceps;Tyrannidae;Passeriformes;AVIBASE-54373895;5;2;2;1;4;9;4,9;3,7;3,1;14,2;51,6;9,2;42,0;18;45,2;7,2;Dunning;NA;NO;NA;NA;Forest;1;1;Omnivore;Invertivore;Insessorial;-12,12;11,36;3,46;-68,77;707633,09
Piaya_cayana;Piaya_cayana;Cuculidae;Cuculiformes;AVIBASE-F549E115;24;8;10;6;10;32;18,9;8,8;10,7;34,6;145,5;15,9;129,6;11;278,6;102,0;Dunning;NA;NO;NA;NA;Forest;1;1;Carnivore;Invertivore;Insessorial;-36,22;12,46;-9,04;-58,15;13448425,2
Piculus_litae;Piculus_litae;Picidae;Piciformes;AVIBASE-276D7F5E;3;1;2;0;3;21;15,9;5,7;5,9;17,7;85,2;24,9;60,4;31,4;68,9;69,0;Inferred;NA;YES;Body Mass;Piculus leucolaemus;Forest;1;1;Carnivore;Invertivore;Insessorial;0,41;7,48;4,67;-76,78;106716,1
Picumnus_olivaceus;Picumnus_olivaceus;Picidae;Piciformes;AVIBASE-B190788A;4;2;2;0;4;10,3;8,8;3,6;4,4;12,3;52,4;8,1;44,3;15,5;26,5;10,6;Dunning;NA;NO;NA;NA;Forest;1;1;Carnivore;Invertivore;Insessorial;-4,7;16,03;7,53;-78,7;493974,89
Pionus_chalcopterus;Pionus_chalcopterus;Psittacidae;Psittaciformes;AVIBASE-3B0B6BD9;4;0;3;1;4;33,5;24,6;14,7;24,7;15,9;189,8;59,2;130,6;31,1;77,5;210,0;Dunning;NA;NO;NA;NA;Forest;1;1;Herbivore;Frugivore;Insessorial;-4,29;10,99;2,12;-77,46;158502,65
Pionus_menstruus;Pionus_menstruus;Psittacidae;Psittaciformes;AVIBASE-F9814D52;15;5;9;1;4;27,4;25;14,5;24,5;16,4;181,1;63,4;122,6;34;74,6;251,0;Dunning;NA;NO;NA;NA;Forest;2;1;Herbivore;Omnivore;Insessorial;-18,01;11,84;-4,26;-62,5;8375262,88
Piranga_rubra;Piranga_rubra;Cardinalidae;Passeriformes;AVIBASE-891798D9;57;25;29;3;10;19,2;13,3;8,4;9;19,5;92;27,9;67,4;29,2;71,3;29,1;Dunning;NA;NO;NA;NA;Forest;1;3;Carnivore;Invertivore;Insessorial;24,5;42,5;33,47;-93,77;3269576,69
Pittasoma_rufopileatum;Pittasoma_rufopileatum;Conopophagidae;Passeriformes;AVIBASE-98B2F147;5;3;2;0;3;33,2;16,6;7,9;7,9;45;92,3;4,4;87,6;4,7;30,5;96,5;Dunning;NA;NO;NA;NA;Forest;1;1;Carnivore;Invertivore;Insessorial;-0,6;7,21;3,5;-77,66;73382,31
Platyrinchus_coronatus;Platyrinchus_coronatus;Tyrannidae;Passeriformes;AVIBASE-E411C4C0;19;7;3;9;11;12,6;7,1;6,4;3,4;13,2;54,4;12,1;42,0;22,4;24,5;9,1;Dunning;NA;NO;NA;NA;Forest;1;1;Carnivore;Invertivore;Insessorial;-15,75;16,03;-2,58;-64,84;5183010,82
Platyrinchus_mystaceus;Platyrinchus_mystaceus;Tyrannidae;Passeriformes;AVIBASE-EBAE6077;34;9;22;3;9;13,1;6,6;7,3;3,6;15,6;55;8,3;45,1;15,5;29,9;9,7;Dunning;NA;NO;NA;NA;Forest;1;1;Carnivore;Invertivore;Insessorial;-30;11,53;-13,01;-49,85;5068143,97
Poliocrania_exsul;Myrmeciza_exsul;Thamnophilidae;Passeriformes;AVIBASE-53288223;35;12;21;2;6;21,1;12,5;5;5,1;29;66,6;4,9;61,0;7,3;47,3;26,5;Dunning;NA;NO;NA;NA;Forest;1;1;Carnivore;Invertivore;Insessorial;7,21;15,88;11,2;-82,84;160398,77
Polioptila_plumbea;Polioptila_plumbea;Polioptilidae;Passeriformes;AVIBASE-2837ACDA;40;14;16;10;4;12,2;8;2,9;2,5;17,6;46,7;5,4;38,4;12,3;44,4;6,4;Updated_literature;BoW;NO;NA;NA;Shrubland;2;1;Carnivore;Invertivore;Insessorial;-20,09;21,46;-1,37;-60,76;7562341,5
Polioptila_schistaceigula;Polioptila_schistaceigula;Polioptilidae;Passeriformes;AVIBASE-07742DD4;2;2;0;0;2;11,6;7,1;2,9;2,5;14,8;45,1;6,4;38,7;14,2;49;6,0;Dunning;NA;NO;NA;NA;Forest;1;1;Carnivore;Invertivore;Insessorial;-0,62;9,45;5,19;-76,83;144511,46
Porphyrio_martinicus;Porphyrio_martinica;Rallidae;Gruiformes;AVIBASE-72A4F8EB;16;4;8;4;4;30,6;17;6,3;12;56,2;174,4;47;127,6;26,9;72,8;235,1;Dunning;NA;NO;NA;NA;Wetland;2;1;Herbivore;Herbivore aquatic;Terrestrial;-35,62;34,48;-6,17;-62,47;16393196,71
Premnoplex_brunnescens;Premnoplex_brunnescens;Furnariidae;Passeriformes;AVIBASE-B023E378;62;9;25;28;12;17,1;10,1;3,4;3,7;20,1;60;8,3;50,9;14;61,1;16,3;Dunning;NA;NO;NA;NA;Forest;1;1;Carnivore;Invertivore;Insessorial;-17,84;11,1;-2,85;-74,22;406258,31
Progne_chalybea;Progne_chalybea;Hirundinidae;Passeriformes;AVIBASE-ECA64B18;14;4;5;5;4;15,3;7,8;5,6;4,5;13,5;130,6;69,2;57,3;54,8;66,4;50,0;Updated_literature;BoW;NO;NA;NA;Shrubland;2;1;Carnivore;Invertivore;Aerial;-38,84;25,35;-9,09;-60,79;15629572,14
Psarocolius_wagleri;Psarocolius_wagleri;Icteridae;Passeriformes;AVIBASE-0B4AD6B3;5;2;3;0;4;57,9;34,8;11,5;15,8;35,7;182;51,3;125,4;28,5;119,2;155,5;Dunning;NA;NO;NA;NA;Forest;1;2;Carnivore;Omnivore;Insessorial;-0,68;19;11,12;-83,5;481772,49
Psittacara_erythrogenys;Aratinga_erythrogenys;Psittacidae;Psittaciformes;AVIBASE-12E354E2;4;1;2;1;3;31;27,7;17,3;33;15,4;171,8;71,3;100,4;41,5;139;151,0;Dunning;NA;NO;NA;NA;Woodland;2;1;Herbivore;Frugivore;Insessorial;-6,87;0,77;-2,95;-80;106452,34
Pteroglossus_torquatus;Pteroglossus_torquatus;Ramphastidae;Piciformes;AVIBASE-542B4FCB;24;6;6;12;8;104;89,4;22,9;29,2;34,4;146,9;23,1;123,7;15,7;150,5;219,1;Dunning;NA;NO;NA;NA;Forest;1;1;Herbivore;Frugivore;Insessorial;4,95;21,61;13,37;-83,67;1002342,51
Pulsatrix_perspicillata;Pulsatrix_perspicillata;Strigidae;Strigiformes;AVIBASE-BA3C3A5C;5;3;0;2;4;47,9;25,2;12,6;22,5;55,1;339,3;95,1;243,0;28,1;202,6;983,6;Dunning;NA;NO;NA;NA;Forest;1;1;Carnivore;Vertivore;Insessorial;-30,27;19,04;-6,68;-58,95;12679502,98
Pygochelidon_cyanoleuca;Pygochelidon_cyanoleuca;Hirundinidae;Passeriformes;AVIBASE-DFFD116E;24;9;11;4;4;8,6;4,1;3,6;2,2;10,1;92,3;44,4;48,8;47,6;48,8;9,7;Dunning;NA;NO;NA;NA;Human Modified;3;2;Carnivore;Invertivore;Aerial;-55,6;12,46;-21,2;-59,36;10370376,43
Pyrilia_pulchra;Pyrilia_pulchra;Psittacidae;Psittaciformes;AVIBASE-4FD2C88E;5;2;3;0;3;27;20;10,8;19,5;17,3;152,4;54,7;95,3;36,5;68;150,0;Dunning;NA;NO;NA;NA;Forest;1;1;Herbivore;Frugivore;Insessorial;-3,6;6,82;2,28;-78,2;92646,19
Pyrocephalus_rubinus;Pyrocephalus_rubinus;Tyrannidae;Passeriformes;AVIBASE-1456993D;29;10;19;0;8;14,4;9,7;5,4;4;16,7;74,3;16,7;57,7;22,4;57,6;14,4;Dunning;NA;NO;NA;NA;Woodland;3;3;Carnivore;Invertivore;Insessorial;-41,16;39,48;-0,22;-79,92;8461953,41
Pyrrhura_melanura;Pyrrhura_melanura;Psittacidae;Psittaciformes;AVIBASE-FC969B5D;15;5;5;5;4;20,8;15,8;10,7;18,3;13,3;129,1;51,9;71,6;42;118,1;70,5;Dunning;NA;NO;NA;NA;Forest;1;1;Herbivore;Frugivore;Insessorial;-11,01;5,85;-1,04;-70,48;1490802,93
Querula_purpurata;Querula_purpurata;Cotingidae;Passeriformes;AVIBASE-183649E5;14;7;7;0;4;28,8;19,5;12,5;9,7;24,3;178,2;31,7;148,7;17,6;117,6;107,4;Dunning;NA;NO;NA;NA;Forest;1;1;Omnivore;Frugivore;Insessorial;-15,51;11,22;-4,22;-63,07;5636816,57
Ramphastos_ambiguus;Ramphastos_ambiguus;Ramphastidae;Piciformes;AVIBASE-7C99DFAB;8;2;3;3;8;155;150,4;38,2;51,7;50,6;223,9;22,9;201,0;10,1;162,2;651,7;Dunning;NA;NO;NA;NA;Forest;1;1;Omnivore;Frugivore;Insessorial;-12,44;15,94;4,56;-77,45;597500,16
Ramphastos_brevis;Ramphastos_brevis;Ramphastidae;Piciformes;AVIBASE-D332D1C1;4;1;2;1;4;126,4;120,4;32,9;42,6;44,3;196,2;28,1;168,1;14,3;140,2;412,0;Dunning;NA;NO;NA;NA;Forest;1;1;Herbivore;Frugivore;Insessorial;-3,57;7,54;2,89;-77,98;105684,5
Ramphocaenus_melanurus;Ramphocaenus_melanurus;Polioptilidae;Passeriformes;AVIBASE-969787EA;22;5;10;7;5;24,3;16,8;2,8;2,9;21,8;50,2;3,8;42,8;8,1;41,5;9,7;Dunning;NA;NO;NA;NA;Forest;2;1;Carnivore;Invertivore;Insessorial;-27,6;21,55;-2,65;-63,46;9179813,29
Ramphocelus_flammigerus;Ramphocelus_flammigerus;Thraupidae;Passeriformes;AVIBASE-B04DBAA2;11;3;7;1;4;18,4;13;8,2;8,6;25,8;88,6;13,6;76,2;15,1;74,8;33,0;Dunning;NA;NO;NA;NA;Forest;2;1;Omnivore;Frugivore;Insessorial;2,29;7,09;4,84;-76;31694,68
Rhynchocyclus_pacificus;Rhynchocyclus_pacificus;Tyrannidae;Passeriformes;AVIBASE-BD2E79A9;4;3;1;0;4;19,4;10;9,2;5,7;18,6;78,6;12,2;66,4;15,7;66,2;25,0;Dunning;NA;NO;NA;NA;Forest;1;1;Carnivore;Invertivore;Insessorial;-0,69;7,32;3,38;-77,65;105882,4
Rhynchortyx_cinctus;Rhynchortyx_cinctus;Odontophoridae;Galliformes;AVIBASE-8A792FFC;5;1;4;0;4;15,5;9,9;7,9;11,1;31,6;110,2;39,6;69,7;36,2;45,6;150,0;Dunning;NA;NO;NA;NA;Forest;1;1;Herbivore;Omnivore;Terrestrial;0,83;16,03;9,46;-81,03;179089,72
Rhytipterna_holerythra;Rhytipterna_holerythra;Tyrannidae;Passeriformes;AVIBASE-229BCEE1;21;10;11;0;4;22,7;13,5;7,1;6,3;23,6;103,1;16,9;85,4;16,5;92,6;36,8;Dunning;NA;NO;NA;NA;Forest;1;1;Carnivore;Invertivore;Insessorial;-0,69;18,58;10,92;-83,1;469909,57
Rostrhamus_sociabilis;Rostrhamus_sociabilis;Accipitridae;Accipitriformes;AVIBASE-6E4430A8;7;1;6;0;5;33,1;23,8;11,1;11,3;49,9;344,8;134,8;206,7;39,1;169,3;366,9;Dunning;NA;NO;NA;NA;Wetland;2;2;Carnivore;Aquatic predator;Insessorial;-37,65;29,74;-10,02;-58,23;11603405,03
Rupornis_magnirostris;Buteo_magnirostris;Accipitridae;Accipitriformes;AVIBASE-C39CC0F2;35;16;13;6;4;26,4;17,4;10,4;13,4;61,5;220,9;64,9;164,6;28;159,1;269,0;Dunning;NA;NO;NA;NA;Forest;1;1;Carnivore;Vertivore;Insessorial;-38,24;25,35;-8,51;-60,46;15043360,16
Saltator_atripennis;Saltator_atripennis;Thraupidae;Passeriformes;AVIBASE-A51E5593;11;3;4;4;4;21,5;13,9;9,2;11;24,2;102,5;12,9;87,8;12,8;99;55,0;Dunning;NA;NO;NA;NA;Forest;2;1;Herbivore;Frugivore;Insessorial;-3,98;8,56;2,94;-76,74;110254,94
Saltator_grossus;Saltator_grossus;Thraupidae;Passeriformes;AVIBASE-1D797D4D;13;7;6;0;4;21,4;14,1;10,3;13,7;23,7;96,1;17,9;78,6;18,6;87,4;44,2;Dunning;NA;NO;NA;NA;Forest;1;1;Omnivore;Omnivore;Insessorial;-17,42;15,88;-2,61;-63,86;6243128,13
Saltator_maximus;Saltator_maximus;Thraupidae;Passeriformes;AVIBASE-8A80DE66;51;12;18;21;4;20,7;14,7;8,9;10,4;25,3;96,1;16,1;79,2;16,9;88,9;47,6;Dunning;NA;NO;NA;NA;Shrubland;2;1;Herbivore;Frugivore;Insessorial;-23,1;19,85;-3,81;-62,15;9544602,66
Sapayoa_aenigma;Sapayoa_aenigma;Sapayoidae;Passeriformes;AVIBASE-D2A3B070;4;1;2;1;4;16,8;10,3;7,7;5;14,5;80,2;15,2;65,0;19;61,5;20,8;Dunning;NA;NO;NA;NA;Forest;1;1;Omnivore;Omnivore;Insessorial;0,23;9,64;5,58;-77,39;103347,58
Schiffornis_veraepacis;Schiffornis_turdina;Tityridae;Passeriformes;AVIBASE-BB758322;10;2;6;2;0;21,2;10,4;5,3;5,7;21,1;87,3;15,8;71,4;18;70,2;31,1;Updated_literature;Dunning (2021);NO;NA;NA;Forest;1;1;Omnivore;Omnivore;Insessorial;-4,01;21,23;12,56;-85,86;549040,11
Sclerurus_guatemalensis;Sclerurus_guatemalensis;Furnariidae;Passeriformes;AVIBASE-8A2B456C;10;1;5;4;3;21,8;16,6;4;4,7;21,7;87,7;15,3;73,3;17,2;61,8;34,7;Dunning;NA;NO;NA;NA;Forest;1;1;Carnivore;Invertivore;Terrestrial;-1,69;18,58;11,85;-84,01;417195,64
Sclerurus_mexicanus;Sclerurus_mexicanus;Furnariidae;Passeriformes;AVIBASE-7B06C014;16;3;13;0;4;24;18,1;3,6;4,2;21,9;79,1;10,3;68,8;13;57,2;25,1;Dunning;NA;NO;NA;NA;Forest;1;1;Carnivore;Invertivore;Terrestrial;-23,97;21,21;-3,51;-62,39;6362030,4
Scytalopus_chocoensis;Scytalopus_chocoensis;Rhinocryptidae;Passeriformes;AVIBASE-7011CE6F;5;2;3;0;4;14,3;7,3;3,3;4,1;20,4;50;8,4;43,1;16,3;40,8;20,0;Dunning;NA;NO;NA;NA;Forest;1;1;Carnivore;Invertivore;Terrestrial;0,1;8,04;3,25;-77,33;25911,28
Setophaga_pitiayumi;Parula_pitiayumi;Parulidae;Passeriformes;AVIBASE-59F79322;42;11;30;1;4;12;7,5;3;3,2;16,1;52,7;10,8;42,7;20,1;41,1;6,8;Dunning;NA;NO;NA;NA;Forest;2;1;Carnivore;Invertivore;Insessorial;-35,58;27,75;-12,53;-57,9;8364955,27
Sipia_berlepschi;Myrmeciza_berlepschi;Thamnophilidae;Passeriformes;AVIBASE-C68B58B6;5;1;4;0;0;21,5;12,6;5,1;5,5;25,6;64,3;5,2;58,4;8,2;43,9;25,6;Updated_live.sample;Live sample (museum data);NO;NA;NA;Forest;1;1;Carnivore;Invertivore;Generalist;0,54;6,55;3,42;-77,64;55751,32
Sipia_nigricauda;Myrmeciza_nigricauda;Thamnophilidae;Passeriformes;AVIBASE-48C31429;5;3;1;1;4;19,1;11,7;4,9;5;28,2;64;5,8;59,0;8,9;52,3;24,0;Dunning;NA;NO;NA;NA;Forest;1;1;Carnivore;Invertivore;Generalist;-3,46;6,32;1,72;-78,27;64675,02
Sirystes_albogriseus;Sirystes_albogriseus;Tyrannidae;Passeriformes;AVIBASE-33EB2398;2;0;0;2;2;20;12,4;7,7;5,3;18,4;99,5;19,8;79,8;19,9;85,5;34,0;Updated_literature;BoW;NO;NA;NA;Forest;1;1;Carnivore;Invertivore;Insessorial;-0,96;9,62;4,78;-77,64;174213,1
Sittasomus_griseicapillus;Sittasomus_griseicapillus;Furnariidae;Passeriformes;AVIBASE-519D084A;44;10;31;3;4;16,1;10,9;4;3,7;17,2;76,7;16,9;59,9;22;76,5;13,1;Dunning;NA;NO;NA;NA;Forest;1;1;Carnivore;Invertivore;Insessorial;-32,79;7,94;-11,01;-56,96;10911731,74
Spinus_xanthogastrus;Carduelis_xanthogastra;Fringillidae;Passeriformes;AVIBASE-8E56A1C6;9;3;4;2;4;10,5;7,8;4,3;5,8;13,5;65,2;18,9;46,1;29,1;40,5;12,7;Dunning;NA;NO;NA;NA;Forest;2;1;Herbivore;Granivore;Insessorial;-18,69;10,5;-2,17;-72,25;161327,43
Spizaetus_ornatus;Spizaetus_ornatus;Accipitridae;Accipitriformes;AVIBASE-EA4FB522;8;3;4;1;7;39,1;23,7;12,3;20,2;93,8;353;59,1;287,3;17,2;289,5;1197,4;Dunning;NA;NO;NA;NA;Forest;1;1;Carnivore;Vertivore;Generalist;-30,5;23,77;-5,86;-63,22;9433721,9
Spizaetus_tyrannus;Spizaetus_tyrannus;Accipitridae;Accipitriformes;AVIBASE-7680293A;5;0;2;3;4;42,3;24,9;12,1;21;80,4;384,4;68,6;315,6;17,9;334,4;1007,1;Dunning;NA;NO;NA;NA;Forest;2;1;Carnivore;Vertivore;Insessorial;-30,42;21,81;-4,6;-62,84;8304333,12
Sporophila_angolensis;Oryzoborus_angolensis;Thraupidae;Passeriformes;AVIBASE-8F23E84F;31;12;17;2;4;12,9;9,4;6,8;10;16;57,7;8,9;48,4;15,5;51,9;13,0;Dunning;NA;NO;NA;NA;Shrubland;2;1;Omnivore;Granivore;Insessorial;-31,07;12,2;-8,2;-57,15;11882418,15
Sporophila_corvina;Sporophila_corvina;Thraupidae;Passeriformes;AVIBASE-1CDD0303;33;11;16;6;4;10,7;7;5,3;7,2;17,5;52,9;9,6;44,4;17,8;42,8;10,6;Dunning;NA;NO;NA;NA;Human Modified;2;2;Herbivore;Granivore;Insessorial;8,81;17,98;14,75;-87,88;242707,87
Sporophila_crassirostris;Oryzoborus_crassirostris;Thraupidae;Passeriformes;AVIBASE-2824A1D9;13;6;5;2;3;15,4;10,2;8,3;11,5;18,6;66,9;10,9;56,1;16,2;59,6;20,9;Dunning;NA;NO;NA;NA;Shrubland;2;2;Herbivore;Granivore;Insessorial;-10,05;11,28;2,29;-66,83;2533030,55
Sporophila_funerea;Oryzoborus_funereus;Thraupidae;Passeriformes;AVIBASE-64EDEAE0;33;15;15;3;4;12,6;9,3;6,9;10,2;17,4;55;8,8;48,5;15,4;48,7;13,0;Dunning;NA;NO;NA;NA;Human Modified;2;2;Herbivore;Granivore;Insessorial;-3,57;18,9;10,12;-81,24;730927,96
Sporophila_nigricollis;Sporophila_nigricollis;Thraupidae;Passeriformes;AVIBASE-52DEFF09;113;60;47;6;4;9,1;6;5;6,5;13,8;52,4;7,9;45,6;14,7;43;9,6;Dunning;NA;NO;NA;NA;Shrubland;3;1;Herbivore;Granivore;Insessorial;-26,55;12,53;-6,92;-54,88;7194514,7
Stelgidopteryx_ruficollis;Stelgidopteryx_ruficollis;Hirundinidae;Passeriformes;AVIBASE-EE5B7812;36;9;7;20;4;11,5;5;4,5;2,9;11;104,2;54,4;51,1;51,6;50,8;16,1;Dunning;NA;NO;NA;NA;Shrubland;3;1;Carnivore;Invertivore;Aerial;-36,3;15,93;-8,9;-58,53;13831495,26
Streptoprocne_zonaris;Streptoprocne_zonaris;Apodidae;Caprimulgiformes;AVIBASE-88D7E68D;5;2;3;0;4;14,4;7,7;5,3;4;22,4;212,5;139,6;73,0;65,7;67,2;86,8;Dunning;NA;NO;NA;NA;Forest;1;2;Carnivore;Invertivore;Aerial;-51,75;23,88;-7,35;-64,9;8315095,89
Synallaxis_brachyura;Synallaxis_brachyura;Furnariidae;Passeriformes;AVIBASE-4826C507;22;6;15;1;4;16,3;10;3,4;4;21,3;57,9;7,5;51,4;12,6;76,7;18,3;Dunning;NA;NO;NA;NA;Shrubland;2;1;Carnivore;Invertivore;Insessorial;-4,01;16,03;6,71;-79,9;403853,13
Tachyphonus_rufus;Tachyphonus_rufus;Thraupidae;Passeriformes;AVIBASE-ED7DE021;46;22;21;3;2;18,7;13,4;6,1;7,6;22,1;83;13,4;69,6;16,2;77,2;34,4;Dunning;NA;NO;NA;NA;Shrubland;2;1;Omnivore;Invertivore;Insessorial;-34,99;11,36;-9,22;-53,41;5942265,97
Tangara_cyanicollis;Tangara_cyanicollis;Thraupidae;Passeriformes;AVIBASE-98A16735;22;5;10;7;5;12,3;7,6;4,5;4,9;17,4;66,1;14,7;52,4;21,9;46,5;17,0;Dunning;NA;NO;NA;NA;Forest;2;1;Herbivore;Frugivore;Insessorial;-17,81;11,16;-7,99;-61,79;1248379,88
Tangara_episcopus;Thraupis_episcopus;Thraupidae;Passeriformes;AVIBASE-EFCDB0EC;148;8;13;127;8;14,2;9,5;6,4;6,7;22,3;87,3;20,7;69,9;22,8;64;35,0;Dunning;NA;NO;NA;NA;Forest;2;1;Omnivore;Omnivore;Insessorial;-17,17;21,61;-0,06;-66,15;7925679,12
Tangara_florida;Tangara_florida;Thraupidae;Passeriformes;AVIBASE-C8B9D4AE;5;2;3;0;4;13,1;8;4,3;4,4;16,3;65,2;16;49,2;24,5;36,2;19,3;Dunning;NA;NO;NA;NA;Forest;1;1;Herbivore;Frugivore;Insessorial;0,01;10,85;5,66;-79,05;37066,94
Tangara_gyrola;Tangara_gyrola;Thraupidae;Passeriformes;AVIBASE-AB916568;41;9;10;22;4;12,7;7,2;4,8;5,2;18,6;73,5;15,2;57,1;21,1;51,4;21,0;Dunning;NA;NO;NA;NA;Forest;1;1;Herbivore;Frugivore;Insessorial;-17,93;13,8;-2,77;-64,73;4181131,62
Tangara_icterocephala;Tangara_icterocephala;Thraupidae;Passeriformes;AVIBASE-E3DA11F1;4;2;2;0;4;12,6;8,3;5,1;5,2;16,4;70,5;15,5;55,0;21,9;45;22,0;Dunning;NA;NO;NA;NA;Forest;1;1;Herbivore;Frugivore;Insessorial;-4,04;11;5,48;-79,9;75164
Tangara_johannae;Tangara_johannae;Thraupidae;Passeriformes;AVIBASE-FB061C9B;4;3;1;0;4;12,6;6,9;4,8;5,2;17;68,5;16,6;51,9;24,2;47,2;20,0;EltonTraits_GenAvg;NA;NO;NA;NA;Forest;1;1;Herbivore;Frugivore;Insessorial;-0,13;7,41;3,83;-77,55;69226,47
Tangara_larvata;Tangara_larvata;Thraupidae;Passeriformes;AVIBASE-C8C30E94;21;3;11;7;4;11,8;7,7;4,6;5,1;18,2;69,3;14;51,2;21,4;46,1;20,0;Dunning;NA;NO;NA;NA;Forest;2;1;Omnivore;Frugivore;Insessorial;-1,1;17,92;11,1;-83,38;480330,12
Tangara_lavinia;Tangara_lavinia;Thraupidae;Passeriformes;AVIBASE-7C975BC2;4;0;4;0;4;14;8;4,2;4,8;15,7;69,6;16,7;53,0;23,9;44,5;24,0;Dunning;NA;NO;NA;NA;Forest;1;1;Omnivore;Frugivore;Insessorial;0,12;15,81;8,11;-80,32;135531,53
Tangara_palmarum;Thraupis_palmarum;Thraupidae;Passeriformes;AVIBASE-5EADEFF0;77;11;17;49;4;15;9,4;5,9;6,5;20,7;92,5;20,4;72,8;21,9;70,4;39,0;Dunning;NA;NO;NA;NA;Forest;2;1;Omnivore;Omnivore;Insessorial;-32,24;12,96;-6,86;-58,28;12189499,37
Tangara_palmeri;Tangara_palmeri;Thraupidae;Passeriformes;AVIBASE-8298ABC5;4;1;3;0;4;15;7,7;5,2;6,5;19,4;81,9;17,4;64,4;21,3;58,5;32,3;Dunning;NA;NO;NA;NA;Forest;1;1;Herbivore;Frugivore;Insessorial;-0,32;9,48;3,68;-77,67;44181,15
Tapera_naevia;Tapera_naevia;Cuculidae;Cuculiformes;AVIBASE-505739E9;12;4;7;1;8;19,8;12,4;5,1;7,2;28;106;24,1;81,3;22,8;146,8;48,4;Dunning;NA;NO;NA;NA;Human Modified;3;1;Carnivore;Invertivore;Generalist;-34,98;19,79;-8,55;-58,6;12346242,13
Taraba_major;Taraba_major;Thamnophilidae;Passeriformes;AVIBASE-0776F498;43;21;22;0;5;26,3;16,9;7;10,2;33,7;90,6;4,8;87,1;5,2;81;59,2;Dunning;NA;NO;NA;NA;Forest;2;1;Carnivore;Invertivore;Insessorial;-31,57;18,76;-7,52;-59,33;12899627,84
Terenotriccus_erythrurus;Terenotriccus_erythrurus;Tityridae;Passeriformes;AVIBASE-B226B93B;28;3;7;18;6;9;5,3;3,5;2,5;14,8;47,6;7,6;39,3;16,2;38,1;7,4;Dunning;NA;NO;NA;NA;Forest;1;1;Carnivore;Invertivore;Insessorial;-18,03;18,23;-2,98;-63,78;7494686,86
Tersina_viridis;Tersina_viridis;Thraupidae;Passeriformes;AVIBASE-EB9B653A;17;7;10;0;4;14,5;7,6;6,1;5,2;16,1;85,4;25,1;61,1;29,1;53,6;29,0;Dunning;NA;NO;NA;NA;Forest;2;1;Herbivore;Frugivore;Insessorial;-29,29;11,53;-9,83;-59,81;8757523,61
Thalurania_colombica;Thalurania_colombica;Trochilidae;Caprimulgiformes;AVIBASE-EE7180C8;42;11;12;19;8;20,4;17,6;2,3;1,5;4,1;52,3;34,9;16,2;68,2;33,1;4,5;Dunning;NA;NO;NA;NA;Forest;1;1;Herbivore;Nectarivore;Aerial;-4,11;16,12;8,41;-78,05;601646,16
Thamnistes_anabatinus;Thamnistes_anabatinus;Thamnophilidae;Passeriformes;AVIBASE-A56F4E94;11;6;5;0;4;23,3;12,7;6;6,3;20;68,1;11,1;58,0;16,2;53,3;20,7;Dunning;NA;NO;NA;NA;Forest;1;1;Carnivore;Invertivore;Insessorial;-3,92;17,82;11,52;-84,62;398111,82
Thamnophilus_atrinucha;Thamnophilus_atrinucha;Thamnophilidae;Passeriformes;AVIBASE-E61CE100;59;28;29;2;7;19,4;12,8;5,4;6,4;21,8;67,9;6,4;62,1;9,2;56,1;23,6;Dunning;NA;NO;NA;NA;Forest;1;1;Carnivore;Invertivore;Insessorial;-4,09;16,62;8,29;-78,19;583507,07
Threnetes_ruckeri;Threnetes_ruckeri;Trochilidae;Caprimulgiformes;AVIBASE-DDCF894E;6;0;2;4;4;33,4;27,3;3;2,5;5,3;56,6;34,5;21,2;62;36,3;5,2;Dunning;NA;NO;NA;NA;Forest;1;1;Herbivore;Nectarivore;Aerial;-3,64;16,61;8,09;-78,78;482644,97
Tiaris_olivaceus;Tiaris_olivaceus;Thraupidae;Passeriformes;AVIBASE-A8E1B59A;129;43;69;17;4;9,1;6,7;4,1;5,7;16,9;49,9;9,6;40,9;18,9;41,4;8,5;Dunning;NA;NO;NA;NA;Human Modified;2;2;Herbivore;Granivore;Insessorial;-0,42;25,5;15,14;-84,11;966505,17
Tinamus_major;Tinamus_major;Tinamidae;Struthioniformes;AVIBASE-42D72AE1;6;1;2;3;4;38,5;11,4;5,2;5,9;64,4;241;51,3;193,1;20,9;83,2;1026,2;Dunning;NA;NO;NA;NA;Forest;1;1;Herbivore;Omnivore;Terrestrial;-18,07;18,96;-1,53;-66,06;7672718,39
Tityra_inquisitor;Tityra_inquisitor;Tityridae;Passeriformes;AVIBASE-85750F2B;13;6;7;0;4;26,3;18,5;11,6;9,2;21,6;105,7;28,1;77,9;26,5;65,6;43,1;Dunning;NA;NO;NA;NA;Forest;1;1;Herbivore;Frugivore;Insessorial;-30,12;21,72;-7,47;-58,6;11190798,84
Tityra_semifasciata;Tityra_semifasciata;Tityridae;Passeriformes;AVIBASE-EA93E0B1;28;12;16;0;4;28;18,2;10,4;10,7;25,6;120,5;30,7;93,4;24,8;71,7;79,3;Dunning;NA;NO;NA;NA;Forest;1;1;Herbivore;Frugivore;Insessorial;-26,55;27,43;-4,18;-66,82;6821138,58
Todirostrum_cinereum;Todirostrum_cinereum;Tyrannidae;Passeriformes;AVIBASE-E3F6238A;55;7;11;37;4;14,8;9,9;4,8;3;19,1;42,5;6,3;35,9;15;33,8;6,3;Dunning;NA;NO;NA;NA;Shrubland;2;1;Carnivore;Invertivore;Insessorial;-26,27;21,62;-5,99;-60,95;8243668,88
Todirostrum_nigriceps;Todirostrum_nigriceps;Tyrannidae;Passeriformes;AVIBASE-3951009E;4;1;1;2;4;14,4;8,1;4,9;2,7;15,2;37,9;6,2;31,6;16,4;23,8;6,5;Dunning;NA;NO;NA;NA;Forest;1;1;Carnivore;Invertivore;Insessorial;-2,8;11,36;7,02;-76,05;401251,44
Tolmomyias_assimilis;Tolmomyias_assimilis;Tyrannidae;Passeriformes;AVIBASE-152E11D2;4;2;2;0;4;15;8,2;6;4;18,9;63,8;9,4;54,4;14,8;54,5;17,0;Dunning;NA;NO;NA;NA;Forest;1;1;Carnivore;Invertivore;Insessorial;-17,73;8,46;-3,44;-63,77;5871080,89
Touit_dilectissimus;Touit_dilectissimus;Psittacidae;Psittaciformes;AVIBASE-D8C977FC;3;1;2;0;3;20,2;17;8,7;11,1;11,2;109;45,8;63,2;42;43,3;65,0;Dunning;NA;NO;NA;NA;Forest;1;1;Herbivore;Frugivore;Insessorial;-3,65;11;3,24;-77,34;132570,47
Troglodytes_aedon;Troglodytes_aedon;Troglodytidae;Passeriformes;AVIBASE-7B6E99A9;104;12;20;72;26;15,9;9,8;3;3,1;20,1;51,4;6,7;44,9;12,9;41,1;10,9;Dunning;NA;NO;NA;NA;Shrubland;3;1;Carnivore;Invertivore;Insessorial;-55,72;59,66;4,96;-75,18;25653883,47
Trogon_chionurus;Trogon_chionurus;Trogonidae;Trogoniformes;AVIBASE-D2C4BCF9;5;2;3;0;4;24,1;14,6;10,9;10,8;14,9;135,2;46,9;85,9;35,3;145;89,7;Dunning;NA;NO;NA;NA;Forest;1;1;Herbivore;Frugivore;Insessorial;-2,75;9,63;5,44;-77,15;242213,58
Trogon_collaris;Trogon_collaris;Trogonidae;Trogoniformes;AVIBASE-A1458984;19;8;11;0;8;20,3;11,2;8,2;9,1;13,4;121,2;46,3;74,2;38,4;132,7;65,4;Dunning;NA;NO;NA;NA;Forest;1;1;Omnivore;Invertivore;Insessorial;-23,01;21,71;-2;-66,62;6799060,77
Trogon_comptus;Trogon_comptus;Trogonidae;Trogoniformes;AVIBASE-8E5824B0;4;2;2;0;4;25,2;16,2;9,8;13,4;14,8;153,6;51,4;102,2;33,4;151;114,0;Dunning;NA;NO;NA;NA;Forest;1;1;Omnivore;Omnivore;Insessorial;-0,29;7,25;3,56;-77,65;79435,54
Trogon_massena;Trogon_massena;Trogonidae;Trogoniformes;AVIBASE-E676EACD;4;2;2;0;4;28,1;17,4;13,2;13,7;17,2;174;62,8;111,2;36,1;154,1;141,0;Dunning;NA;NO;NA;NA;Forest;1;1;Herbivore;Frugivore;Insessorial;0,91;19,1;13,38;-86,29;493358,7
Trogon_rufus;Trogon_rufus;Trogonidae;Trogoniformes;AVIBASE-EB24DFEE;22;10;12;0;8;19,9;11,7;8,9;9,8;13,1;113,1;42,8;70,3;37,9;130,9;53,8;Dunning;NA;NO;NA;NA;Forest;1;1;Omnivore;Omnivore;Insessorial;-29,64;16,03;-5,73;-61,12;6666233,02
Trogon_violaceus;Trogon_caligatus;Trogonidae;Trogoniformes;AVIBASE-2123574A;28;11;16;1;14;19;11,5;9,2;8,9;12,1;117,1;42,6;72,3;37,1;111,3;46,5;Dunning;NA;NO;NA;NA;Forest;1;1;Herbivore;Frugivore;Insessorial;-15,61;22,29;-0,57;-66,12;7284998,29
Tunchiornis_ochraceiceps;Hylophilus_ochraceiceps;Vireonidae;Passeriformes;AVIBASE-F57C6C31;44;15;18;11;10;15,6;8,7;3,6;4,2;16,8;57,1;7,5;49,5;13,2;43,9;11,6;Dunning;NA;NO;NA;NA;Forest;1;1;Carnivore;Invertivore;Insessorial;-17,7;21,31;-2,13;-67,87;4780072,08
Turdus_assimilis;Turdus_assimilis;Turdidae;Passeriformes;AVIBASE-0A8145AC;20;9;10;1;4;24,7;13,4;4,9;6,3;30,1;120,5;28,6;92,8;23,6;96,8;70,2;Dunning;NA;NO;NA;NA;Forest;1;1;Omnivore;Invertivore;Generalist;7,24;28,86;17,54;-94,74;548279,87
Turdus_maculirostris;Turdus_maculirostris;Turdidae;Passeriformes;AVIBASE-CA2946CA;9;4;4;1;4;22,5;13,3;4,9;6,1;30,3;112,6;20,6;93,4;18;97,7;69,6;Dunning;NA;NO;NA;NA;Forest;2;1;Omnivore;Omnivore;Insessorial;-4,56;1,21;-1,23;-79,71;88017,54
Turdus_obsoletus;Turdus_obsoletus;Turdidae;Passeriformes;AVIBASE-E124336D;7;4;3;0;7;22,2;13;5;6,5;28,4;116;27,6;88,4;23,8;86,1;74,8;Dunning;NA;NO;NA;NA;Forest;1;1;Omnivore;Omnivore;Insessorial;-3,67;10,92;5,29;-77,45;166820,11
Tyrannulus_elatus;Tyrannulus_elatus;Tyrannidae;Passeriformes;AVIBASE-C28307D6;8;2;3;3;4;8,3;5;3,2;3,1;13,7;48,2;8,7;36,9;19,2;40,7;7,0;Dunning;NA;NO;NA;NA;Shrubland;2;1;Omnivore;Invertivore;Insessorial;-16,94;11,42;-1,95;-64,64;6406376,29
Tyrannus_melancholicus;Tyrannus_melancholicus;Tyrannidae;Passeriformes;AVIBASE-BB6B236F;55;15;13;27;4;23,5;17,4;9,7;7,4;18,7;108,8;25,5;81,6;23,7;91,9;37,4;Dunning;NA;NO;NA;NA;Human Modified;3;1;Carnivore;Invertivore;Insessorial;-41,17;33,3;-8,87;-62,17;16505803,88
Tyrannus_niveigularis;Tyrannus_niveigularis;Tyrannidae;Passeriformes;AVIBASE-B826FFA5;8;3;5;0;4;21,1;14,6;8,9;6,8;17,6;103,4;26,7;76,3;26,4;85,5;34,4;Dunning;NA;NO;NA;NA;Shrubland;2;2;Omnivore;Invertivore;Insessorial;-9,71;0,04;-3,89;-80,17;88235,75
Vanellus_chilensis;Vanellus_chilensis;Charadriidae;Charadriiformes;AVIBASE-AE459A9B;16;5;8;3;4;35,1;19,2;6,4;7,1;74,6;226;72,7;153,7;31;101,3;327,0;Dunning;NA;NO;NA;NA;Grassland;3;1;Carnivore;Omnivore;Terrestrial;-55,98;14,75;-16,84;-58,64;13321164,29
Veniliornis_callonotus;Veniliornis_callonotus;Picidae;Piciformes;AVIBASE-3AA3F6E4;5;2;3;0;4;18;13;5,1;5,2;15,2;74;11,7;63,3;15,6;49,2;26,5;Dunning;NA;NO;NA;NA;Shrubland;2;1;Carnivore;Invertivore;Insessorial;-7,96;1,85;-3,22;-79,9;136187,78
Veniliornis_kirkii;Veniliornis_kirkii;Picidae;Piciformes;AVIBASE-CB586CF6;7;4;3;0;4;20,9;16,2;5,3;5,9;16,5;86,1;15,4;72,8;17,5;58,5;28,8;Dunning;NA;NO;NA;NA;Forest;2;1;Carnivore;Invertivore;Insessorial;-4,14;11,39;7,14;-73,06;705329,29
Vireo_olivaceus;Vireo_olivaceus;Vireonidae;Passeriformes;AVIBASE-847717E2;31;7;9;15;8;16,4;9,6;4,3;4,4;19,5;77,5;23,6;55,6;29,8;52,7;16,1;Dunning;NA;NO;NA;NA;Forest;1;3;Omnivore;Invertivore;Insessorial;25,72;66,32;45,77;-96,24;8742854,76
Vireolanius_leucotis;Vireolanius_leucotis;Vireonidae;Passeriformes;AVIBASE-BD625B2B;15;3;10;2;4;19,6;11;5,7;6,5;21,5;70,3;11,3;59,0;16;48,6;26,0;Dunning;NA;NO;NA;NA;Forest;1;1;Carnivore;Invertivore;Insessorial;-17,99;8,63;-3,59;-61,96;4216599,52
Volatinia_jacarina;Volatinia_jacarina;Thraupidae;Passeriformes;AVIBASE-C50D59CF;159;61;80;18;4;10,4;7,1;4,3;5,6;16,8;47,8;7,1;43,2;14,1;42,8;9,9;Dunning;NA;NO;NA;NA;Human Modified;3;1;Herbivore;Granivore;Terrestrial;-34,7;28,32;-7,41;-61,58;15248241,41
Xenerpestes_minlosi;Xenerpestes_minlosi;Furnariidae;Passeriformes;AVIBASE-6B5A5143;4;3;1;0;2;13,5;8,5;3,3;3,6;14,6;54,3;10,9;43,4;20;49;11,0;Dunning;NA;NO;NA;NA;Forest;1;1;Carnivore;Invertivore;Insessorial;-0,15;9,13;6,95;-76,01;108320,34
Xenops_minutus;Xenops_minutus;Furnariidae;Passeriformes;AVIBASE-4271791D;3;0;1;2;0;13,1;8,6;2,8;4,2;13,5;55,7;10,7;44,8;19,2;43,6;10,6;Dunning;NA;NO;NA;NA;Forest;1;1;Carnivore;Invertivore;Insessorial;-27,53;-10,49;-21,46;-46,71;945529,29
Xenops_rutilus;Xenops_rutilans;Furnariidae;Passeriformes;AVIBASE-D55A3901;20;5;13;2;4;13,3;9,3;2,9;4,5;14,3;65,8;15,5;50,4;23,5;49;11,2;Dunning;NA;NO;NA;NA;Forest;1;1;Carnivore;Invertivore;Insessorial;-30,64;11,58;-13,23;-54,69;6929954,15
Xiphorhynchus_erythropygius;Xiphorhynchus_erythropygius;Furnariidae;Passeriformes;AVIBASE-22A3742F;5;2;3;0;4;34,8;25,2;5,4;7,1;23,2;115,6;25,4;90,2;22;108,1;46,8;Dunning;NA;NO;NA;NA;Forest;1;1;Carnivore;Invertivore;Insessorial;12,39;21,53;15,67;-90,26;175302,58
Xiphorhynchus_lachrymosus;Xiphorhynchus_lachrymosus;Furnariidae;Passeriformes;AVIBASE-B5C72DF0;9;2;7;0;4;38,8;28,4;6,1;8,6;22,9;120,6;28,5;93,3;23,4;110,2;56,4;Dunning;NA;NO;NA;NA;Forest;1;1;Carnivore;Invertivore;Insessorial;-0,07;13,16;7,18;-78,45;271654,21
Zimmerius_albigularis;Zimmerius_albigularis;Tyrannidae;Passeriformes;AVIBASE-23DF2A07;4;2;2;0;4;9;5;3,2;3,1;14,6;49,6;7,2;42,4;14,6;44,5;10,4;Dunning;NA;NO;NA;NA;Forest;1;1;Carnivore;Invertivore;Insessorial;-2,14;1,77;-0,27;-79,35;72300,96
Zimmerius_chrysops;Zimmerius_chrysops;Tyrannidae;Passeriformes;AVIBASE-102A6B97;85;6;13;66;6;9,2;5,5;3,8;3,3;17;52,8;6,4;43,3;13,1;45,7;10,4;Dunning;NA;NO;NA;NA;Forest;1;1;Carnivore;Invertivore;Insessorial;-8,42;11,31;2,97;-75,13;387308,82
Zonotrichia_capensis;Zonotrichia_capensis;Passerellidae;Passeriformes;AVIBASE-A7280FF0;169;24;59;86;22;13,6;8,7;5,3;6,5;23,8;63,9;11,4;56,8;16,8;59,4;20,3;Dunning;NA;NO;NA;NA;Shrubland;3;1;Herbivore;Omnivore;Generalist;-55,72;19,19;-19,35;-58,42;12703362,39
