"SoundIndices";"Diversity";"Estimates";"pValue";"SignificanceCode";"Rsquared";"Ftest"
"Int";"TD_q0";0,20057314149255;1;" ";0,227890833426367;131,380265408671
"dis_AcousticDiversity_s";"TD_q0";0,0141239550022834;0,663;" ";0,227890833426367;131,380265408671
"dis_AcousticEveness_s";"TD_q0";0,016259573163479;0,595;" ";0,227890833426367;131,380265408671
"dis_BioAcoustic_s";"TD_q0";0,0350802976988658;0,001;"***";0,227890833426367;131,380265408671
"dis_SoundscapeSaturation_s";"TD_q0";-0,0254511854700788;0,025;"*";0,227890833426367;131,380265408671
"dis_EntropyOfVarianceSpectrum_s";"TD_q0";0,0170508141344798;0,068;".";0,227890833426367;131,380265408671
"dis_AcousticComplexity_s";"TD_q0";0,0836529946653723;0,001;"***";0,227890833426367;131,380265408671
"dis_TemporalEntropy_s";"TD_q0";0,0312395378884362;0,001;"***";0,227890833426367;131,380265408671
"dis_EventsPerSecond_s";"TD_q0";0,03087091515734;0,003;"**";0,227890833426367;131,380265408671
"Int";"TD_q1";0,291363760829712;1;" ";0,230215106113315;133,120953557935
"dis_AcousticDiversity_s";"TD_q1";0,0116336688378919;0,698;" ";0,230215106113315;133,120953557935
"dis_AcousticEveness_s";"TD_q1";0,0201248457075499;0,435;" ";0,230215106113315;133,120953557935
"dis_BioAcoustic_s";"TD_q1";0,0327139276852471;0,002;"**";0,230215106113315;133,120953557935
"dis_SoundscapeSaturation_s";"TD_q1";-0,0260625016900979;0,014;"*";0,230215106113315;133,120953557935
"dis_EntropyOfVarianceSpectrum_s";"TD_q1";0,020653887817982;0,014;"*";0,230215106113315;133,120953557935
"dis_AcousticComplexity_s";"TD_q1";0,0820054130072979;0,001;"***";0,230215106113315;133,120953557935
"dis_TemporalEntropy_s";"TD_q1";0,0331797069271463;0,001;"***";0,230215106113315;133,120953557935
"dis_EventsPerSecond_s";"TD_q1";0,0324736470623617;0,001;"***";0,230215106113315;133,120953557935
"Int";"TD_q2";0,391418789006229;1;" ";0,215895960730409;122,561145852077
"dis_AcousticDiversity_s";"TD_q2";0,00846247164213015;0,712;" ";0,215895960730409;122,561145852077
"dis_AcousticEveness_s";"TD_q2";0,0249424582915022;0,272;" ";0,215895960730409;122,561145852077
"dis_BioAcoustic_s";"TD_q2";0,0296890606739224;0,001;"***";0,215895960730409;122,561145852077
"dis_SoundscapeSaturation_s";"TD_q2";-0,0265615736456402;0,005;"**";0,215895960730409;122,561145852077
"dis_EntropyOfVarianceSpectrum_s";"TD_q2";0,0233556102285014;0,005;"**";0,215895960730409;122,561145852077
"dis_AcousticComplexity_s";"TD_q2";0,0752500315749353;0,001;"***";0,215895960730409;122,561145852077
"dis_TemporalEntropy_s";"TD_q2";0,0359247287913692;0,001;"***";0,215895960730409;122,561145852077
"dis_EventsPerSecond_s";"TD_q2";0,0321696998917214;0,001;"***";0,215895960730409;122,561145852077
"Int";"FD_q0";0,0112780912753864;1;" ";0,260447669826533;156,759385781859
"dis_AcousticDiversity_s";"FD_q0";0,0077251513572426;0,201;" ";0,260447669826533;156,759385781859
"dis_AcousticEveness_s";"FD_q0";-0,00228154909384603;0,681;" ";0,260447669826533;156,759385781859
"dis_BioAcoustic_s";"FD_q0";0,00466307336142169;0,005;"**";0,260447669826533;156,759385781859
"dis_SoundscapeSaturation_s";"FD_q0";-0,00503046844729352;0,03;"*";0,260447669826533;156,759385781859
"dis_EntropyOfVarianceSpectrum_s";"FD_q0";0,0026243935918423;0,177;" ";0,260447669826533;156,759385781859
"dis_AcousticComplexity_s";"FD_q0";0,0168112688627106;0,001;"***";0,260447669826533;156,759385781859
"dis_TemporalEntropy_s";"FD_q0";0,00541802649847716;0,012;"*";0,260447669826533;156,759385781859
"dis_EventsPerSecond_s";"FD_q0";0,00573297866365989;0,002;"**";0,260447669826533;156,759385781859
"Int";"FD_q1";0,028335186215062;1;" ";0,140050714445324;72,4927333677183
"dis_AcousticDiversity_s";"FD_q1";0,0170162020635939;0,42;" ";0,140050714445324;72,4927333677183
"dis_AcousticEveness_s";"FD_q1";0,00554596316136229;0,793;" ";0,140050714445324;72,4927333677183
"dis_BioAcoustic_s";"FD_q1";-0,0026433677922072;0,615;" ";0,140050714445324;72,4927333677183
"dis_SoundscapeSaturation_s";"FD_q1";0,00118463169966386;0,896;" ";0,140050714445324;72,4927333677183
"dis_EntropyOfVarianceSpectrum_s";"FD_q1";0,00694559716199174;0,339;" ";0,140050714445324;72,4927333677183
"dis_AcousticComplexity_s";"FD_q1";0,0289994593511095;0,006;"**";0,140050714445324;72,4927333677183
"dis_TemporalEntropy_s";"FD_q1";0,0190365979025994;0,021;"*";0,140050714445324;72,4927333677183
"dis_EventsPerSecond_s";"FD_q1";0,0188844310632491;0,017;"*";0,140050714445324;72,4927333677183
"Int";"FD_q2";0,0775884556277657;1;" ";0,11402965854793;57,2902380433616
"dis_AcousticDiversity_s";"FD_q2";0,0239289133139522;0,443;" ";0,11402965854793;57,2902380433616
"dis_AcousticEveness_s";"FD_q2";0,00698735440253105;0,808;" ";0,11402965854793;57,2902380433616
"dis_BioAcoustic_s";"FD_q2";-0,00647700041865241;0,44;" ";0,11402965854793;57,2902380433616
"dis_SoundscapeSaturation_s";"FD_q2";0,00280773048396936;0,827;" ";0,11402965854793;57,2902380433616
"dis_EntropyOfVarianceSpectrum_s";"FD_q2";0,0133291119931653;0,244;" ";0,11402965854793;57,2902380433616
"dis_AcousticComplexity_s";"FD_q2";0,0375657591201854;0,013;"*";0,11402965854793;57,2902380433616
"dis_TemporalEntropy_s";"FD_q2";0,0295028458712526;0,018;"*";0,11402965854793;57,2902380433616
"dis_EventsPerSecond_s";"FD_q2";0,026768226897775;0,025;"*";0,11402965854793;57,2902380433616
"Int";"PD_q0";0,125249202188149;1;" ";0,236038895237117;137,52900846311
"dis_AcousticDiversity_s";"PD_q0";0,0112217808305877;0,654;" ";0,236038895237117;137,52900846311
"dis_AcousticEveness_s";"PD_q0";0,0124297346787877;0,578;" ";0,236038895237117;137,52900846311
"dis_BioAcoustic_s";"PD_q0";0,0230744110707117;0,001;"***";0,236038895237117;137,52900846311
"dis_SoundscapeSaturation_s";"PD_q0";-0,014532614854971;0,09;".";0,236038895237117;137,52900846311
"dis_EntropyOfVarianceSpectrum_s";"PD_q0";0,00705814458675949;0,326;" ";0,236038895237117;137,52900846311
"dis_AcousticComplexity_s";"PD_q0";0,0560457376974007;0,001;"***";0,236038895237117;137,52900846311
"dis_TemporalEntropy_s";"PD_q0";0,0229549148679503;0,005;"**";0,236038895237117;137,52900846311
"dis_EventsPerSecond_s";"PD_q0";0,0185266972987188;0,012;"*";0,236038895237117;137,52900846311
"Int";"PD_q1";0,0844394887319204;1;" ";0,158327167756411;83,7325120257372
"dis_AcousticDiversity_s";"PD_q1";0,0108783278920223;0,601;" ";0,158327167756411;83,7325120257372
"dis_AcousticEveness_s";"PD_q1";0,0124929077443738;0,517;" ";0,158327167756411;83,7325120257372
"dis_BioAcoustic_s";"PD_q1";0,00381572816999694;0,497;" ";0,158327167756411;83,7325120257372
"dis_SoundscapeSaturation_s";"PD_q1";-0,0012449884649351;0,893;" ";0,158327167756411;83,7325120257372
"dis_EntropyOfVarianceSpectrum_s";"PD_q1";0,00796608565008352;0,281;" ";0,158327167756411;83,7325120257372
"dis_AcousticComplexity_s";"PD_q1";0,0339757715518676;0,003;"**";0,158327167756411;83,7325120257372
"dis_TemporalEntropy_s";"PD_q1";0,0213773254111954;0,021;"*";0,158327167756411;83,7325120257372
"dis_EventsPerSecond_s";"PD_q1";0,0215112290450881;0,005;"**";0,158327167756411;83,7325120257372
"Int";"PD_q2";0,0672170538293712;1;" ";0,0919733741755077;45,0863961645392
"dis_AcousticDiversity_s";"PD_q2";0,0236895465412616;0,449;" ";0,0919733741755077;45,0863961645392
"dis_AcousticEveness_s";"PD_q2";0,00476507306541769;0,88;" ";0,0919733741755077;45,0863961645392
"dis_BioAcoustic_s";"PD_q2";-0,0122330823450552;0,165;" ";0,0919733741755077;45,0863961645392
"dis_SoundscapeSaturation_s";"PD_q2";0,00607906769013924;0,648;" ";0,0919733741755077;45,0863961645392
"dis_EntropyOfVarianceSpectrum_s";"PD_q2";0,0131248461275287;0,275;" ";0,0919733741755077;45,0863961645392
"dis_AcousticComplexity_s";"PD_q2";0,028398903891122;0,039;"*";0,0919733741755077;45,0863961645392
"dis_TemporalEntropy_s";"PD_q2";0,0271249995887557;0,031;"*";0,0919733741755077;45,0863961645392
"dis_EventsPerSecond_s";"PD_q2";0,0293352924579155;0,02;"*";0,0919733741755077;45,0863961645392
