Name Phylogeny Latin;Hand-WingIndex;Mass;Habitat;TrophicNiche;RangeSize
Mionectes_olivaceus;17;15,3;Shrubland;Frugivore;10,97
Euphonia_fulvicrissa;20,2;11;Forest;Frugivore;198414,88
Dacnis_lineata;25,6;11;Forest;Frugivore;6051189,29
Mionectes_oleagineus;17,1;11,2;Forest;Frugivore;8947569,12
Dacnis_berlepschi;19,1;12,8;Forest;Frugivore;11710,39
Euphonia_xanthogaster;22,4;13;Forest;Frugivore;3715684,5
Dacnis_cayana;24,7;13;Forest;Frugivore;12058770,43
Euphonia_saturata;22,2;13,3;Forest;Frugivore;95078,53
Euphonia_laniirostris;23,4;15;Forest;Frugivore;4464958,75
Manacus_manacus;15,9;16,7;Forest;Frugivore;7524946,19
Tangara_cyanicollis;21,9;17;Forest;Frugivore;1248379,88
Chlorophanes_spiza;24,7;19;Forest;Frugivore;7921066,07
Tangara_larvata;21,4;20;Forest;Frugivore;480330,12
Tangara_johannae;24,2;20;Forest;Frugivore;69226,47
Tangara_gyrola;21,1;21;Forest;Frugivore;4181131,62
Tangara_icterocephala;21,9;22;Forest;Frugivore;75164
Legatus_leucophaius;25,5;22,2;Forest;Frugivore;11371457,31
Tersina_viridis;29,1;29;Forest;Frugivore;8757523,61
Tangara_palmeri;21,3;32,3;Forest;Frugivore;44181,15
Ramphocelus_flammigerus;15,1;33;Forest;Frugivore;31694,68
Eubucco_bourcierii;14,8;37;Forest;Frugivore;234502,7
Tityra_inquisitor;26,5;43,1;Forest;Frugivore;11190798,84
Trogon_caligatus;37,1;46,5;Forest;Frugivore;7284998,29
Saltator_atripennis;12,8;55;Forest;Frugivore;110254,94
Capito_squamatus;19,4;59,3;Forest;Frugivore;63414,19
Pyrrhura_melanura;42;70,5;Forest;Frugivore;1490802,93
Tityra_semifasciata;24,8;79,3;Forest;Frugivore;6821138,58
Trogon_chionurus;35,3;89,7;Forest;Frugivore;242213,58
Pyrilia_pulchra;36,5;150;Forest;Frugivore;92646,19
Patagioenas_subvinacea;34,3;162,5;Forest;Frugivore;6899058,97
Patagioenas_goodsoni;34,2;176;Forest;Frugivore;87027,2
Pionus_chalcopterus;31,1;210;Forest;Frugivore;158502,65
Pteroglossus_torquatus;15,7;219,1;Forest;Frugivore;1002342,51
Patagioenas_cayennensis;35,1;229;Forest;Frugivore;13517479,29
Ramphastos_brevis;14,3;412;Forest;Frugivore;105684,5
Amazona_autumnalis;31;416;Forest;Frugivore;902004,22
Ortalis_erythroptera;12,3;632;Forest;Frugivore;74565,61
Ramphastos_ambiguus;10,1;651,7;Forest;Frugivore;597500,16
Saltator_maximus;16,9;47,6;Shrubland;Frugivore;9544602,66
Carduelis_xanthogastra;29,1;12,7;Forest;Granivore;161327,43
Claravis_pretiosa;26,7;68,2;Forest;Granivore;12977823,95
Leptotila_pallida;25,1;122,8;Forest;Granivore;117295,45
Ara_ambiguus;39,2;1300;Forest;Granivore;108291,56
Tiaris_olivaceus;18,9;8,5;Human Modified;Granivore;966505,17
Volatinia_jacarina;14,1;9,9;Human Modified;Granivore;15248241,41
Sporophila_corvina;17,8;10,6;Human Modified;Granivore;242707,87
Oryzoborus_funereus;15,4;13;Human Modified;Granivore;730927,96
Passer_domesticus;27,3;26,5;Human Modified;Granivore;34407867,59
Sporophila_nigricollis;14,7;9,6;Shrubland;Granivore;7194514,7
Tiaris_obscurus;14,7;11,2;Shrubland;Granivore;1000344,6
Leptotila_verreauxi;22,1;146,9;Shrubland;Granivore;15542979,81
Columbina_buckleyi;22,2;57,5;Woodland;Granivore;82687,64
Myiornis_atricapillus;14,9;5,7;Forest;Invertivore;184278,95
Todirostrum_nigriceps;16,4;6,5;Forest;Invertivore;401251,44
Ornithion_brunneicapillus;12,6;7,1;Forest;Invertivore;282994,63
Phyllomyias_griseiceps;18;7,2;Forest;Invertivore;707633,09
Lophotriccus_pileatus;15,7;7,5;Forest;Invertivore;475468,12
Microrhopias_quixensis;17,8;7,9;Forest;Invertivore;4104536,42
Hylophilus_decurtatus;12,8;8,5;Forest;Invertivore;856443,06
Mitrephanes_phaeocercus;25,3;8,6;Forest;Invertivore;599510,84
Platyrinchus_mystaceus;15,5;9,7;Forest;Invertivore;5068143,97
Myiotriccus_ornatus;19,8;9,9;Forest;Invertivore;149294,03
Zimmerius_albigularis;14,6;10,4;Forest;Invertivore;72300,96
Myiopagis_caniceps;18,7;10,5;Forest;Invertivore;2653719,82
Picumnus_olivaceus;15,5;10,6;Forest;Invertivore;493974,89
Neochelidon_tibialis;43,1;10,6;Forest;Invertivore;4182240,09
Myiopagis_viridicata;19;11,5;Forest;Invertivore;7389845,28
Empidonax_virescens;27,5;12,6;Forest;Invertivore;3006134,68
Tachyphonus_luctuosus;17,6;13;Forest;Invertivore;7144190,04
Contopus_sordidulus;33,5;13,1;Forest;Invertivore;6939803,44
Henicorhina_leucosticta;9,9;14,2;Forest;Invertivore;2745877,94
Glyphorynchus_spirurus;23,9;14,6;Forest;Invertivore;7368285,07
Phaeothlypis_fulvicauda;15,3;14,9;Forest;Invertivore;2473113,96
Cercomacra_tyrannina;9,3;16,3;Forest;Invertivore;3170819,2
Myiarchus_tuberculifer;18,8;17,7;Forest;Invertivore;10588401,3
Microcerculus_marginatus;11,6;18,2;Forest;Invertivore;4781168,47
Colonia_colonus;18,9;18,3;Forest;Invertivore;6767109,68
Thryothorus_leucopogon;11,5;19,1;Forest;Invertivore;140102,27
Pachyramphus_cinnamomeus;20,7;20,3;Forest;Invertivore;701563,57
Thamnophilus_atrinucha;9,2;23,6;Forest;Invertivore;583507,07
Thryothorus_nigricapillus;9,8;23,9;Forest;Invertivore;300564,01
Vireolanius_leucotis;16;26;Forest;Invertivore;4216599,52
Myrmeciza_exsul;7,3;26,5;Forest;Invertivore;160398,77
Galbula_ruficauda;21,1;26,5;Forest;Invertivore;7606947,12
Notharchus_tectus;27,2;26,8;Forest;Invertivore;5067701,36
Veniliornis_kirkii;17,5;28,8;Forest;Invertivore;705329,29
Piranga_rubra;29,2;29,1;Forest;Invertivore;3269576,69
Myiozetetes_granadensis;16,2;29,3;Forest;Invertivore;3322072,64
Catharus_ustulatus;30,6;30,3;Forest;Invertivore;489246,29
Campylorhynchus_zonatus;12,6;34,6;Forest;Invertivore;552668,86
Dendrocincla_fuliginosa;18,3;38,7;Forest;Invertivore;8483632,64
Attila_spadiceus;14,8;39,1;Forest;Invertivore;8099963,72
Automolus_ochrolaemus;17,4;40,2;Forest;Invertivore;6428902,26
Campylorhamphus_trochilirostris;15,1;40,8;Forest;Invertivore;7392722,43
Hylopezus_perspicillatus;15,3;43;Forest;Invertivore;279909,57
Xiphorhynchus_erythropygius;22;46,8;Forest;Invertivore;175302,58
Myrmeciza_immaculata;6,5;47,1;Forest;Invertivore;163041,74
Colaptes_rubiginosus;24,1;55,8;Forest;Invertivore;2243128,49
Formicarius_nigricapillus;12,6;56,2;Forest;Invertivore;108463,37
Xiphorhynchus_lachrymosus;23,4;56,4;Forest;Invertivore;271654,21
Taraba_major;5,2;59,2;Forest;Invertivore;12899627,84
Nystalus_radiatus;22,8;61;Forest;Invertivore;236336,29
Cacicus_uropygialis;23;61,2;Forest;Invertivore;137670,6
Melanerpes_pucherani;25,3;62,4;Forest;Invertivore;486437,57
Trogon_collaris;38,4;65,4;Forest;Invertivore;6799060,77
Amblycercus_holosericeus;10,6;70,4;Forest;Invertivore;1152587,02
Electron_platyrhynchum;17,7;73;Forest;Invertivore;2864115,61
Celeus_loricatus;23,7;76,6;Forest;Invertivore;297945,59
Dryocopus_lineatus;21,7;183,2;Forest;Invertivore;13770543,52
Pygochelidon_cyanoleuca;47,6;9,7;Human Modified;Invertivore;10370376,43
Tyrannus_melancholicus;23,7;37,4;Human Modified;Invertivore;16505803,88
Todirostrum_cinereum;15;6,3;Shrubland;Invertivore;8243668,88
Polioptila_plumbea;12,3;6,4;Shrubland;Invertivore;7562341,5
Tyrannulus_elatus;19,2;7;Shrubland;Invertivore;6406376,29
Camptostoma_obsoletum;16,5;8,1;Shrubland;Invertivore;14428561,74
Myiophobus_fasciatus;18,7;9,9;Shrubland;Invertivore;10017556,29
Myrmotherula_pacifica;10,7;10,1;Shrubland;Invertivore;236644,01
Troglodytes_aedon;12,9;10,9;Shrubland;Invertivore;25653883,47
Stelgidopteryx_ruficollis;51,6;16,1;Shrubland;Invertivore;13831495,26
Geothlypis_semiflava;13,5;17,2;Shrubland;Invertivore;115622,87
Synallaxis_brachyura;12,6;18,3;Shrubland;Invertivore;403853,13
Myiozetetes_cayanensis;15,4;25,9;Shrubland;Invertivore;7536061,77
Veniliornis_callonotus;15,6;26,5;Shrubland;Invertivore;136187,78
Myiozetetes_similis;16,4;28;Shrubland;Invertivore;10242322,01
Tachyphonus_rufus;16,2;34,4;Shrubland;Invertivore;5942265,97
Tyrannus_niveigularis;26,4;34,4;Shrubland;Invertivore;88235,75
Furnarius_leucopus;16,4;54,8;Shrubland;Invertivore;4783071,89
Fluvicola_nengeta;16,4;21;Wetland;Invertivore;3642098,17
Elaenia_flavogaster;16,4;24,8;Woodland;Invertivore;10327940,88
Lepidocolaptes_souleyetii;21,1;25,7;Woodland;Invertivore;1484080,31
Molothrus_bonariensis;27,3;41,5;Woodland;Invertivore;13210499,69
Nyctidromus_albicollis;35,8;57,8;Woodland;Invertivore;13748689,24
Megarynchus_pitangua;23,3;69,9;Woodland;Invertivore;13243099,5
Campephilus_gayaquilensis;22;241,2;Woodland;Invertivore;125111,24
Phaethornis_striigularis;66,2;3;Forest;Nectarivore;764879,78
Damophila_julie;30,4;3,3;Forest;Nectarivore;289656,61
Amazilia_rosenbergi;64,5;3,7;Forest;Nectarivore;67269,18
Amazilia_amabilis;64,2;4,3;Forest;Nectarivore;298612,12
Amazilia_tzacatl;61,7;4,8;Forest;Nectarivore;1019992,01
Amazilia_franciae;60,9;5;Forest;Nectarivore;247257,85
Threnetes_ruckeri;62;5,2;Forest;Nectarivore;482644,97
Phaethornis_yaruqui;63,5;5,4;Forest;Nectarivore;119931,58
Florisuga_mellivora;66,1;7,4;Forest;Nectarivore;8105538,69
Heliodoxa_jacula;64,1;8,1;Forest;Nectarivore;63656,63
Coereba_flaveola;19,2;10;Shrubland;Nectarivore;10806908,19
Cyanerpes_caeruleus;25,5;12;Forest;Omnivore;6673757,38
Thraupis_episcopus;22,8;35;Forest;Omnivore;7925679,12
Heterospingus_xanthopygius;20,3;38,8;Forest;Omnivore;153049,12
Thraupis_palmarum;21,9;39;Forest;Omnivore;12189499,37
Mitrospingus_cassinii;12,6;40,4;Forest;Omnivore;167653,28
Saltator_grossus;18,6;44,2;Forest;Omnivore;6243128,13
Trogon_rufus;37,9;53,8;Forest;Omnivore;6666233,02
Turdus_maculirostris;18;69,6;Forest;Omnivore;88017,54
Trogon_comptus;33,4;114;Forest;Omnivore;79435,54
Geotrygon_saphirina;26,3;129;Forest;Omnivore;57184,69
Geotrygon_veraguensis;27,1;155;Forest;Omnivore;127743,93
Psarocolius_wagleri;28,5;155,5;Forest;Omnivore;481772,49
Baryphthengus_martii;16,1;165;Forest;Omnivore;3234290,46
Crypturellus_soui;25,4;216,2;Forest;Omnivore;11151222,76
Pionus_menstruus;34;251;Forest;Omnivore;8375262,88
Odontophorus_erythrops;27;335;Forest;Omnivore;164035,67
Leptodon_cayanensis;18,8;474;Forest;Omnivore;12071802,08
Amazona_farinosa;27,9;626;Forest;Omnivore;6793599,57
Tinamus_major;20,9;1026,2;Forest;Omnivore;7672718,39
Crotophaga_ani;24,8;110,1;Human Modified;Omnivore;14110810,9
Forpus_coelestis;34,5;26,1;Shrubland;Omnivore;147204,19
Glaucidium_peruanum;19,9;62,4;Shrubland;Omnivore;334618,81
Dives_warszewiczi;12;73,3;Shrubland;Omnivore;238870,26
Laterallus_albigularis;16,6;47,3;Wetland;Omnivore;484181,36
Coragyps_atratus;14,3;1881,7;Human Modified;Scavenger;21173636,93
Falco_rufigularis;40,3;163,6;Forest;Vertivore;13377698,05
Buteo_magnirostris;28;269;Forest;Vertivore;15043360,16
Strix_virgata;20,8;284;Forest;Vertivore;10135669,69
Buteo_nitidus;27,5;519;Forest;Vertivore;10412658,23
Herpetotheres_cachinnans;18,9;623,6;Forest;Vertivore;13330796,59
Spizaetus_ornatus;17,2;1197,4;Forest;Vertivore;9433721,9
Geranospiza_caerulescens;24,4;302,5;Woodland;Vertivore;14333669,12
